
 LIST ALL SELECTED NODES.   DSYS=      0
 SORT TABLE ON  NODE  NODE  NODE

    NODE        X             Y             Z           THXY     THYZ     THZX
        1   0.0000        0.0000        0.0000          0.00     0.00     0.00
        2  0.25000E-001   0.0000        0.0000          0.00     0.00     0.00
        3  0.50000E-001   0.0000        0.0000          0.00     0.00     0.00
        4  0.75000E-001   0.0000        0.0000          0.00     0.00     0.00
        5  0.10000        0.0000        0.0000          0.00     0.00     0.00
        6  0.12500        0.0000        0.0000          0.00     0.00     0.00
        7  0.15000        0.0000        0.0000          0.00     0.00     0.00
        8  0.17500        0.0000        0.0000          0.00     0.00     0.00
        9  0.20000        0.0000        0.0000          0.00     0.00     0.00
       10  0.22500        0.0000        0.0000          0.00     0.00     0.00
       11  0.25000        0.0000        0.0000          0.00     0.00     0.00
       12  0.27500        0.0000        0.0000          0.00     0.00     0.00
       13  0.30000        0.0000        0.0000          0.00     0.00     0.00
       14  0.32500        0.0000        0.0000          0.00     0.00     0.00
       15  0.35000        0.0000        0.0000          0.00     0.00     0.00
       16  0.37500        0.0000        0.0000          0.00     0.00     0.00
       17  0.40000        0.0000        0.0000          0.00     0.00     0.00
       18  0.42500        0.0000        0.0000          0.00     0.00     0.00
       19  0.45000        0.0000        0.0000          0.00     0.00     0.00
       20  0.47500        0.0000        0.0000          0.00     0.00     0.00

    NODE        X             Y             Z           THXY     THYZ     THZX
       21  0.50000        0.0000        0.0000          0.00     0.00     0.00
       22  0.52500        0.0000        0.0000          0.00     0.00     0.00
       23  0.55000        0.0000        0.0000          0.00     0.00     0.00
       24  0.57500        0.0000        0.0000          0.00     0.00     0.00
       25  0.60000        0.0000        0.0000          0.00     0.00     0.00
       26  0.62500        0.0000        0.0000          0.00     0.00     0.00
       27  0.65000        0.0000        0.0000          0.00     0.00     0.00
       28  0.67500        0.0000        0.0000          0.00     0.00     0.00
       29  0.70000        0.0000        0.0000          0.00     0.00     0.00
       30  0.72500        0.0000        0.0000          0.00     0.00     0.00
       31  0.75000        0.0000        0.0000          0.00     0.00     0.00
       32  0.77500        0.0000        0.0000          0.00     0.00     0.00
       33  0.80000        0.0000        0.0000          0.00     0.00     0.00
       34  0.82500        0.0000        0.0000          0.00     0.00     0.00
       35  0.85000        0.0000        0.0000          0.00     0.00     0.00
       36  0.87500        0.0000        0.0000          0.00     0.00     0.00
       37  0.90000        0.0000        0.0000          0.00     0.00     0.00
       38  0.92500        0.0000        0.0000          0.00     0.00     0.00
       39  0.95000        0.0000        0.0000          0.00     0.00     0.00
       40  0.97500        0.0000        0.0000          0.00     0.00     0.00

    NODE        X             Y             Z           THXY     THYZ     THZX
       41   1.0000        0.0000        0.0000          0.00     0.00     0.00
       42   0.0000       0.25000E-001   0.0000          0.00     0.00     0.00
       43  0.25000E-001  0.25000E-001   0.0000          0.00     0.00     0.00
       44  0.50000E-001  0.25000E-001   0.0000          0.00     0.00     0.00
       45  0.75000E-001  0.25000E-001   0.0000          0.00     0.00     0.00
       46  0.10000       0.25000E-001   0.0000          0.00     0.00     0.00
       47  0.12500       0.25000E-001   0.0000          0.00     0.00     0.00
       48  0.15000       0.25000E-001   0.0000          0.00     0.00     0.00
       49  0.17500       0.25000E-001   0.0000          0.00     0.00     0.00
       50  0.20000       0.25000E-001   0.0000          0.00     0.00     0.00
       51  0.22500       0.25000E-001   0.0000          0.00     0.00     0.00
       52  0.25000       0.25000E-001   0.0000          0.00     0.00     0.00
       53  0.27500       0.25000E-001   0.0000          0.00     0.00     0.00
       54  0.30000       0.25000E-001   0.0000          0.00     0.00     0.00
       55  0.32500       0.25000E-001   0.0000          0.00     0.00     0.00
       56  0.35000       0.25000E-001   0.0000          0.00     0.00     0.00
       57  0.37500       0.25000E-001   0.0000          0.00     0.00     0.00
       58  0.40000       0.25000E-001   0.0000          0.00     0.00     0.00
       59  0.42500       0.25000E-001   0.0000          0.00     0.00     0.00
       60  0.45000       0.25000E-001   0.0000          0.00     0.00     0.00

    NODE        X             Y             Z           THXY     THYZ     THZX
       61  0.47500       0.25000E-001   0.0000          0.00     0.00     0.00
       62  0.50000       0.25000E-001   0.0000          0.00     0.00     0.00
       63  0.52500       0.25000E-001   0.0000          0.00     0.00     0.00
       64  0.55000       0.25000E-001   0.0000          0.00     0.00     0.00
       65  0.57500       0.25000E-001   0.0000          0.00     0.00     0.00
       66  0.60000       0.25000E-001   0.0000          0.00     0.00     0.00
       67  0.62500       0.25000E-001   0.0000          0.00     0.00     0.00
       68  0.65000       0.25000E-001   0.0000          0.00     0.00     0.00
       69  0.67500       0.25000E-001   0.0000          0.00     0.00     0.00
       70  0.70000       0.25000E-001   0.0000          0.00     0.00     0.00
       71  0.72500       0.25000E-001   0.0000          0.00     0.00     0.00
       72  0.75000       0.25000E-001   0.0000          0.00     0.00     0.00
       73  0.77500       0.25000E-001   0.0000          0.00     0.00     0.00
       74  0.80000       0.25000E-001   0.0000          0.00     0.00     0.00
       75  0.82500       0.25000E-001   0.0000          0.00     0.00     0.00
       76  0.85000       0.25000E-001   0.0000          0.00     0.00     0.00
       77  0.87500       0.25000E-001   0.0000          0.00     0.00     0.00
       78  0.90000       0.25000E-001   0.0000          0.00     0.00     0.00
       79  0.92500       0.25000E-001   0.0000          0.00     0.00     0.00
       80  0.95000       0.25000E-001   0.0000          0.00     0.00     0.00

    NODE        X             Y             Z           THXY     THYZ     THZX
       81  0.97500       0.25000E-001   0.0000          0.00     0.00     0.00
       82   1.0000       0.25000E-001   0.0000          0.00     0.00     0.00
       83   0.0000       0.50000E-001   0.0000          0.00     0.00     0.00
       84  0.25000E-001  0.50000E-001   0.0000          0.00     0.00     0.00
       85  0.50000E-001  0.50000E-001   0.0000          0.00     0.00     0.00
       86  0.75000E-001  0.50000E-001   0.0000          0.00     0.00     0.00
       87  0.10000       0.50000E-001   0.0000          0.00     0.00     0.00
       88  0.12500       0.50000E-001   0.0000          0.00     0.00     0.00
       89  0.15000       0.50000E-001   0.0000          0.00     0.00     0.00
       90  0.17500       0.50000E-001   0.0000          0.00     0.00     0.00
       91  0.20000       0.50000E-001   0.0000          0.00     0.00     0.00
       92  0.22500       0.50000E-001   0.0000          0.00     0.00     0.00
       93  0.25000       0.50000E-001   0.0000          0.00     0.00     0.00
       94  0.27500       0.50000E-001   0.0000          0.00     0.00     0.00
       95  0.30000       0.50000E-001   0.0000          0.00     0.00     0.00
       96  0.32500       0.50000E-001   0.0000          0.00     0.00     0.00
       97  0.35000       0.50000E-001   0.0000          0.00     0.00     0.00
       98  0.37500       0.50000E-001   0.0000          0.00     0.00     0.00
       99  0.40000       0.50000E-001   0.0000          0.00     0.00     0.00
      100  0.42500       0.50000E-001   0.0000          0.00     0.00     0.00

    NODE        X             Y             Z           THXY     THYZ     THZX
      101  0.45000       0.50000E-001   0.0000          0.00     0.00     0.00
      102  0.47500       0.50000E-001   0.0000          0.00     0.00     0.00
      103  0.50000       0.50000E-001   0.0000          0.00     0.00     0.00
      104  0.52500       0.50000E-001   0.0000          0.00     0.00     0.00
      105  0.55000       0.50000E-001   0.0000          0.00     0.00     0.00
      106  0.57500       0.50000E-001   0.0000          0.00     0.00     0.00
      107  0.60000       0.50000E-001   0.0000          0.00     0.00     0.00
      108  0.62500       0.50000E-001   0.0000          0.00     0.00     0.00
      109  0.65000       0.50000E-001   0.0000          0.00     0.00     0.00
      110  0.67500       0.50000E-001   0.0000          0.00     0.00     0.00
      111  0.70000       0.50000E-001   0.0000          0.00     0.00     0.00
      112  0.72500       0.50000E-001   0.0000          0.00     0.00     0.00
      113  0.75000       0.50000E-001   0.0000          0.00     0.00     0.00
      114  0.77500       0.50000E-001   0.0000          0.00     0.00     0.00
      115  0.80000       0.50000E-001   0.0000          0.00     0.00     0.00
      116  0.82500       0.50000E-001   0.0000          0.00     0.00     0.00
      117  0.85000       0.50000E-001   0.0000          0.00     0.00     0.00
      118  0.87500       0.50000E-001   0.0000          0.00     0.00     0.00
      119  0.90000       0.50000E-001   0.0000          0.00     0.00     0.00
      120  0.92500       0.50000E-001   0.0000          0.00     0.00     0.00

    NODE        X             Y             Z           THXY     THYZ     THZX
      121  0.95000       0.50000E-001   0.0000          0.00     0.00     0.00
      122  0.97500       0.50000E-001   0.0000          0.00     0.00     0.00
      123   1.0000       0.50000E-001   0.0000          0.00     0.00     0.00
      124   0.0000       0.75000E-001   0.0000          0.00     0.00     0.00
      125  0.25000E-001  0.75000E-001   0.0000          0.00     0.00     0.00
      126  0.50000E-001  0.75000E-001   0.0000          0.00     0.00     0.00
      127  0.75000E-001  0.75000E-001   0.0000          0.00     0.00     0.00
      128  0.10000       0.75000E-001   0.0000          0.00     0.00     0.00
      129  0.12500       0.75000E-001   0.0000          0.00     0.00     0.00
      130  0.15000       0.75000E-001   0.0000          0.00     0.00     0.00
      131  0.17500       0.75000E-001   0.0000          0.00     0.00     0.00
      132  0.20000       0.75000E-001   0.0000          0.00     0.00     0.00
      133  0.22500       0.75000E-001   0.0000          0.00     0.00     0.00
      134  0.25000       0.75000E-001   0.0000          0.00     0.00     0.00
      135  0.27500       0.75000E-001   0.0000          0.00     0.00     0.00
      136  0.30000       0.75000E-001   0.0000          0.00     0.00     0.00
      137  0.32500       0.75000E-001   0.0000          0.00     0.00     0.00
      138  0.35000       0.75000E-001   0.0000          0.00     0.00     0.00
      139  0.37500       0.75000E-001   0.0000          0.00     0.00     0.00
      140  0.40000       0.75000E-001   0.0000          0.00     0.00     0.00

    NODE        X             Y             Z           THXY     THYZ     THZX
      141  0.42500       0.75000E-001   0.0000          0.00     0.00     0.00
      142  0.45000       0.75000E-001   0.0000          0.00     0.00     0.00
      143  0.47500       0.75000E-001   0.0000          0.00     0.00     0.00
      144  0.50000       0.75000E-001   0.0000          0.00     0.00     0.00
      145  0.52500       0.75000E-001   0.0000          0.00     0.00     0.00
      146  0.55000       0.75000E-001   0.0000          0.00     0.00     0.00
      147  0.57500       0.75000E-001   0.0000          0.00     0.00     0.00
      148  0.60000       0.75000E-001   0.0000          0.00     0.00     0.00
      149  0.62500       0.75000E-001   0.0000          0.00     0.00     0.00
      150  0.65000       0.75000E-001   0.0000          0.00     0.00     0.00
      151  0.67500       0.75000E-001   0.0000          0.00     0.00     0.00
      152  0.70000       0.75000E-001   0.0000          0.00     0.00     0.00
      153  0.72500       0.75000E-001   0.0000          0.00     0.00     0.00
      154  0.75000       0.75000E-001   0.0000          0.00     0.00     0.00
      155  0.77500       0.75000E-001   0.0000          0.00     0.00     0.00
      156  0.80000       0.75000E-001   0.0000          0.00     0.00     0.00
      157  0.82500       0.75000E-001   0.0000          0.00     0.00     0.00
      158  0.85000       0.75000E-001   0.0000          0.00     0.00     0.00
      159  0.87500       0.75000E-001   0.0000          0.00     0.00     0.00
      160  0.90000       0.75000E-001   0.0000          0.00     0.00     0.00

    NODE        X             Y             Z           THXY     THYZ     THZX
      161  0.92500       0.75000E-001   0.0000          0.00     0.00     0.00
      162  0.95000       0.75000E-001   0.0000          0.00     0.00     0.00
      163  0.97500       0.75000E-001   0.0000          0.00     0.00     0.00
      164   1.0000       0.75000E-001   0.0000          0.00     0.00     0.00
      165   0.0000       0.10000        0.0000          0.00     0.00     0.00
      166  0.25000E-001  0.10000        0.0000          0.00     0.00     0.00
      167  0.50000E-001  0.10000        0.0000          0.00     0.00     0.00
      168  0.75000E-001  0.10000        0.0000          0.00     0.00     0.00
      169  0.10000       0.10000        0.0000          0.00     0.00     0.00
      170  0.12500       0.10000        0.0000          0.00     0.00     0.00
      171  0.15000       0.10000        0.0000          0.00     0.00     0.00
      172  0.17500       0.10000        0.0000          0.00     0.00     0.00
      173  0.20000       0.10000        0.0000          0.00     0.00     0.00
      174  0.22500       0.10000        0.0000          0.00     0.00     0.00
      175  0.25000       0.10000        0.0000          0.00     0.00     0.00
      176  0.27500       0.10000        0.0000          0.00     0.00     0.00
      177  0.30000       0.10000        0.0000          0.00     0.00     0.00
      178  0.32500       0.10000        0.0000          0.00     0.00     0.00
      179  0.35000       0.10000        0.0000          0.00     0.00     0.00
      180  0.37500       0.10000        0.0000          0.00     0.00     0.00

    NODE        X             Y             Z           THXY     THYZ     THZX
      181  0.40000       0.10000        0.0000          0.00     0.00     0.00
      182  0.42500       0.10000        0.0000          0.00     0.00     0.00
      183  0.45000       0.10000        0.0000          0.00     0.00     0.00
      184  0.47500       0.10000        0.0000          0.00     0.00     0.00
      185  0.50000       0.10000        0.0000          0.00     0.00     0.00
      186  0.52500       0.10000        0.0000          0.00     0.00     0.00
      187  0.55000       0.10000        0.0000          0.00     0.00     0.00
      188  0.57500       0.10000        0.0000          0.00     0.00     0.00
      189  0.60000       0.10000        0.0000          0.00     0.00     0.00
      190  0.62500       0.10000        0.0000          0.00     0.00     0.00
      191  0.65000       0.10000        0.0000          0.00     0.00     0.00
      192  0.67500       0.10000        0.0000          0.00     0.00     0.00
      193  0.70000       0.10000        0.0000          0.00     0.00     0.00
      194  0.72500       0.10000        0.0000          0.00     0.00     0.00
      195  0.75000       0.10000        0.0000          0.00     0.00     0.00
      196  0.77500       0.10000        0.0000          0.00     0.00     0.00
      197  0.80000       0.10000        0.0000          0.00     0.00     0.00
      198  0.82500       0.10000        0.0000          0.00     0.00     0.00
      199  0.85000       0.10000        0.0000          0.00     0.00     0.00
      200  0.87500       0.10000        0.0000          0.00     0.00     0.00

    NODE        X             Y             Z           THXY     THYZ     THZX
      201  0.90000       0.10000        0.0000          0.00     0.00     0.00
      202  0.92500       0.10000        0.0000          0.00     0.00     0.00
      203  0.95000       0.10000        0.0000          0.00     0.00     0.00
      204  0.97500       0.10000        0.0000          0.00     0.00     0.00
      205   1.0000       0.10000        0.0000          0.00     0.00     0.00
      206   0.0000       0.12500        0.0000          0.00     0.00     0.00
      207  0.25000E-001  0.12500        0.0000          0.00     0.00     0.00
      208  0.50000E-001  0.12500        0.0000          0.00     0.00     0.00
      209  0.75000E-001  0.12500        0.0000          0.00     0.00     0.00
      210  0.10000       0.12500        0.0000          0.00     0.00     0.00
      211  0.12500       0.12500        0.0000          0.00     0.00     0.00
      212  0.15000       0.12500        0.0000          0.00     0.00     0.00
      213  0.17500       0.12500        0.0000          0.00     0.00     0.00
      214  0.20000       0.12500        0.0000          0.00     0.00     0.00
      215  0.22500       0.12500        0.0000          0.00     0.00     0.00
      216  0.25000       0.12500        0.0000          0.00     0.00     0.00
      217  0.27500       0.12500        0.0000          0.00     0.00     0.00
      218  0.30000       0.12500        0.0000          0.00     0.00     0.00
      219  0.32500       0.12500        0.0000          0.00     0.00     0.00
      220  0.35000       0.12500        0.0000          0.00     0.00     0.00

    NODE        X             Y             Z           THXY     THYZ     THZX
      221  0.37500       0.12500        0.0000          0.00     0.00     0.00
      222  0.40000       0.12500        0.0000          0.00     0.00     0.00
      223  0.42500       0.12500        0.0000          0.00     0.00     0.00
      224  0.45000       0.12500        0.0000          0.00     0.00     0.00
      225  0.47500       0.12500        0.0000          0.00     0.00     0.00
      226  0.50000       0.12500        0.0000          0.00     0.00     0.00
      227  0.52500       0.12500        0.0000          0.00     0.00     0.00
      228  0.55000       0.12500        0.0000          0.00     0.00     0.00
      229  0.57500       0.12500        0.0000          0.00     0.00     0.00
      230  0.60000       0.12500        0.0000          0.00     0.00     0.00
      231  0.62500       0.12500        0.0000          0.00     0.00     0.00
      232  0.65000       0.12500        0.0000          0.00     0.00     0.00
      233  0.67500       0.12500        0.0000          0.00     0.00     0.00
      234  0.70000       0.12500        0.0000          0.00     0.00     0.00
      235  0.72500       0.12500        0.0000          0.00     0.00     0.00
      236  0.75000       0.12500        0.0000          0.00     0.00     0.00
      237  0.77500       0.12500        0.0000          0.00     0.00     0.00
      238  0.80000       0.12500        0.0000          0.00     0.00     0.00
      239  0.82500       0.12500        0.0000          0.00     0.00     0.00
      240  0.85000       0.12500        0.0000          0.00     0.00     0.00

    NODE        X             Y             Z           THXY     THYZ     THZX
      241  0.87500       0.12500        0.0000          0.00     0.00     0.00
      242  0.90000       0.12500        0.0000          0.00     0.00     0.00
      243  0.92500       0.12500        0.0000          0.00     0.00     0.00
      244  0.95000       0.12500        0.0000          0.00     0.00     0.00
      245  0.97500       0.12500        0.0000          0.00     0.00     0.00
      246   1.0000       0.12500        0.0000          0.00     0.00     0.00
      247   0.0000       0.15000        0.0000          0.00     0.00     0.00
      248  0.25000E-001  0.15000        0.0000          0.00     0.00     0.00
      249  0.50000E-001  0.15000        0.0000          0.00     0.00     0.00
      250  0.75000E-001  0.15000        0.0000          0.00     0.00     0.00
      251  0.10000       0.15000        0.0000          0.00     0.00     0.00
      252  0.12500       0.15000        0.0000          0.00     0.00     0.00
      253  0.15000       0.15000        0.0000          0.00     0.00     0.00
      254  0.17500       0.15000        0.0000          0.00     0.00     0.00
      255  0.20000       0.15000        0.0000          0.00     0.00     0.00
      256  0.22500       0.15000        0.0000          0.00     0.00     0.00
      257  0.25000       0.15000        0.0000          0.00     0.00     0.00
      258  0.27500       0.15000        0.0000          0.00     0.00     0.00
      259  0.30000       0.15000        0.0000          0.00     0.00     0.00
      260  0.32500       0.15000        0.0000          0.00     0.00     0.00

    NODE        X             Y             Z           THXY     THYZ     THZX
      261  0.35000       0.15000        0.0000          0.00     0.00     0.00
      262  0.37500       0.15000        0.0000          0.00     0.00     0.00
      263  0.40000       0.15000        0.0000          0.00     0.00     0.00
      264  0.42500       0.15000        0.0000          0.00     0.00     0.00
      265  0.45000       0.15000        0.0000          0.00     0.00     0.00
      266  0.47500       0.15000        0.0000          0.00     0.00     0.00
      267  0.50000       0.15000        0.0000          0.00     0.00     0.00
      268  0.52500       0.15000        0.0000          0.00     0.00     0.00
      269  0.55000       0.15000        0.0000          0.00     0.00     0.00
      270  0.57500       0.15000        0.0000          0.00     0.00     0.00
      271  0.60000       0.15000        0.0000          0.00     0.00     0.00
      272  0.62500       0.15000        0.0000          0.00     0.00     0.00
      273  0.65000       0.15000        0.0000          0.00     0.00     0.00
      274  0.67500       0.15000        0.0000          0.00     0.00     0.00
      275  0.70000       0.15000        0.0000          0.00     0.00     0.00
      276  0.72500       0.15000        0.0000          0.00     0.00     0.00
      277  0.75000       0.15000        0.0000          0.00     0.00     0.00
      278  0.77500       0.15000        0.0000          0.00     0.00     0.00
      279  0.80000       0.15000        0.0000          0.00     0.00     0.00
      280  0.82500       0.15000        0.0000          0.00     0.00     0.00

    NODE        X             Y             Z           THXY     THYZ     THZX
      281  0.85000       0.15000        0.0000          0.00     0.00     0.00
      282  0.87500       0.15000        0.0000          0.00     0.00     0.00
      283  0.90000       0.15000        0.0000          0.00     0.00     0.00
      284  0.92500       0.15000        0.0000          0.00     0.00     0.00
      285  0.95000       0.15000        0.0000          0.00     0.00     0.00
      286  0.97500       0.15000        0.0000          0.00     0.00     0.00
      287   1.0000       0.15000        0.0000          0.00     0.00     0.00
      288   0.0000       0.17500        0.0000          0.00     0.00     0.00
      289  0.25000E-001  0.17500        0.0000          0.00     0.00     0.00
      290  0.50000E-001  0.17500        0.0000          0.00     0.00     0.00
      291  0.75000E-001  0.17500        0.0000          0.00     0.00     0.00
      292  0.10000       0.17500        0.0000          0.00     0.00     0.00
      293  0.12500       0.17500        0.0000          0.00     0.00     0.00
      294  0.15000       0.17500        0.0000          0.00     0.00     0.00
      295  0.17500       0.17500        0.0000          0.00     0.00     0.00
      296  0.20000       0.17500        0.0000          0.00     0.00     0.00
      297  0.22500       0.17500        0.0000          0.00     0.00     0.00
      298  0.25000       0.17500        0.0000          0.00     0.00     0.00
      299  0.27500       0.17500        0.0000          0.00     0.00     0.00
      300  0.30000       0.17500        0.0000          0.00     0.00     0.00

    NODE        X             Y             Z           THXY     THYZ     THZX
      301  0.32500       0.17500        0.0000          0.00     0.00     0.00
      302  0.35000       0.17500        0.0000          0.00     0.00     0.00
      303  0.37500       0.17500        0.0000          0.00     0.00     0.00
      304  0.40000       0.17500        0.0000          0.00     0.00     0.00
      305  0.42500       0.17500        0.0000          0.00     0.00     0.00
      306  0.45000       0.17500        0.0000          0.00     0.00     0.00
      307  0.47500       0.17500        0.0000          0.00     0.00     0.00
      308  0.50000       0.17500        0.0000          0.00     0.00     0.00
      309  0.52500       0.17500        0.0000          0.00     0.00     0.00
      310  0.55000       0.17500        0.0000          0.00     0.00     0.00
      311  0.57500       0.17500        0.0000          0.00     0.00     0.00
      312  0.60000       0.17500        0.0000          0.00     0.00     0.00
      313  0.62500       0.17500        0.0000          0.00     0.00     0.00
      314  0.65000       0.17500        0.0000          0.00     0.00     0.00
      315  0.67500       0.17500        0.0000          0.00     0.00     0.00
      316  0.70000       0.17500        0.0000          0.00     0.00     0.00
      317  0.72500       0.17500        0.0000          0.00     0.00     0.00
      318  0.75000       0.17500        0.0000          0.00     0.00     0.00
      319  0.77500       0.17500        0.0000          0.00     0.00     0.00
      320  0.80000       0.17500        0.0000          0.00     0.00     0.00

    NODE        X             Y             Z           THXY     THYZ     THZX
      321  0.82500       0.17500        0.0000          0.00     0.00     0.00
      322  0.85000       0.17500        0.0000          0.00     0.00     0.00
      323  0.87500       0.17500        0.0000          0.00     0.00     0.00
      324  0.90000       0.17500        0.0000          0.00     0.00     0.00
      325  0.92500       0.17500        0.0000          0.00     0.00     0.00
      326  0.95000       0.17500        0.0000          0.00     0.00     0.00
      327  0.97500       0.17500        0.0000          0.00     0.00     0.00
      328   1.0000       0.17500        0.0000          0.00     0.00     0.00
      329   0.0000       0.20000        0.0000          0.00     0.00     0.00
      330  0.25000E-001  0.20000        0.0000          0.00     0.00     0.00
      331  0.50000E-001  0.20000        0.0000          0.00     0.00     0.00
      332  0.75000E-001  0.20000        0.0000          0.00     0.00     0.00
      333  0.10000       0.20000        0.0000          0.00     0.00     0.00
      334  0.12500       0.20000        0.0000          0.00     0.00     0.00
      335  0.15000       0.20000        0.0000          0.00     0.00     0.00
      336  0.17500       0.20000        0.0000          0.00     0.00     0.00
      337  0.20000       0.20000        0.0000          0.00     0.00     0.00
      338  0.22500       0.20000        0.0000          0.00     0.00     0.00
      339  0.25000       0.20000        0.0000          0.00     0.00     0.00
      340  0.27500       0.20000        0.0000          0.00     0.00     0.00

    NODE        X             Y             Z           THXY     THYZ     THZX
      341  0.30000       0.20000        0.0000          0.00     0.00     0.00
      342  0.32500       0.20000        0.0000          0.00     0.00     0.00
      343  0.35000       0.20000        0.0000          0.00     0.00     0.00
      344  0.37500       0.20000        0.0000          0.00     0.00     0.00
      345  0.40000       0.20000        0.0000          0.00     0.00     0.00
      346  0.42500       0.20000        0.0000          0.00     0.00     0.00
      347  0.45000       0.20000        0.0000          0.00     0.00     0.00
      348  0.47500       0.20000        0.0000          0.00     0.00     0.00
      349  0.50000       0.20000        0.0000          0.00     0.00     0.00
      350  0.52500       0.20000        0.0000          0.00     0.00     0.00
      351  0.55000       0.20000        0.0000          0.00     0.00     0.00
      352  0.57500       0.20000        0.0000          0.00     0.00     0.00
      353  0.60000       0.20000        0.0000          0.00     0.00     0.00
      354  0.62500       0.20000        0.0000          0.00     0.00     0.00
      355  0.65000       0.20000        0.0000          0.00     0.00     0.00
      356  0.67500       0.20000        0.0000          0.00     0.00     0.00
      357  0.70000       0.20000        0.0000          0.00     0.00     0.00
      358  0.72500       0.20000        0.0000          0.00     0.00     0.00
      359  0.75000       0.20000        0.0000          0.00     0.00     0.00
      360  0.77500       0.20000        0.0000          0.00     0.00     0.00

    NODE        X             Y             Z           THXY     THYZ     THZX
      361  0.80000       0.20000        0.0000          0.00     0.00     0.00
      362  0.82500       0.20000        0.0000          0.00     0.00     0.00
      363  0.85000       0.20000        0.0000          0.00     0.00     0.00
      364  0.87500       0.20000        0.0000          0.00     0.00     0.00
      365  0.90000       0.20000        0.0000          0.00     0.00     0.00
      366  0.92500       0.20000        0.0000          0.00     0.00     0.00
      367  0.95000       0.20000        0.0000          0.00     0.00     0.00
      368  0.97500       0.20000        0.0000          0.00     0.00     0.00
      369   1.0000       0.20000        0.0000          0.00     0.00     0.00
      370   0.0000       0.22500        0.0000          0.00     0.00     0.00
      371  0.25000E-001  0.22500        0.0000          0.00     0.00     0.00
      372  0.50000E-001  0.22500        0.0000          0.00     0.00     0.00
      373  0.75000E-001  0.22500        0.0000          0.00     0.00     0.00
      374  0.10000       0.22500        0.0000          0.00     0.00     0.00
      375  0.12500       0.22500        0.0000          0.00     0.00     0.00
      376  0.15000       0.22500        0.0000          0.00     0.00     0.00
      377  0.17500       0.22500        0.0000          0.00     0.00     0.00
      378  0.20000       0.22500        0.0000          0.00     0.00     0.00
      379  0.22500       0.22500        0.0000          0.00     0.00     0.00
      380  0.25000       0.22500        0.0000          0.00     0.00     0.00

    NODE        X             Y             Z           THXY     THYZ     THZX
      381  0.27500       0.22500        0.0000          0.00     0.00     0.00
      382  0.30000       0.22500        0.0000          0.00     0.00     0.00
      383  0.32500       0.22500        0.0000          0.00     0.00     0.00
      384  0.35000       0.22500        0.0000          0.00     0.00     0.00
      385  0.37500       0.22500        0.0000          0.00     0.00     0.00
      386  0.40000       0.22500        0.0000          0.00     0.00     0.00
      387  0.42500       0.22500        0.0000          0.00     0.00     0.00
      388  0.45000       0.22500        0.0000          0.00     0.00     0.00
      389  0.47500       0.22500        0.0000          0.00     0.00     0.00
      390  0.50000       0.22500        0.0000          0.00     0.00     0.00
      391  0.52500       0.22500        0.0000          0.00     0.00     0.00
      392  0.55000       0.22500        0.0000          0.00     0.00     0.00
      393  0.57500       0.22500        0.0000          0.00     0.00     0.00
      394  0.60000       0.22500        0.0000          0.00     0.00     0.00
      395  0.62500       0.22500        0.0000          0.00     0.00     0.00
      396  0.65000       0.22500        0.0000          0.00     0.00     0.00
      397  0.67500       0.22500        0.0000          0.00     0.00     0.00
      398  0.70000       0.22500        0.0000          0.00     0.00     0.00
      399  0.72500       0.22500        0.0000          0.00     0.00     0.00
      400  0.75000       0.22500        0.0000          0.00     0.00     0.00

    NODE        X             Y             Z           THXY     THYZ     THZX
      401  0.77500       0.22500        0.0000          0.00     0.00     0.00
      402  0.80000       0.22500        0.0000          0.00     0.00     0.00
      403  0.82500       0.22500        0.0000          0.00     0.00     0.00
      404  0.85000       0.22500        0.0000          0.00     0.00     0.00
      405  0.87500       0.22500        0.0000          0.00     0.00     0.00
      406  0.90000       0.22500        0.0000          0.00     0.00     0.00
      407  0.92500       0.22500        0.0000          0.00     0.00     0.00
      408  0.95000       0.22500        0.0000          0.00     0.00     0.00
      409  0.97500       0.22500        0.0000          0.00     0.00     0.00
      410   1.0000       0.22500        0.0000          0.00     0.00     0.00
      411   0.0000       0.25000        0.0000          0.00     0.00     0.00
      412  0.25000E-001  0.25000        0.0000          0.00     0.00     0.00
      413  0.50000E-001  0.25000        0.0000          0.00     0.00     0.00
      414  0.75000E-001  0.25000        0.0000          0.00     0.00     0.00
      415  0.10000       0.25000        0.0000          0.00     0.00     0.00
      416  0.12500       0.25000        0.0000          0.00     0.00     0.00
      417  0.15000       0.25000        0.0000          0.00     0.00     0.00
      418  0.17500       0.25000        0.0000          0.00     0.00     0.00
      419  0.20000       0.25000        0.0000          0.00     0.00     0.00
      420  0.22500       0.25000        0.0000          0.00     0.00     0.00

    NODE        X             Y             Z           THXY     THYZ     THZX
      421  0.25000       0.25000        0.0000          0.00     0.00     0.00
      422  0.27500       0.25000        0.0000          0.00     0.00     0.00
      423  0.30000       0.25000        0.0000          0.00     0.00     0.00
      424  0.32500       0.25000        0.0000          0.00     0.00     0.00
      425  0.35000       0.25000        0.0000          0.00     0.00     0.00
      426  0.37500       0.25000        0.0000          0.00     0.00     0.00
      427  0.40000       0.25000        0.0000          0.00     0.00     0.00
      428  0.42500       0.25000        0.0000          0.00     0.00     0.00
      429  0.45000       0.25000        0.0000          0.00     0.00     0.00
      430  0.47500       0.25000        0.0000          0.00     0.00     0.00
      431  0.50000       0.25000        0.0000          0.00     0.00     0.00
      432  0.52500       0.25000        0.0000          0.00     0.00     0.00
      433  0.55000       0.25000        0.0000          0.00     0.00     0.00
      434  0.57500       0.25000        0.0000          0.00     0.00     0.00
      435  0.60000       0.25000        0.0000          0.00     0.00     0.00
      436  0.62500       0.25000        0.0000          0.00     0.00     0.00
      437  0.65000       0.25000        0.0000          0.00     0.00     0.00
      438  0.67500       0.25000        0.0000          0.00     0.00     0.00
      439  0.70000       0.25000        0.0000          0.00     0.00     0.00
      440  0.72500       0.25000        0.0000          0.00     0.00     0.00

    NODE        X             Y             Z           THXY     THYZ     THZX
      441  0.75000       0.25000        0.0000          0.00     0.00     0.00
      442  0.77500       0.25000        0.0000          0.00     0.00     0.00
      443  0.80000       0.25000        0.0000          0.00     0.00     0.00
      444  0.82500       0.25000        0.0000          0.00     0.00     0.00
      445  0.85000       0.25000        0.0000          0.00     0.00     0.00
      446  0.87500       0.25000        0.0000          0.00     0.00     0.00
      447  0.90000       0.25000        0.0000          0.00     0.00     0.00
      448  0.92500       0.25000        0.0000          0.00     0.00     0.00
      449  0.95000       0.25000        0.0000          0.00     0.00     0.00
      450  0.97500       0.25000        0.0000          0.00     0.00     0.00
      451   1.0000       0.25000        0.0000          0.00     0.00     0.00
      452   0.0000       0.27500        0.0000          0.00     0.00     0.00
      453  0.25000E-001  0.27500        0.0000          0.00     0.00     0.00
      454  0.50000E-001  0.27500        0.0000          0.00     0.00     0.00
      455  0.75000E-001  0.27500        0.0000          0.00     0.00     0.00
      456  0.10000       0.27500        0.0000          0.00     0.00     0.00
      457  0.12500       0.27500        0.0000          0.00     0.00     0.00
      458  0.15000       0.27500        0.0000          0.00     0.00     0.00
      459  0.17500       0.27500        0.0000          0.00     0.00     0.00
      460  0.20000       0.27500        0.0000          0.00     0.00     0.00

    NODE        X             Y             Z           THXY     THYZ     THZX
      461  0.22500       0.27500        0.0000          0.00     0.00     0.00
      462  0.25000       0.27500        0.0000          0.00     0.00     0.00
      463  0.27500       0.27500        0.0000          0.00     0.00     0.00
      464  0.30000       0.27500        0.0000          0.00     0.00     0.00
      465  0.32500       0.27500        0.0000          0.00     0.00     0.00
      466  0.35000       0.27500        0.0000          0.00     0.00     0.00
      467  0.37500       0.27500        0.0000          0.00     0.00     0.00
      468  0.40000       0.27500        0.0000          0.00     0.00     0.00
      469  0.42500       0.27500        0.0000          0.00     0.00     0.00
      470  0.45000       0.27500        0.0000          0.00     0.00     0.00
      471  0.47500       0.27500        0.0000          0.00     0.00     0.00
      472  0.50000       0.27500        0.0000          0.00     0.00     0.00
      473  0.52500       0.27500        0.0000          0.00     0.00     0.00
      474  0.55000       0.27500        0.0000          0.00     0.00     0.00
      475  0.57500       0.27500        0.0000          0.00     0.00     0.00
      476  0.60000       0.27500        0.0000          0.00     0.00     0.00
      477  0.62500       0.27500        0.0000          0.00     0.00     0.00
      478  0.65000       0.27500        0.0000          0.00     0.00     0.00
      479  0.67500       0.27500        0.0000          0.00     0.00     0.00
      480  0.70000       0.27500        0.0000          0.00     0.00     0.00

    NODE        X             Y             Z           THXY     THYZ     THZX
      481  0.72500       0.27500        0.0000          0.00     0.00     0.00
      482  0.75000       0.27500        0.0000          0.00     0.00     0.00
      483  0.77500       0.27500        0.0000          0.00     0.00     0.00
      484  0.80000       0.27500        0.0000          0.00     0.00     0.00
      485  0.82500       0.27500        0.0000          0.00     0.00     0.00
      486  0.85000       0.27500        0.0000          0.00     0.00     0.00
      487  0.87500       0.27500        0.0000          0.00     0.00     0.00
      488  0.90000       0.27500        0.0000          0.00     0.00     0.00
      489  0.92500       0.27500        0.0000          0.00     0.00     0.00
      490  0.95000       0.27500        0.0000          0.00     0.00     0.00
      491  0.97500       0.27500        0.0000          0.00     0.00     0.00
      492   1.0000       0.27500        0.0000          0.00     0.00     0.00
      493   0.0000       0.30000        0.0000          0.00     0.00     0.00
      494  0.25000E-001  0.30000        0.0000          0.00     0.00     0.00
      495  0.50000E-001  0.30000        0.0000          0.00     0.00     0.00
      496  0.75000E-001  0.30000        0.0000          0.00     0.00     0.00
      497  0.10000       0.30000        0.0000          0.00     0.00     0.00
      498  0.12500       0.30000        0.0000          0.00     0.00     0.00
      499  0.15000       0.30000        0.0000          0.00     0.00     0.00
      500  0.17500       0.30000        0.0000          0.00     0.00     0.00

    NODE        X             Y             Z           THXY     THYZ     THZX
      501  0.20000       0.30000        0.0000          0.00     0.00     0.00
      502  0.22500       0.30000        0.0000          0.00     0.00     0.00
      503  0.25000       0.30000        0.0000          0.00     0.00     0.00
      504  0.27500       0.30000        0.0000          0.00     0.00     0.00
      505  0.30000       0.30000        0.0000          0.00     0.00     0.00
      506  0.32500       0.30000        0.0000          0.00     0.00     0.00
      507  0.35000       0.30000        0.0000          0.00     0.00     0.00
      508  0.37500       0.30000        0.0000          0.00     0.00     0.00
      509  0.40000       0.30000        0.0000          0.00     0.00     0.00
      510  0.42500       0.30000        0.0000          0.00     0.00     0.00
      511  0.45000       0.30000        0.0000          0.00     0.00     0.00
      512  0.47500       0.30000        0.0000          0.00     0.00     0.00
      513  0.50000       0.30000        0.0000          0.00     0.00     0.00
      514  0.52500       0.30000        0.0000          0.00     0.00     0.00
      515  0.55000       0.30000        0.0000          0.00     0.00     0.00
      516  0.57500       0.30000        0.0000          0.00     0.00     0.00
      517  0.60000       0.30000        0.0000          0.00     0.00     0.00
      518  0.62500       0.30000        0.0000          0.00     0.00     0.00
      519  0.65000       0.30000        0.0000          0.00     0.00     0.00
      520  0.67500       0.30000        0.0000          0.00     0.00     0.00

    NODE        X             Y             Z           THXY     THYZ     THZX
      521  0.70000       0.30000        0.0000          0.00     0.00     0.00
      522  0.72500       0.30000        0.0000          0.00     0.00     0.00
      523  0.75000       0.30000        0.0000          0.00     0.00     0.00
      524  0.77500       0.30000        0.0000          0.00     0.00     0.00
      525  0.80000       0.30000        0.0000          0.00     0.00     0.00
      526  0.82500       0.30000        0.0000          0.00     0.00     0.00
      527  0.85000       0.30000        0.0000          0.00     0.00     0.00
      528  0.87500       0.30000        0.0000          0.00     0.00     0.00
      529  0.90000       0.30000        0.0000          0.00     0.00     0.00
      530  0.92500       0.30000        0.0000          0.00     0.00     0.00
      531  0.95000       0.30000        0.0000          0.00     0.00     0.00
      532  0.97500       0.30000        0.0000          0.00     0.00     0.00
      533   1.0000       0.30000        0.0000          0.00     0.00     0.00
      534   0.0000       0.32500        0.0000          0.00     0.00     0.00
      535  0.25000E-001  0.32500        0.0000          0.00     0.00     0.00
      536  0.50000E-001  0.32500        0.0000          0.00     0.00     0.00
      537  0.75000E-001  0.32500        0.0000          0.00     0.00     0.00
      538  0.10000       0.32500        0.0000          0.00     0.00     0.00
      539  0.12500       0.32500        0.0000          0.00     0.00     0.00
      540  0.15000       0.32500        0.0000          0.00     0.00     0.00

    NODE        X             Y             Z           THXY     THYZ     THZX
      541  0.17500       0.32500        0.0000          0.00     0.00     0.00
      542  0.20000       0.32500        0.0000          0.00     0.00     0.00
      543  0.22500       0.32500        0.0000          0.00     0.00     0.00
      544  0.25000       0.32500        0.0000          0.00     0.00     0.00
      545  0.27500       0.32500        0.0000          0.00     0.00     0.00
      546  0.30000       0.32500        0.0000          0.00     0.00     0.00
      547  0.32500       0.32500        0.0000          0.00     0.00     0.00
      548  0.35000       0.32500        0.0000          0.00     0.00     0.00
      549  0.37500       0.32500        0.0000          0.00     0.00     0.00
      550  0.40000       0.32500        0.0000          0.00     0.00     0.00
      551  0.42500       0.32500        0.0000          0.00     0.00     0.00
      552  0.45000       0.32500        0.0000          0.00     0.00     0.00
      553  0.47500       0.32500        0.0000          0.00     0.00     0.00
      554  0.50000       0.32500        0.0000          0.00     0.00     0.00
      555  0.52500       0.32500        0.0000          0.00     0.00     0.00
      556  0.55000       0.32500        0.0000          0.00     0.00     0.00
      557  0.57500       0.32500        0.0000          0.00     0.00     0.00
      558  0.60000       0.32500        0.0000          0.00     0.00     0.00
      559  0.62500       0.32500        0.0000          0.00     0.00     0.00
      560  0.65000       0.32500        0.0000          0.00     0.00     0.00

    NODE        X             Y             Z           THXY     THYZ     THZX
      561  0.67500       0.32500        0.0000          0.00     0.00     0.00
      562  0.70000       0.32500        0.0000          0.00     0.00     0.00
      563  0.72500       0.32500        0.0000          0.00     0.00     0.00
      564  0.75000       0.32500        0.0000          0.00     0.00     0.00
      565  0.77500       0.32500        0.0000          0.00     0.00     0.00
      566  0.80000       0.32500        0.0000          0.00     0.00     0.00
      567  0.82500       0.32500        0.0000          0.00     0.00     0.00
      568  0.85000       0.32500        0.0000          0.00     0.00     0.00
      569  0.87500       0.32500        0.0000          0.00     0.00     0.00
      570  0.90000       0.32500        0.0000          0.00     0.00     0.00
      571  0.92500       0.32500        0.0000          0.00     0.00     0.00
      572  0.95000       0.32500        0.0000          0.00     0.00     0.00
      573  0.97500       0.32500        0.0000          0.00     0.00     0.00
      574   1.0000       0.32500        0.0000          0.00     0.00     0.00
      575   0.0000       0.35000        0.0000          0.00     0.00     0.00
      576  0.25000E-001  0.35000        0.0000          0.00     0.00     0.00
      577  0.50000E-001  0.35000        0.0000          0.00     0.00     0.00
      578  0.75000E-001  0.35000        0.0000          0.00     0.00     0.00
      579  0.10000       0.35000        0.0000          0.00     0.00     0.00
      580  0.12500       0.35000        0.0000          0.00     0.00     0.00

    NODE        X             Y             Z           THXY     THYZ     THZX
      581  0.15000       0.35000        0.0000          0.00     0.00     0.00
      582  0.17500       0.35000        0.0000          0.00     0.00     0.00
      583  0.20000       0.35000        0.0000          0.00     0.00     0.00
      584  0.22500       0.35000        0.0000          0.00     0.00     0.00
      585  0.25000       0.35000        0.0000          0.00     0.00     0.00
      586  0.27500       0.35000        0.0000          0.00     0.00     0.00
      587  0.30000       0.35000        0.0000          0.00     0.00     0.00
      588  0.32500       0.35000        0.0000          0.00     0.00     0.00
      589  0.35000       0.35000        0.0000          0.00     0.00     0.00
      590  0.37500       0.35000        0.0000          0.00     0.00     0.00
      591  0.40000       0.35000        0.0000          0.00     0.00     0.00
      592  0.42500       0.35000        0.0000          0.00     0.00     0.00
      593  0.45000       0.35000        0.0000          0.00     0.00     0.00
      594  0.47500       0.35000        0.0000          0.00     0.00     0.00
      595  0.50000       0.35000        0.0000          0.00     0.00     0.00
      596  0.52500       0.35000        0.0000          0.00     0.00     0.00
      597  0.55000       0.35000        0.0000          0.00     0.00     0.00
      598  0.57500       0.35000        0.0000          0.00     0.00     0.00
      599  0.60000       0.35000        0.0000          0.00     0.00     0.00
      600  0.62500       0.35000        0.0000          0.00     0.00     0.00

    NODE        X             Y             Z           THXY     THYZ     THZX
      601  0.65000       0.35000        0.0000          0.00     0.00     0.00
      602  0.67500       0.35000        0.0000          0.00     0.00     0.00
      603  0.70000       0.35000        0.0000          0.00     0.00     0.00
      604  0.72500       0.35000        0.0000          0.00     0.00     0.00
      605  0.75000       0.35000        0.0000          0.00     0.00     0.00
      606  0.77500       0.35000        0.0000          0.00     0.00     0.00
      607  0.80000       0.35000        0.0000          0.00     0.00     0.00
      608  0.82500       0.35000        0.0000          0.00     0.00     0.00
      609  0.85000       0.35000        0.0000          0.00     0.00     0.00
      610  0.87500       0.35000        0.0000          0.00     0.00     0.00
      611  0.90000       0.35000        0.0000          0.00     0.00     0.00
      612  0.92500       0.35000        0.0000          0.00     0.00     0.00
      613  0.95000       0.35000        0.0000          0.00     0.00     0.00
      614  0.97500       0.35000        0.0000          0.00     0.00     0.00
      615   1.0000       0.35000        0.0000          0.00     0.00     0.00
      616   0.0000       0.37500        0.0000          0.00     0.00     0.00
      617  0.25000E-001  0.37500        0.0000          0.00     0.00     0.00
      618  0.50000E-001  0.37500        0.0000          0.00     0.00     0.00
      619  0.75000E-001  0.37500        0.0000          0.00     0.00     0.00
      620  0.10000       0.37500        0.0000          0.00     0.00     0.00

    NODE        X             Y             Z           THXY     THYZ     THZX
      621  0.12500       0.37500        0.0000          0.00     0.00     0.00
      622  0.15000       0.37500        0.0000          0.00     0.00     0.00
      623  0.17500       0.37500        0.0000          0.00     0.00     0.00
      624  0.20000       0.37500        0.0000          0.00     0.00     0.00
      625  0.22500       0.37500        0.0000          0.00     0.00     0.00
      626  0.25000       0.37500        0.0000          0.00     0.00     0.00
      627  0.27500       0.37500        0.0000          0.00     0.00     0.00
      628  0.30000       0.37500        0.0000          0.00     0.00     0.00
      629  0.32500       0.37500        0.0000          0.00     0.00     0.00
      630  0.35000       0.37500        0.0000          0.00     0.00     0.00
      631  0.37500       0.37500        0.0000          0.00     0.00     0.00
      632  0.40000       0.37500        0.0000          0.00     0.00     0.00
      633  0.42500       0.37500        0.0000          0.00     0.00     0.00
      634  0.45000       0.37500        0.0000          0.00     0.00     0.00
      635  0.47500       0.37500        0.0000          0.00     0.00     0.00
      636  0.50000       0.37500        0.0000          0.00     0.00     0.00
      637  0.52500       0.37500        0.0000          0.00     0.00     0.00
      638  0.55000       0.37500        0.0000          0.00     0.00     0.00
      639  0.57500       0.37500        0.0000          0.00     0.00     0.00
      640  0.60000       0.37500        0.0000          0.00     0.00     0.00

    NODE        X             Y             Z           THXY     THYZ     THZX
      641  0.62500       0.37500        0.0000          0.00     0.00     0.00
      642  0.65000       0.37500        0.0000          0.00     0.00     0.00
      643  0.67500       0.37500        0.0000          0.00     0.00     0.00
      644  0.70000       0.37500        0.0000          0.00     0.00     0.00
      645  0.72500       0.37500        0.0000          0.00     0.00     0.00
      646  0.75000       0.37500        0.0000          0.00     0.00     0.00
      647  0.77500       0.37500        0.0000          0.00     0.00     0.00
      648  0.80000       0.37500        0.0000          0.00     0.00     0.00
      649  0.82500       0.37500        0.0000          0.00     0.00     0.00
      650  0.85000       0.37500        0.0000          0.00     0.00     0.00
      651  0.87500       0.37500        0.0000          0.00     0.00     0.00
      652  0.90000       0.37500        0.0000          0.00     0.00     0.00
      653  0.92500       0.37500        0.0000          0.00     0.00     0.00
      654  0.95000       0.37500        0.0000          0.00     0.00     0.00
      655  0.97500       0.37500        0.0000          0.00     0.00     0.00
      656   1.0000       0.37500        0.0000          0.00     0.00     0.00
      657   0.0000       0.40000        0.0000          0.00     0.00     0.00
      658  0.25000E-001  0.40000        0.0000          0.00     0.00     0.00
      659  0.50000E-001  0.40000        0.0000          0.00     0.00     0.00
      660  0.75000E-001  0.40000        0.0000          0.00     0.00     0.00

    NODE        X             Y             Z           THXY     THYZ     THZX
      661  0.10000       0.40000        0.0000          0.00     0.00     0.00
      662  0.12500       0.40000        0.0000          0.00     0.00     0.00
      663  0.15000       0.40000        0.0000          0.00     0.00     0.00
      664  0.17500       0.40000        0.0000          0.00     0.00     0.00
      665  0.20000       0.40000        0.0000          0.00     0.00     0.00
      666  0.22500       0.40000        0.0000          0.00     0.00     0.00
      667  0.25000       0.40000        0.0000          0.00     0.00     0.00
      668  0.27500       0.40000        0.0000          0.00     0.00     0.00
      669  0.30000       0.40000        0.0000          0.00     0.00     0.00
      670  0.32500       0.40000        0.0000          0.00     0.00     0.00
      671  0.35000       0.40000        0.0000          0.00     0.00     0.00
      672  0.37500       0.40000        0.0000          0.00     0.00     0.00
      673  0.40000       0.40000        0.0000          0.00     0.00     0.00
      674  0.42500       0.40000        0.0000          0.00     0.00     0.00
      675  0.45000       0.40000        0.0000          0.00     0.00     0.00
      676  0.47500       0.40000        0.0000          0.00     0.00     0.00
      677  0.50000       0.40000        0.0000          0.00     0.00     0.00
      678  0.52500       0.40000        0.0000          0.00     0.00     0.00
      679  0.55000       0.40000        0.0000          0.00     0.00     0.00
      680  0.57500       0.40000        0.0000          0.00     0.00     0.00

    NODE        X             Y             Z           THXY     THYZ     THZX
      681  0.60000       0.40000        0.0000          0.00     0.00     0.00
      682  0.62500       0.40000        0.0000          0.00     0.00     0.00
      683  0.65000       0.40000        0.0000          0.00     0.00     0.00
      684  0.67500       0.40000        0.0000          0.00     0.00     0.00
      685  0.70000       0.40000        0.0000          0.00     0.00     0.00
      686  0.72500       0.40000        0.0000          0.00     0.00     0.00
      687  0.75000       0.40000        0.0000          0.00     0.00     0.00
      688  0.77500       0.40000        0.0000          0.00     0.00     0.00
      689  0.80000       0.40000        0.0000          0.00     0.00     0.00
      690  0.82500       0.40000        0.0000          0.00     0.00     0.00
      691  0.85000       0.40000        0.0000          0.00     0.00     0.00
      692  0.87500       0.40000        0.0000          0.00     0.00     0.00
      693  0.90000       0.40000        0.0000          0.00     0.00     0.00
      694  0.92500       0.40000        0.0000          0.00     0.00     0.00
      695  0.95000       0.40000        0.0000          0.00     0.00     0.00
      696  0.97500       0.40000        0.0000          0.00     0.00     0.00
      697   1.0000       0.40000        0.0000          0.00     0.00     0.00
      698   0.0000       0.42500        0.0000          0.00     0.00     0.00
      699  0.25000E-001  0.42500        0.0000          0.00     0.00     0.00
      700  0.50000E-001  0.42500        0.0000          0.00     0.00     0.00

    NODE        X             Y             Z           THXY     THYZ     THZX
      701  0.75000E-001  0.42500        0.0000          0.00     0.00     0.00
      702  0.10000       0.42500        0.0000          0.00     0.00     0.00
      703  0.12500       0.42500        0.0000          0.00     0.00     0.00
      704  0.15000       0.42500        0.0000          0.00     0.00     0.00
      705  0.17500       0.42500        0.0000          0.00     0.00     0.00
      706  0.20000       0.42500        0.0000          0.00     0.00     0.00
      707  0.22500       0.42500        0.0000          0.00     0.00     0.00
      708  0.25000       0.42500        0.0000          0.00     0.00     0.00
      709  0.27500       0.42500        0.0000          0.00     0.00     0.00
      710  0.30000       0.42500        0.0000          0.00     0.00     0.00
      711  0.32500       0.42500        0.0000          0.00     0.00     0.00
      712  0.35000       0.42500        0.0000          0.00     0.00     0.00
      713  0.37500       0.42500        0.0000          0.00     0.00     0.00
      714  0.40000       0.42500        0.0000          0.00     0.00     0.00
      715  0.42500       0.42500        0.0000          0.00     0.00     0.00
      716  0.45000       0.42500        0.0000          0.00     0.00     0.00
      717  0.47500       0.42500        0.0000          0.00     0.00     0.00
      718  0.50000       0.42500        0.0000          0.00     0.00     0.00
      719  0.52500       0.42500        0.0000          0.00     0.00     0.00
      720  0.55000       0.42500        0.0000          0.00     0.00     0.00

    NODE        X             Y             Z           THXY     THYZ     THZX
      721  0.57500       0.42500        0.0000          0.00     0.00     0.00
      722  0.60000       0.42500        0.0000          0.00     0.00     0.00
      723  0.62500       0.42500        0.0000          0.00     0.00     0.00
      724  0.65000       0.42500        0.0000          0.00     0.00     0.00
      725  0.67500       0.42500        0.0000          0.00     0.00     0.00
      726  0.70000       0.42500        0.0000          0.00     0.00     0.00
      727  0.72500       0.42500        0.0000          0.00     0.00     0.00
      728  0.75000       0.42500        0.0000          0.00     0.00     0.00
      729  0.77500       0.42500        0.0000          0.00     0.00     0.00
      730  0.80000       0.42500        0.0000          0.00     0.00     0.00
      731  0.82500       0.42500        0.0000          0.00     0.00     0.00
      732  0.85000       0.42500        0.0000          0.00     0.00     0.00
      733  0.87500       0.42500        0.0000          0.00     0.00     0.00
      734  0.90000       0.42500        0.0000          0.00     0.00     0.00
      735  0.92500       0.42500        0.0000          0.00     0.00     0.00
      736  0.95000       0.42500        0.0000          0.00     0.00     0.00
      737  0.97500       0.42500        0.0000          0.00     0.00     0.00
      738   1.0000       0.42500        0.0000          0.00     0.00     0.00
      739   0.0000       0.45000        0.0000          0.00     0.00     0.00
      740  0.25000E-001  0.45000        0.0000          0.00     0.00     0.00

    NODE        X             Y             Z           THXY     THYZ     THZX
      741  0.50000E-001  0.45000        0.0000          0.00     0.00     0.00
      742  0.75000E-001  0.45000        0.0000          0.00     0.00     0.00
      743  0.10000       0.45000        0.0000          0.00     0.00     0.00
      744  0.12500       0.45000        0.0000          0.00     0.00     0.00
      745  0.15000       0.45000        0.0000          0.00     0.00     0.00
      746  0.17500       0.45000        0.0000          0.00     0.00     0.00
      747  0.20000       0.45000        0.0000          0.00     0.00     0.00
      748  0.22500       0.45000        0.0000          0.00     0.00     0.00
      749  0.25000       0.45000        0.0000          0.00     0.00     0.00
      750  0.27500       0.45000        0.0000          0.00     0.00     0.00
      751  0.30000       0.45000        0.0000          0.00     0.00     0.00
      752  0.32500       0.45000        0.0000          0.00     0.00     0.00
      753  0.35000       0.45000        0.0000          0.00     0.00     0.00
      754  0.37500       0.45000        0.0000          0.00     0.00     0.00
      755  0.40000       0.45000        0.0000          0.00     0.00     0.00
      756  0.42500       0.45000        0.0000          0.00     0.00     0.00
      757  0.45000       0.45000        0.0000          0.00     0.00     0.00
      758  0.47500       0.45000        0.0000          0.00     0.00     0.00
      759  0.50000       0.45000        0.0000          0.00     0.00     0.00
      760  0.52500       0.45000        0.0000          0.00     0.00     0.00

    NODE        X             Y             Z           THXY     THYZ     THZX
      761  0.55000       0.45000        0.0000          0.00     0.00     0.00
      762  0.57500       0.45000        0.0000          0.00     0.00     0.00
      763  0.60000       0.45000        0.0000          0.00     0.00     0.00
      764  0.62500       0.45000        0.0000          0.00     0.00     0.00
      765  0.65000       0.45000        0.0000          0.00     0.00     0.00
      766  0.67500       0.45000        0.0000          0.00     0.00     0.00
      767  0.70000       0.45000        0.0000          0.00     0.00     0.00
      768  0.72500       0.45000        0.0000          0.00     0.00     0.00
      769  0.75000       0.45000        0.0000          0.00     0.00     0.00
      770  0.77500       0.45000        0.0000          0.00     0.00     0.00
      771  0.80000       0.45000        0.0000          0.00     0.00     0.00
      772  0.82500       0.45000        0.0000          0.00     0.00     0.00
      773  0.85000       0.45000        0.0000          0.00     0.00     0.00
      774  0.87500       0.45000        0.0000          0.00     0.00     0.00
      775  0.90000       0.45000        0.0000          0.00     0.00     0.00
      776  0.92500       0.45000        0.0000          0.00     0.00     0.00
      777  0.95000       0.45000        0.0000          0.00     0.00     0.00
      778  0.97500       0.45000        0.0000          0.00     0.00     0.00
      779   1.0000       0.45000        0.0000          0.00     0.00     0.00
      780   0.0000       0.47500        0.0000          0.00     0.00     0.00

    NODE        X             Y             Z           THXY     THYZ     THZX
      781  0.25000E-001  0.47500        0.0000          0.00     0.00     0.00
      782  0.50000E-001  0.47500        0.0000          0.00     0.00     0.00
      783  0.75000E-001  0.47500        0.0000          0.00     0.00     0.00
      784  0.10000       0.47500        0.0000          0.00     0.00     0.00
      785  0.12500       0.47500        0.0000          0.00     0.00     0.00
      786  0.15000       0.47500        0.0000          0.00     0.00     0.00
      787  0.17500       0.47500        0.0000          0.00     0.00     0.00
      788  0.20000       0.47500        0.0000          0.00     0.00     0.00
      789  0.22500       0.47500        0.0000          0.00     0.00     0.00
      790  0.25000       0.47500        0.0000          0.00     0.00     0.00
      791  0.27500       0.47500        0.0000          0.00     0.00     0.00
      792  0.30000       0.47500        0.0000          0.00     0.00     0.00
      793  0.32500       0.47500        0.0000          0.00     0.00     0.00
      794  0.35000       0.47500        0.0000          0.00     0.00     0.00
      795  0.37500       0.47500        0.0000          0.00     0.00     0.00
      796  0.40000       0.47500        0.0000          0.00     0.00     0.00
      797  0.42500       0.47500        0.0000          0.00     0.00     0.00
      798  0.45000       0.47500        0.0000          0.00     0.00     0.00
      799  0.47500       0.47500        0.0000          0.00     0.00     0.00
      800  0.50000       0.47500        0.0000          0.00     0.00     0.00

    NODE        X             Y             Z           THXY     THYZ     THZX
      801  0.52500       0.47500        0.0000          0.00     0.00     0.00
      802  0.55000       0.47500        0.0000          0.00     0.00     0.00
      803  0.57500       0.47500        0.0000          0.00     0.00     0.00
      804  0.60000       0.47500        0.0000          0.00     0.00     0.00
      805  0.62500       0.47500        0.0000          0.00     0.00     0.00
      806  0.65000       0.47500        0.0000          0.00     0.00     0.00
      807  0.67500       0.47500        0.0000          0.00     0.00     0.00
      808  0.70000       0.47500        0.0000          0.00     0.00     0.00
      809  0.72500       0.47500        0.0000          0.00     0.00     0.00
      810  0.75000       0.47500        0.0000          0.00     0.00     0.00
      811  0.77500       0.47500        0.0000          0.00     0.00     0.00
      812  0.80000       0.47500        0.0000          0.00     0.00     0.00
      813  0.82500       0.47500        0.0000          0.00     0.00     0.00
      814  0.85000       0.47500        0.0000          0.00     0.00     0.00
      815  0.87500       0.47500        0.0000          0.00     0.00     0.00
      816  0.90000       0.47500        0.0000          0.00     0.00     0.00
      817  0.92500       0.47500        0.0000          0.00     0.00     0.00
      818  0.95000       0.47500        0.0000          0.00     0.00     0.00
      819  0.97500       0.47500        0.0000          0.00     0.00     0.00
      820   1.0000       0.47500        0.0000          0.00     0.00     0.00

    NODE        X             Y             Z           THXY     THYZ     THZX
      821   0.0000       0.50000        0.0000          0.00     0.00     0.00
      822  0.25000E-001  0.50000        0.0000          0.00     0.00     0.00
      823  0.50000E-001  0.50000        0.0000          0.00     0.00     0.00
      824  0.75000E-001  0.50000        0.0000          0.00     0.00     0.00
      825  0.10000       0.50000        0.0000          0.00     0.00     0.00
      826  0.12500       0.50000        0.0000          0.00     0.00     0.00
      827  0.15000       0.50000        0.0000          0.00     0.00     0.00
      828  0.17500       0.50000        0.0000          0.00     0.00     0.00
      829  0.20000       0.50000        0.0000          0.00     0.00     0.00
      830  0.22500       0.50000        0.0000          0.00     0.00     0.00
      831  0.25000       0.50000        0.0000          0.00     0.00     0.00
      832  0.27500       0.50000        0.0000          0.00     0.00     0.00
      833  0.30000       0.50000        0.0000          0.00     0.00     0.00
      834  0.32500       0.50000        0.0000          0.00     0.00     0.00
      835  0.35000       0.50000        0.0000          0.00     0.00     0.00
      836  0.37500       0.50000        0.0000          0.00     0.00     0.00
      837  0.40000       0.50000        0.0000          0.00     0.00     0.00
      838  0.42500       0.50000        0.0000          0.00     0.00     0.00
      839  0.45000       0.50000        0.0000          0.00     0.00     0.00
      840  0.47500       0.50000        0.0000          0.00     0.00     0.00

    NODE        X             Y             Z           THXY     THYZ     THZX
      841  0.50000       0.50000        0.0000          0.00     0.00     0.00
      842  0.52500       0.50000        0.0000          0.00     0.00     0.00
      843  0.55000       0.50000        0.0000          0.00     0.00     0.00
      844  0.57500       0.50000        0.0000          0.00     0.00     0.00
      845  0.60000       0.50000        0.0000          0.00     0.00     0.00
      846  0.62500       0.50000        0.0000          0.00     0.00     0.00
      847  0.65000       0.50000        0.0000          0.00     0.00     0.00
      848  0.67500       0.50000        0.0000          0.00     0.00     0.00
      849  0.70000       0.50000        0.0000          0.00     0.00     0.00
      850  0.72500       0.50000        0.0000          0.00     0.00     0.00
      851  0.75000       0.50000        0.0000          0.00     0.00     0.00
      852  0.77500       0.50000        0.0000          0.00     0.00     0.00
      853  0.80000       0.50000        0.0000          0.00     0.00     0.00
      854  0.82500       0.50000        0.0000          0.00     0.00     0.00
      855  0.85000       0.50000        0.0000          0.00     0.00     0.00
      856  0.87500       0.50000        0.0000          0.00     0.00     0.00
      857  0.90000       0.50000        0.0000          0.00     0.00     0.00
      858  0.92500       0.50000        0.0000          0.00     0.00     0.00
      859  0.95000       0.50000        0.0000          0.00     0.00     0.00
      860  0.97500       0.50000        0.0000          0.00     0.00     0.00

    NODE        X             Y             Z           THXY     THYZ     THZX
      861   1.0000       0.50000        0.0000          0.00     0.00     0.00
      862   0.0000       0.52500        0.0000          0.00     0.00     0.00
      863  0.25000E-001  0.52500        0.0000          0.00     0.00     0.00
      864  0.50000E-001  0.52500        0.0000          0.00     0.00     0.00
      865  0.75000E-001  0.52500        0.0000          0.00     0.00     0.00
      866  0.10000       0.52500        0.0000          0.00     0.00     0.00
      867  0.12500       0.52500        0.0000          0.00     0.00     0.00
      868  0.15000       0.52500        0.0000          0.00     0.00     0.00
      869  0.17500       0.52500        0.0000          0.00     0.00     0.00
      870  0.20000       0.52500        0.0000          0.00     0.00     0.00
      871  0.22500       0.52500        0.0000          0.00     0.00     0.00
      872  0.25000       0.52500        0.0000          0.00     0.00     0.00
      873  0.27500       0.52500        0.0000          0.00     0.00     0.00
      874  0.30000       0.52500        0.0000          0.00     0.00     0.00
      875  0.32500       0.52500        0.0000          0.00     0.00     0.00
      876  0.35000       0.52500        0.0000          0.00     0.00     0.00
      877  0.37500       0.52500        0.0000          0.00     0.00     0.00
      878  0.40000       0.52500        0.0000          0.00     0.00     0.00
      879  0.42500       0.52500        0.0000          0.00     0.00     0.00
      880  0.45000       0.52500        0.0000          0.00     0.00     0.00

    NODE        X             Y             Z           THXY     THYZ     THZX
      881  0.47500       0.52500        0.0000          0.00     0.00     0.00
      882  0.50000       0.52500        0.0000          0.00     0.00     0.00
      883  0.52500       0.52500        0.0000          0.00     0.00     0.00
      884  0.55000       0.52500        0.0000          0.00     0.00     0.00
      885  0.57500       0.52500        0.0000          0.00     0.00     0.00
      886  0.60000       0.52500        0.0000          0.00     0.00     0.00
      887  0.62500       0.52500        0.0000          0.00     0.00     0.00
      888  0.65000       0.52500        0.0000          0.00     0.00     0.00
      889  0.67500       0.52500        0.0000          0.00     0.00     0.00
      890  0.70000       0.52500        0.0000          0.00     0.00     0.00
      891  0.72500       0.52500        0.0000          0.00     0.00     0.00
      892  0.75000       0.52500        0.0000          0.00     0.00     0.00
      893  0.77500       0.52500        0.0000          0.00     0.00     0.00
      894  0.80000       0.52500        0.0000          0.00     0.00     0.00
      895  0.82500       0.52500        0.0000          0.00     0.00     0.00
      896  0.85000       0.52500        0.0000          0.00     0.00     0.00
      897  0.87500       0.52500        0.0000          0.00     0.00     0.00
      898  0.90000       0.52500        0.0000          0.00     0.00     0.00
      899  0.92500       0.52500        0.0000          0.00     0.00     0.00
      900  0.95000       0.52500        0.0000          0.00     0.00     0.00

    NODE        X             Y             Z           THXY     THYZ     THZX
      901  0.97500       0.52500        0.0000          0.00     0.00     0.00
      902   1.0000       0.52500        0.0000          0.00     0.00     0.00
      903   0.0000       0.55000        0.0000          0.00     0.00     0.00
      904  0.25000E-001  0.55000        0.0000          0.00     0.00     0.00
      905  0.50000E-001  0.55000        0.0000          0.00     0.00     0.00
      906  0.75000E-001  0.55000        0.0000          0.00     0.00     0.00
      907  0.10000       0.55000        0.0000          0.00     0.00     0.00
      908  0.12500       0.55000        0.0000          0.00     0.00     0.00
      909  0.15000       0.55000        0.0000          0.00     0.00     0.00
      910  0.17500       0.55000        0.0000          0.00     0.00     0.00
      911  0.20000       0.55000        0.0000          0.00     0.00     0.00
      912  0.22500       0.55000        0.0000          0.00     0.00     0.00
      913  0.25000       0.55000        0.0000          0.00     0.00     0.00
      914  0.27500       0.55000        0.0000          0.00     0.00     0.00
      915  0.30000       0.55000        0.0000          0.00     0.00     0.00
      916  0.32500       0.55000        0.0000          0.00     0.00     0.00
      917  0.35000       0.55000        0.0000          0.00     0.00     0.00
      918  0.37500       0.55000        0.0000          0.00     0.00     0.00
      919  0.40000       0.55000        0.0000          0.00     0.00     0.00
      920  0.42500       0.55000        0.0000          0.00     0.00     0.00

    NODE        X             Y             Z           THXY     THYZ     THZX
      921  0.45000       0.55000        0.0000          0.00     0.00     0.00
      922  0.47500       0.55000        0.0000          0.00     0.00     0.00
      923  0.50000       0.55000        0.0000          0.00     0.00     0.00
      924  0.52500       0.55000        0.0000          0.00     0.00     0.00
      925  0.55000       0.55000        0.0000          0.00     0.00     0.00
      926  0.57500       0.55000        0.0000          0.00     0.00     0.00
      927  0.60000       0.55000        0.0000          0.00     0.00     0.00
      928  0.62500       0.55000        0.0000          0.00     0.00     0.00
      929  0.65000       0.55000        0.0000          0.00     0.00     0.00
      930  0.67500       0.55000        0.0000          0.00     0.00     0.00
      931  0.70000       0.55000        0.0000          0.00     0.00     0.00
      932  0.72500       0.55000        0.0000          0.00     0.00     0.00
      933  0.75000       0.55000        0.0000          0.00     0.00     0.00
      934  0.77500       0.55000        0.0000          0.00     0.00     0.00
      935  0.80000       0.55000        0.0000          0.00     0.00     0.00
      936  0.82500       0.55000        0.0000          0.00     0.00     0.00
      937  0.85000       0.55000        0.0000          0.00     0.00     0.00
      938  0.87500       0.55000        0.0000          0.00     0.00     0.00
      939  0.90000       0.55000        0.0000          0.00     0.00     0.00
      940  0.92500       0.55000        0.0000          0.00     0.00     0.00

    NODE        X             Y             Z           THXY     THYZ     THZX
      941  0.95000       0.55000        0.0000          0.00     0.00     0.00
      942  0.97500       0.55000        0.0000          0.00     0.00     0.00
      943   1.0000       0.55000        0.0000          0.00     0.00     0.00
      944   0.0000       0.57500        0.0000          0.00     0.00     0.00
      945  0.25000E-001  0.57500        0.0000          0.00     0.00     0.00
      946  0.50000E-001  0.57500        0.0000          0.00     0.00     0.00
      947  0.75000E-001  0.57500        0.0000          0.00     0.00     0.00
      948  0.10000       0.57500        0.0000          0.00     0.00     0.00
      949  0.12500       0.57500        0.0000          0.00     0.00     0.00
      950  0.15000       0.57500        0.0000          0.00     0.00     0.00
      951  0.17500       0.57500        0.0000          0.00     0.00     0.00
      952  0.20000       0.57500        0.0000          0.00     0.00     0.00
      953  0.22500       0.57500        0.0000          0.00     0.00     0.00
      954  0.25000       0.57500        0.0000          0.00     0.00     0.00
      955  0.27500       0.57500        0.0000          0.00     0.00     0.00
      956  0.30000       0.57500        0.0000          0.00     0.00     0.00
      957  0.32500       0.57500        0.0000          0.00     0.00     0.00
      958  0.35000       0.57500        0.0000          0.00     0.00     0.00
      959  0.37500       0.57500        0.0000          0.00     0.00     0.00
      960  0.40000       0.57500        0.0000          0.00     0.00     0.00

    NODE        X             Y             Z           THXY     THYZ     THZX
      961  0.42500       0.57500        0.0000          0.00     0.00     0.00
      962  0.45000       0.57500        0.0000          0.00     0.00     0.00
      963  0.47500       0.57500        0.0000          0.00     0.00     0.00
      964  0.50000       0.57500        0.0000          0.00     0.00     0.00
      965  0.52500       0.57500        0.0000          0.00     0.00     0.00
      966  0.55000       0.57500        0.0000          0.00     0.00     0.00
      967  0.57500       0.57500        0.0000          0.00     0.00     0.00
      968  0.60000       0.57500        0.0000          0.00     0.00     0.00
      969  0.62500       0.57500        0.0000          0.00     0.00     0.00
      970  0.65000       0.57500        0.0000          0.00     0.00     0.00
      971  0.67500       0.57500        0.0000          0.00     0.00     0.00
      972  0.70000       0.57500        0.0000          0.00     0.00     0.00
      973  0.72500       0.57500        0.0000          0.00     0.00     0.00
      974  0.75000       0.57500        0.0000          0.00     0.00     0.00
      975  0.77500       0.57500        0.0000          0.00     0.00     0.00
      976  0.80000       0.57500        0.0000          0.00     0.00     0.00
      977  0.82500       0.57500        0.0000          0.00     0.00     0.00
      978  0.85000       0.57500        0.0000          0.00     0.00     0.00
      979  0.87500       0.57500        0.0000          0.00     0.00     0.00
      980  0.90000       0.57500        0.0000          0.00     0.00     0.00

    NODE        X             Y             Z           THXY     THYZ     THZX
      981  0.92500       0.57500        0.0000          0.00     0.00     0.00
      982  0.95000       0.57500        0.0000          0.00     0.00     0.00
      983  0.97500       0.57500        0.0000          0.00     0.00     0.00
      984   1.0000       0.57500        0.0000          0.00     0.00     0.00
      985   0.0000       0.60000        0.0000          0.00     0.00     0.00
      986  0.25000E-001  0.60000        0.0000          0.00     0.00     0.00
      987  0.50000E-001  0.60000        0.0000          0.00     0.00     0.00
      988  0.75000E-001  0.60000        0.0000          0.00     0.00     0.00
      989  0.10000       0.60000        0.0000          0.00     0.00     0.00
      990  0.12500       0.60000        0.0000          0.00     0.00     0.00
      991  0.15000       0.60000        0.0000          0.00     0.00     0.00
      992  0.17500       0.60000        0.0000          0.00     0.00     0.00
      993  0.20000       0.60000        0.0000          0.00     0.00     0.00
      994  0.22500       0.60000        0.0000          0.00     0.00     0.00
      995  0.25000       0.60000        0.0000          0.00     0.00     0.00
      996  0.27500       0.60000        0.0000          0.00     0.00     0.00
      997  0.30000       0.60000        0.0000          0.00     0.00     0.00
      998  0.32500       0.60000        0.0000          0.00     0.00     0.00
      999  0.35000       0.60000        0.0000          0.00     0.00     0.00
     1000  0.37500       0.60000        0.0000          0.00     0.00     0.00

    NODE        X             Y             Z           THXY     THYZ     THZX
     1001  0.40000       0.60000        0.0000          0.00     0.00     0.00
     1002  0.42500       0.60000        0.0000          0.00     0.00     0.00
     1003  0.45000       0.60000        0.0000          0.00     0.00     0.00
     1004  0.47500       0.60000        0.0000          0.00     0.00     0.00
     1005  0.50000       0.60000        0.0000          0.00     0.00     0.00
     1006  0.52500       0.60000        0.0000          0.00     0.00     0.00
     1007  0.55000       0.60000        0.0000          0.00     0.00     0.00
     1008  0.57500       0.60000        0.0000          0.00     0.00     0.00
     1009  0.60000       0.60000        0.0000          0.00     0.00     0.00
     1010  0.62500       0.60000        0.0000          0.00     0.00     0.00
     1011  0.65000       0.60000        0.0000          0.00     0.00     0.00
     1012  0.67500       0.60000        0.0000          0.00     0.00     0.00
     1013  0.70000       0.60000        0.0000          0.00     0.00     0.00
     1014  0.72500       0.60000        0.0000          0.00     0.00     0.00
     1015  0.75000       0.60000        0.0000          0.00     0.00     0.00
     1016  0.77500       0.60000        0.0000          0.00     0.00     0.00
     1017  0.80000       0.60000        0.0000          0.00     0.00     0.00
     1018  0.82500       0.60000        0.0000          0.00     0.00     0.00
     1019  0.85000       0.60000        0.0000          0.00     0.00     0.00
     1020  0.87500       0.60000        0.0000          0.00     0.00     0.00

    NODE        X             Y             Z           THXY     THYZ     THZX
     1021  0.90000       0.60000        0.0000          0.00     0.00     0.00
     1022  0.92500       0.60000        0.0000          0.00     0.00     0.00
     1023  0.95000       0.60000        0.0000          0.00     0.00     0.00
     1024  0.97500       0.60000        0.0000          0.00     0.00     0.00
     1025   1.0000       0.60000        0.0000          0.00     0.00     0.00
     1026   0.0000       0.62500        0.0000          0.00     0.00     0.00
     1027  0.25000E-001  0.62500        0.0000          0.00     0.00     0.00
     1028  0.50000E-001  0.62500        0.0000          0.00     0.00     0.00
     1029  0.75000E-001  0.62500        0.0000          0.00     0.00     0.00
     1030  0.10000       0.62500        0.0000          0.00     0.00     0.00
     1031  0.12500       0.62500        0.0000          0.00     0.00     0.00
     1032  0.15000       0.62500        0.0000          0.00     0.00     0.00
     1033  0.17500       0.62500        0.0000          0.00     0.00     0.00
     1034  0.20000       0.62500        0.0000          0.00     0.00     0.00
     1035  0.22500       0.62500        0.0000          0.00     0.00     0.00
     1036  0.25000       0.62500        0.0000          0.00     0.00     0.00
     1037  0.27500       0.62500        0.0000          0.00     0.00     0.00
     1038  0.30000       0.62500        0.0000          0.00     0.00     0.00
     1039  0.32500       0.62500        0.0000          0.00     0.00     0.00
     1040  0.35000       0.62500        0.0000          0.00     0.00     0.00

    NODE        X             Y             Z           THXY     THYZ     THZX
     1041  0.37500       0.62500        0.0000          0.00     0.00     0.00
     1042  0.40000       0.62500        0.0000          0.00     0.00     0.00
     1043  0.42500       0.62500        0.0000          0.00     0.00     0.00
     1044  0.45000       0.62500        0.0000          0.00     0.00     0.00
     1045  0.47500       0.62500        0.0000          0.00     0.00     0.00
     1046  0.50000       0.62500        0.0000          0.00     0.00     0.00
     1047  0.52500       0.62500        0.0000          0.00     0.00     0.00
     1048  0.55000       0.62500        0.0000          0.00     0.00     0.00
     1049  0.57500       0.62500        0.0000          0.00     0.00     0.00
     1050  0.60000       0.62500        0.0000          0.00     0.00     0.00
     1051  0.62500       0.62500        0.0000          0.00     0.00     0.00
     1052  0.65000       0.62500        0.0000          0.00     0.00     0.00
     1053  0.67500       0.62500        0.0000          0.00     0.00     0.00
     1054  0.70000       0.62500        0.0000          0.00     0.00     0.00
     1055  0.72500       0.62500        0.0000          0.00     0.00     0.00
     1056  0.75000       0.62500        0.0000          0.00     0.00     0.00
     1057  0.77500       0.62500        0.0000          0.00     0.00     0.00
     1058  0.80000       0.62500        0.0000          0.00     0.00     0.00
     1059  0.82500       0.62500        0.0000          0.00     0.00     0.00
     1060  0.85000       0.62500        0.0000          0.00     0.00     0.00

    NODE        X             Y             Z           THXY     THYZ     THZX
     1061  0.87500       0.62500        0.0000          0.00     0.00     0.00
     1062  0.90000       0.62500        0.0000          0.00     0.00     0.00
     1063  0.92500       0.62500        0.0000          0.00     0.00     0.00
     1064  0.95000       0.62500        0.0000          0.00     0.00     0.00
     1065  0.97500       0.62500        0.0000          0.00     0.00     0.00
     1066   1.0000       0.62500        0.0000          0.00     0.00     0.00
     1067   0.0000       0.65000        0.0000          0.00     0.00     0.00
     1068  0.25000E-001  0.65000        0.0000          0.00     0.00     0.00
     1069  0.50000E-001  0.65000        0.0000          0.00     0.00     0.00
     1070  0.75000E-001  0.65000        0.0000          0.00     0.00     0.00
     1071  0.10000       0.65000        0.0000          0.00     0.00     0.00
     1072  0.12500       0.65000        0.0000          0.00     0.00     0.00
     1073  0.15000       0.65000        0.0000          0.00     0.00     0.00
     1074  0.17500       0.65000        0.0000          0.00     0.00     0.00
     1075  0.20000       0.65000        0.0000          0.00     0.00     0.00
     1076  0.22500       0.65000        0.0000          0.00     0.00     0.00
     1077  0.25000       0.65000        0.0000          0.00     0.00     0.00
     1078  0.27500       0.65000        0.0000          0.00     0.00     0.00
     1079  0.30000       0.65000        0.0000          0.00     0.00     0.00
     1080  0.32500       0.65000        0.0000          0.00     0.00     0.00

    NODE        X             Y             Z           THXY     THYZ     THZX
     1081  0.35000       0.65000        0.0000          0.00     0.00     0.00
     1082  0.37500       0.65000        0.0000          0.00     0.00     0.00
     1083  0.40000       0.65000        0.0000          0.00     0.00     0.00
     1084  0.42500       0.65000        0.0000          0.00     0.00     0.00
     1085  0.45000       0.65000        0.0000          0.00     0.00     0.00
     1086  0.47500       0.65000        0.0000          0.00     0.00     0.00
     1087  0.50000       0.65000        0.0000          0.00     0.00     0.00
     1088  0.52500       0.65000        0.0000          0.00     0.00     0.00
     1089  0.55000       0.65000        0.0000          0.00     0.00     0.00
     1090  0.57500       0.65000        0.0000          0.00     0.00     0.00
     1091  0.60000       0.65000        0.0000          0.00     0.00     0.00
     1092  0.62500       0.65000        0.0000          0.00     0.00     0.00
     1093  0.65000       0.65000        0.0000          0.00     0.00     0.00
     1094  0.67500       0.65000        0.0000          0.00     0.00     0.00
     1095  0.70000       0.65000        0.0000          0.00     0.00     0.00
     1096  0.72500       0.65000        0.0000          0.00     0.00     0.00
     1097  0.75000       0.65000        0.0000          0.00     0.00     0.00
     1098  0.77500       0.65000        0.0000          0.00     0.00     0.00
     1099  0.80000       0.65000        0.0000          0.00     0.00     0.00
     1100  0.82500       0.65000        0.0000          0.00     0.00     0.00

    NODE        X             Y             Z           THXY     THYZ     THZX
     1101  0.85000       0.65000        0.0000          0.00     0.00     0.00
     1102  0.87500       0.65000        0.0000          0.00     0.00     0.00
     1103  0.90000       0.65000        0.0000          0.00     0.00     0.00
     1104  0.92500       0.65000        0.0000          0.00     0.00     0.00
     1105  0.95000       0.65000        0.0000          0.00     0.00     0.00
     1106  0.97500       0.65000        0.0000          0.00     0.00     0.00
     1107   1.0000       0.65000        0.0000          0.00     0.00     0.00
     1108   0.0000       0.67500        0.0000          0.00     0.00     0.00
     1109  0.25000E-001  0.67500        0.0000          0.00     0.00     0.00
     1110  0.50000E-001  0.67500        0.0000          0.00     0.00     0.00
     1111  0.75000E-001  0.67500        0.0000          0.00     0.00     0.00
     1112  0.10000       0.67500        0.0000          0.00     0.00     0.00
     1113  0.12500       0.67500        0.0000          0.00     0.00     0.00
     1114  0.15000       0.67500        0.0000          0.00     0.00     0.00
     1115  0.17500       0.67500        0.0000          0.00     0.00     0.00
     1116  0.20000       0.67500        0.0000          0.00     0.00     0.00
     1117  0.22500       0.67500        0.0000          0.00     0.00     0.00
     1118  0.25000       0.67500        0.0000          0.00     0.00     0.00
     1119  0.27500       0.67500        0.0000          0.00     0.00     0.00
     1120  0.30000       0.67500        0.0000          0.00     0.00     0.00

    NODE        X             Y             Z           THXY     THYZ     THZX
     1121  0.32500       0.67500        0.0000          0.00     0.00     0.00
     1122  0.35000       0.67500        0.0000          0.00     0.00     0.00
     1123  0.37500       0.67500        0.0000          0.00     0.00     0.00
     1124  0.40000       0.67500        0.0000          0.00     0.00     0.00
     1125  0.42500       0.67500        0.0000          0.00     0.00     0.00
     1126  0.45000       0.67500        0.0000          0.00     0.00     0.00
     1127  0.47500       0.67500        0.0000          0.00     0.00     0.00
     1128  0.50000       0.67500        0.0000          0.00     0.00     0.00
     1129  0.52500       0.67500        0.0000          0.00     0.00     0.00
     1130  0.55000       0.67500        0.0000          0.00     0.00     0.00
     1131  0.57500       0.67500        0.0000          0.00     0.00     0.00
     1132  0.60000       0.67500        0.0000          0.00     0.00     0.00
     1133  0.62500       0.67500        0.0000          0.00     0.00     0.00
     1134  0.65000       0.67500        0.0000          0.00     0.00     0.00
     1135  0.67500       0.67500        0.0000          0.00     0.00     0.00
     1136  0.70000       0.67500        0.0000          0.00     0.00     0.00
     1137  0.72500       0.67500        0.0000          0.00     0.00     0.00
     1138  0.75000       0.67500        0.0000          0.00     0.00     0.00
     1139  0.77500       0.67500        0.0000          0.00     0.00     0.00
     1140  0.80000       0.67500        0.0000          0.00     0.00     0.00

    NODE        X             Y             Z           THXY     THYZ     THZX
     1141  0.82500       0.67500        0.0000          0.00     0.00     0.00
     1142  0.85000       0.67500        0.0000          0.00     0.00     0.00
     1143  0.87500       0.67500        0.0000          0.00     0.00     0.00
     1144  0.90000       0.67500        0.0000          0.00     0.00     0.00
     1145  0.92500       0.67500        0.0000          0.00     0.00     0.00
     1146  0.95000       0.67500        0.0000          0.00     0.00     0.00
     1147  0.97500       0.67500        0.0000          0.00     0.00     0.00
     1148   1.0000       0.67500        0.0000          0.00     0.00     0.00
     1149   0.0000       0.70000        0.0000          0.00     0.00     0.00
     1150  0.25000E-001  0.70000        0.0000          0.00     0.00     0.00
     1151  0.50000E-001  0.70000        0.0000          0.00     0.00     0.00
     1152  0.75000E-001  0.70000        0.0000          0.00     0.00     0.00
     1153  0.10000       0.70000        0.0000          0.00     0.00     0.00
     1154  0.12500       0.70000        0.0000          0.00     0.00     0.00
     1155  0.15000       0.70000        0.0000          0.00     0.00     0.00
     1156  0.17500       0.70000        0.0000          0.00     0.00     0.00
     1157  0.20000       0.70000        0.0000          0.00     0.00     0.00
     1158  0.22500       0.70000        0.0000          0.00     0.00     0.00
     1159  0.25000       0.70000        0.0000          0.00     0.00     0.00
     1160  0.27500       0.70000        0.0000          0.00     0.00     0.00

    NODE        X             Y             Z           THXY     THYZ     THZX
     1161  0.30000       0.70000        0.0000          0.00     0.00     0.00
     1162  0.32500       0.70000        0.0000          0.00     0.00     0.00
     1163  0.35000       0.70000        0.0000          0.00     0.00     0.00
     1164  0.37500       0.70000        0.0000          0.00     0.00     0.00
     1165  0.40000       0.70000        0.0000          0.00     0.00     0.00
     1166  0.42500       0.70000        0.0000          0.00     0.00     0.00
     1167  0.45000       0.70000        0.0000          0.00     0.00     0.00
     1168  0.47500       0.70000        0.0000          0.00     0.00     0.00
     1169  0.50000       0.70000        0.0000          0.00     0.00     0.00
     1170  0.52500       0.70000        0.0000          0.00     0.00     0.00
     1171  0.55000       0.70000        0.0000          0.00     0.00     0.00
     1172  0.57500       0.70000        0.0000          0.00     0.00     0.00
     1173  0.60000       0.70000        0.0000          0.00     0.00     0.00
     1174  0.62500       0.70000        0.0000          0.00     0.00     0.00
     1175  0.65000       0.70000        0.0000          0.00     0.00     0.00
     1176  0.67500       0.70000        0.0000          0.00     0.00     0.00
     1177  0.70000       0.70000        0.0000          0.00     0.00     0.00
     1178  0.72500       0.70000        0.0000          0.00     0.00     0.00
     1179  0.75000       0.70000        0.0000          0.00     0.00     0.00
     1180  0.77500       0.70000        0.0000          0.00     0.00     0.00

    NODE        X             Y             Z           THXY     THYZ     THZX
     1181  0.80000       0.70000        0.0000          0.00     0.00     0.00
     1182  0.82500       0.70000        0.0000          0.00     0.00     0.00
     1183  0.85000       0.70000        0.0000          0.00     0.00     0.00
     1184  0.87500       0.70000        0.0000          0.00     0.00     0.00
     1185  0.90000       0.70000        0.0000          0.00     0.00     0.00
     1186  0.92500       0.70000        0.0000          0.00     0.00     0.00
     1187  0.95000       0.70000        0.0000          0.00     0.00     0.00
     1188  0.97500       0.70000        0.0000          0.00     0.00     0.00
     1189   1.0000       0.70000        0.0000          0.00     0.00     0.00
     1190   0.0000       0.72500        0.0000          0.00     0.00     0.00
     1191  0.25000E-001  0.72500        0.0000          0.00     0.00     0.00
     1192  0.50000E-001  0.72500        0.0000          0.00     0.00     0.00
     1193  0.75000E-001  0.72500        0.0000          0.00     0.00     0.00
     1194  0.10000       0.72500        0.0000          0.00     0.00     0.00
     1195  0.12500       0.72500        0.0000          0.00     0.00     0.00
     1196  0.15000       0.72500        0.0000          0.00     0.00     0.00
     1197  0.17500       0.72500        0.0000          0.00     0.00     0.00
     1198  0.20000       0.72500        0.0000          0.00     0.00     0.00
     1199  0.22500       0.72500        0.0000          0.00     0.00     0.00
     1200  0.25000       0.72500        0.0000          0.00     0.00     0.00

    NODE        X             Y             Z           THXY     THYZ     THZX
     1201  0.27500       0.72500        0.0000          0.00     0.00     0.00
     1202  0.30000       0.72500        0.0000          0.00     0.00     0.00
     1203  0.32500       0.72500        0.0000          0.00     0.00     0.00
     1204  0.35000       0.72500        0.0000          0.00     0.00     0.00
     1205  0.37500       0.72500        0.0000          0.00     0.00     0.00
     1206  0.40000       0.72500        0.0000          0.00     0.00     0.00
     1207  0.42500       0.72500        0.0000          0.00     0.00     0.00
     1208  0.45000       0.72500        0.0000          0.00     0.00     0.00
     1209  0.47500       0.72500        0.0000          0.00     0.00     0.00
     1210  0.50000       0.72500        0.0000          0.00     0.00     0.00
     1211  0.52500       0.72500        0.0000          0.00     0.00     0.00
     1212  0.55000       0.72500        0.0000          0.00     0.00     0.00
     1213  0.57500       0.72500        0.0000          0.00     0.00     0.00
     1214  0.60000       0.72500        0.0000          0.00     0.00     0.00
     1215  0.62500       0.72500        0.0000          0.00     0.00     0.00
     1216  0.65000       0.72500        0.0000          0.00     0.00     0.00
     1217  0.67500       0.72500        0.0000          0.00     0.00     0.00
     1218  0.70000       0.72500        0.0000          0.00     0.00     0.00
     1219  0.72500       0.72500        0.0000          0.00     0.00     0.00
     1220  0.75000       0.72500        0.0000          0.00     0.00     0.00

    NODE        X             Y             Z           THXY     THYZ     THZX
     1221  0.77500       0.72500        0.0000          0.00     0.00     0.00
     1222  0.80000       0.72500        0.0000          0.00     0.00     0.00
     1223  0.82500       0.72500        0.0000          0.00     0.00     0.00
     1224  0.85000       0.72500        0.0000          0.00     0.00     0.00
     1225  0.87500       0.72500        0.0000          0.00     0.00     0.00
     1226  0.90000       0.72500        0.0000          0.00     0.00     0.00
     1227  0.92500       0.72500        0.0000          0.00     0.00     0.00
     1228  0.95000       0.72500        0.0000          0.00     0.00     0.00
     1229  0.97500       0.72500        0.0000          0.00     0.00     0.00
     1230   1.0000       0.72500        0.0000          0.00     0.00     0.00
     1231   0.0000       0.75000        0.0000          0.00     0.00     0.00
     1232  0.25000E-001  0.75000        0.0000          0.00     0.00     0.00
     1233  0.50000E-001  0.75000        0.0000          0.00     0.00     0.00
     1234  0.75000E-001  0.75000        0.0000          0.00     0.00     0.00
     1235  0.10000       0.75000        0.0000          0.00     0.00     0.00
     1236  0.12500       0.75000        0.0000          0.00     0.00     0.00
     1237  0.15000       0.75000        0.0000          0.00     0.00     0.00
     1238  0.17500       0.75000        0.0000          0.00     0.00     0.00
     1239  0.20000       0.75000        0.0000          0.00     0.00     0.00
     1240  0.22500       0.75000        0.0000          0.00     0.00     0.00

    NODE        X             Y             Z           THXY     THYZ     THZX
     1241  0.25000       0.75000        0.0000          0.00     0.00     0.00
     1242  0.27500       0.75000        0.0000          0.00     0.00     0.00
     1243  0.30000       0.75000        0.0000          0.00     0.00     0.00
     1244  0.32500       0.75000        0.0000          0.00     0.00     0.00
     1245  0.35000       0.75000        0.0000          0.00     0.00     0.00
     1246  0.37500       0.75000        0.0000          0.00     0.00     0.00
     1247  0.40000       0.75000        0.0000          0.00     0.00     0.00
     1248  0.42500       0.75000        0.0000          0.00     0.00     0.00
     1249  0.45000       0.75000        0.0000          0.00     0.00     0.00
     1250  0.47500       0.75000        0.0000          0.00     0.00     0.00
     1251  0.50000       0.75000        0.0000          0.00     0.00     0.00
     1252  0.52500       0.75000        0.0000          0.00     0.00     0.00
     1253  0.55000       0.75000        0.0000          0.00     0.00     0.00
     1254  0.57500       0.75000        0.0000          0.00     0.00     0.00
     1255  0.60000       0.75000        0.0000          0.00     0.00     0.00
     1256  0.62500       0.75000        0.0000          0.00     0.00     0.00
     1257  0.65000       0.75000        0.0000          0.00     0.00     0.00
     1258  0.67500       0.75000        0.0000          0.00     0.00     0.00
     1259  0.70000       0.75000        0.0000          0.00     0.00     0.00
     1260  0.72500       0.75000        0.0000          0.00     0.00     0.00

    NODE        X             Y             Z           THXY     THYZ     THZX
     1261  0.75000       0.75000        0.0000          0.00     0.00     0.00
     1262  0.77500       0.75000        0.0000          0.00     0.00     0.00
     1263  0.80000       0.75000        0.0000          0.00     0.00     0.00
     1264  0.82500       0.75000        0.0000          0.00     0.00     0.00
     1265  0.85000       0.75000        0.0000          0.00     0.00     0.00
     1266  0.87500       0.75000        0.0000          0.00     0.00     0.00
     1267  0.90000       0.75000        0.0000          0.00     0.00     0.00
     1268  0.92500       0.75000        0.0000          0.00     0.00     0.00
     1269  0.95000       0.75000        0.0000          0.00     0.00     0.00
     1270  0.97500       0.75000        0.0000          0.00     0.00     0.00
     1271   1.0000       0.75000        0.0000          0.00     0.00     0.00
     1272   0.0000       0.77500        0.0000          0.00     0.00     0.00
     1273  0.25000E-001  0.77500        0.0000          0.00     0.00     0.00
     1274  0.50000E-001  0.77500        0.0000          0.00     0.00     0.00
     1275  0.75000E-001  0.77500        0.0000          0.00     0.00     0.00
     1276  0.10000       0.77500        0.0000          0.00     0.00     0.00
     1277  0.12500       0.77500        0.0000          0.00     0.00     0.00
     1278  0.15000       0.77500        0.0000          0.00     0.00     0.00
     1279  0.17500       0.77500        0.0000          0.00     0.00     0.00
     1280  0.20000       0.77500        0.0000          0.00     0.00     0.00

    NODE        X             Y             Z           THXY     THYZ     THZX
     1281  0.22500       0.77500        0.0000          0.00     0.00     0.00
     1282  0.25000       0.77500        0.0000          0.00     0.00     0.00
     1283  0.27500       0.77500        0.0000          0.00     0.00     0.00
     1284  0.30000       0.77500        0.0000          0.00     0.00     0.00
     1285  0.32500       0.77500        0.0000          0.00     0.00     0.00
     1286  0.35000       0.77500        0.0000          0.00     0.00     0.00
     1287  0.37500       0.77500        0.0000          0.00     0.00     0.00
     1288  0.40000       0.77500        0.0000          0.00     0.00     0.00
     1289  0.42500       0.77500        0.0000          0.00     0.00     0.00
     1290  0.45000       0.77500        0.0000          0.00     0.00     0.00
     1291  0.47500       0.77500        0.0000          0.00     0.00     0.00
     1292  0.50000       0.77500        0.0000          0.00     0.00     0.00
     1293  0.52500       0.77500        0.0000          0.00     0.00     0.00
     1294  0.55000       0.77500        0.0000          0.00     0.00     0.00
     1295  0.57500       0.77500        0.0000          0.00     0.00     0.00
     1296  0.60000       0.77500        0.0000          0.00     0.00     0.00
     1297  0.62500       0.77500        0.0000          0.00     0.00     0.00
     1298  0.65000       0.77500        0.0000          0.00     0.00     0.00
     1299  0.67500       0.77500        0.0000          0.00     0.00     0.00
     1300  0.70000       0.77500        0.0000          0.00     0.00     0.00

    NODE        X             Y             Z           THXY     THYZ     THZX
     1301  0.72500       0.77500        0.0000          0.00     0.00     0.00
     1302  0.75000       0.77500        0.0000          0.00     0.00     0.00
     1303  0.77500       0.77500        0.0000          0.00     0.00     0.00
     1304  0.80000       0.77500        0.0000          0.00     0.00     0.00
     1305  0.82500       0.77500        0.0000          0.00     0.00     0.00
     1306  0.85000       0.77500        0.0000          0.00     0.00     0.00
     1307  0.87500       0.77500        0.0000          0.00     0.00     0.00
     1308  0.90000       0.77500        0.0000          0.00     0.00     0.00
     1309  0.92500       0.77500        0.0000          0.00     0.00     0.00
     1310  0.95000       0.77500        0.0000          0.00     0.00     0.00
     1311  0.97500       0.77500        0.0000          0.00     0.00     0.00
     1312   1.0000       0.77500        0.0000          0.00     0.00     0.00
     1313   0.0000       0.80000        0.0000          0.00     0.00     0.00
     1314  0.25000E-001  0.80000        0.0000          0.00     0.00     0.00
     1315  0.50000E-001  0.80000        0.0000          0.00     0.00     0.00
     1316  0.75000E-001  0.80000        0.0000          0.00     0.00     0.00
     1317  0.10000       0.80000        0.0000          0.00     0.00     0.00
     1318  0.12500       0.80000        0.0000          0.00     0.00     0.00
     1319  0.15000       0.80000        0.0000          0.00     0.00     0.00
     1320  0.17500       0.80000        0.0000          0.00     0.00     0.00

    NODE        X             Y             Z           THXY     THYZ     THZX
     1321  0.20000       0.80000        0.0000          0.00     0.00     0.00
     1322  0.22500       0.80000        0.0000          0.00     0.00     0.00
     1323  0.25000       0.80000        0.0000          0.00     0.00     0.00
     1324  0.27500       0.80000        0.0000          0.00     0.00     0.00
     1325  0.30000       0.80000        0.0000          0.00     0.00     0.00
     1326  0.32500       0.80000        0.0000          0.00     0.00     0.00
     1327  0.35000       0.80000        0.0000          0.00     0.00     0.00
     1328  0.37500       0.80000        0.0000          0.00     0.00     0.00
     1329  0.40000       0.80000        0.0000          0.00     0.00     0.00
     1330  0.42500       0.80000        0.0000          0.00     0.00     0.00
     1331  0.45000       0.80000        0.0000          0.00     0.00     0.00
     1332  0.47500       0.80000        0.0000          0.00     0.00     0.00
     1333  0.50000       0.80000        0.0000          0.00     0.00     0.00
     1334  0.52500       0.80000        0.0000          0.00     0.00     0.00
     1335  0.55000       0.80000        0.0000          0.00     0.00     0.00
     1336  0.57500       0.80000        0.0000          0.00     0.00     0.00
     1337  0.60000       0.80000        0.0000          0.00     0.00     0.00
     1338  0.62500       0.80000        0.0000          0.00     0.00     0.00
     1339  0.65000       0.80000        0.0000          0.00     0.00     0.00
     1340  0.67500       0.80000        0.0000          0.00     0.00     0.00

    NODE        X             Y             Z           THXY     THYZ     THZX
     1341  0.70000       0.80000        0.0000          0.00     0.00     0.00
     1342  0.72500       0.80000        0.0000          0.00     0.00     0.00
     1343  0.75000       0.80000        0.0000          0.00     0.00     0.00
     1344  0.77500       0.80000        0.0000          0.00     0.00     0.00
     1345  0.80000       0.80000        0.0000          0.00     0.00     0.00
     1346  0.82500       0.80000        0.0000          0.00     0.00     0.00
     1347  0.85000       0.80000        0.0000          0.00     0.00     0.00
     1348  0.87500       0.80000        0.0000          0.00     0.00     0.00
     1349  0.90000       0.80000        0.0000          0.00     0.00     0.00
     1350  0.92500       0.80000        0.0000          0.00     0.00     0.00
     1351  0.95000       0.80000        0.0000          0.00     0.00     0.00
     1352  0.97500       0.80000        0.0000          0.00     0.00     0.00
     1353   1.0000       0.80000        0.0000          0.00     0.00     0.00
     1354   0.0000       0.82500        0.0000          0.00     0.00     0.00
     1355  0.25000E-001  0.82500        0.0000          0.00     0.00     0.00
     1356  0.50000E-001  0.82500        0.0000          0.00     0.00     0.00
     1357  0.75000E-001  0.82500        0.0000          0.00     0.00     0.00
     1358  0.10000       0.82500        0.0000          0.00     0.00     0.00
     1359  0.12500       0.82500        0.0000          0.00     0.00     0.00
     1360  0.15000       0.82500        0.0000          0.00     0.00     0.00

    NODE        X             Y             Z           THXY     THYZ     THZX
     1361  0.17500       0.82500        0.0000          0.00     0.00     0.00
     1362  0.20000       0.82500        0.0000          0.00     0.00     0.00
     1363  0.22500       0.82500        0.0000          0.00     0.00     0.00
     1364  0.25000       0.82500        0.0000          0.00     0.00     0.00
     1365  0.27500       0.82500        0.0000          0.00     0.00     0.00
     1366  0.30000       0.82500        0.0000          0.00     0.00     0.00
     1367  0.32500       0.82500        0.0000          0.00     0.00     0.00
     1368  0.35000       0.82500        0.0000          0.00     0.00     0.00
     1369  0.37500       0.82500        0.0000          0.00     0.00     0.00
     1370  0.40000       0.82500        0.0000          0.00     0.00     0.00
     1371  0.42500       0.82500        0.0000          0.00     0.00     0.00
     1372  0.45000       0.82500        0.0000          0.00     0.00     0.00
     1373  0.47500       0.82500        0.0000          0.00     0.00     0.00
     1374  0.50000       0.82500        0.0000          0.00     0.00     0.00
     1375  0.52500       0.82500        0.0000          0.00     0.00     0.00
     1376  0.55000       0.82500        0.0000          0.00     0.00     0.00
     1377  0.57500       0.82500        0.0000          0.00     0.00     0.00
     1378  0.60000       0.82500        0.0000          0.00     0.00     0.00
     1379  0.62500       0.82500        0.0000          0.00     0.00     0.00
     1380  0.65000       0.82500        0.0000          0.00     0.00     0.00

    NODE        X             Y             Z           THXY     THYZ     THZX
     1381  0.67500       0.82500        0.0000          0.00     0.00     0.00
     1382  0.70000       0.82500        0.0000          0.00     0.00     0.00
     1383  0.72500       0.82500        0.0000          0.00     0.00     0.00
     1384  0.75000       0.82500        0.0000          0.00     0.00     0.00
     1385  0.77500       0.82500        0.0000          0.00     0.00     0.00
     1386  0.80000       0.82500        0.0000          0.00     0.00     0.00
     1387  0.82500       0.82500        0.0000          0.00     0.00     0.00
     1388  0.85000       0.82500        0.0000          0.00     0.00     0.00
     1389  0.87500       0.82500        0.0000          0.00     0.00     0.00
     1390  0.90000       0.82500        0.0000          0.00     0.00     0.00
     1391  0.92500       0.82500        0.0000          0.00     0.00     0.00
     1392  0.95000       0.82500        0.0000          0.00     0.00     0.00
     1393  0.97500       0.82500        0.0000          0.00     0.00     0.00
     1394   1.0000       0.82500        0.0000          0.00     0.00     0.00
     1395   0.0000       0.85000        0.0000          0.00     0.00     0.00
     1396  0.25000E-001  0.85000        0.0000          0.00     0.00     0.00
     1397  0.50000E-001  0.85000        0.0000          0.00     0.00     0.00
     1398  0.75000E-001  0.85000        0.0000          0.00     0.00     0.00
     1399  0.10000       0.85000        0.0000          0.00     0.00     0.00
     1400  0.12500       0.85000        0.0000          0.00     0.00     0.00

    NODE        X             Y             Z           THXY     THYZ     THZX
     1401  0.15000       0.85000        0.0000          0.00     0.00     0.00
     1402  0.17500       0.85000        0.0000          0.00     0.00     0.00
     1403  0.20000       0.85000        0.0000          0.00     0.00     0.00
     1404  0.22500       0.85000        0.0000          0.00     0.00     0.00
     1405  0.25000       0.85000        0.0000          0.00     0.00     0.00
     1406  0.27500       0.85000        0.0000          0.00     0.00     0.00
     1407  0.30000       0.85000        0.0000          0.00     0.00     0.00
     1408  0.32500       0.85000        0.0000          0.00     0.00     0.00
     1409  0.35000       0.85000        0.0000          0.00     0.00     0.00
     1410  0.37500       0.85000        0.0000          0.00     0.00     0.00
     1411  0.40000       0.85000        0.0000          0.00     0.00     0.00
     1412  0.42500       0.85000        0.0000          0.00     0.00     0.00
     1413  0.45000       0.85000        0.0000          0.00     0.00     0.00
     1414  0.47500       0.85000        0.0000          0.00     0.00     0.00
     1415  0.50000       0.85000        0.0000          0.00     0.00     0.00
     1416  0.52500       0.85000        0.0000          0.00     0.00     0.00
     1417  0.55000       0.85000        0.0000          0.00     0.00     0.00
     1418  0.57500       0.85000        0.0000          0.00     0.00     0.00
     1419  0.60000       0.85000        0.0000          0.00     0.00     0.00
     1420  0.62500       0.85000        0.0000          0.00     0.00     0.00

    NODE        X             Y             Z           THXY     THYZ     THZX
     1421  0.65000       0.85000        0.0000          0.00     0.00     0.00
     1422  0.67500       0.85000        0.0000          0.00     0.00     0.00
     1423  0.70000       0.85000        0.0000          0.00     0.00     0.00
     1424  0.72500       0.85000        0.0000          0.00     0.00     0.00
     1425  0.75000       0.85000        0.0000          0.00     0.00     0.00
     1426  0.77500       0.85000        0.0000          0.00     0.00     0.00
     1427  0.80000       0.85000        0.0000          0.00     0.00     0.00
     1428  0.82500       0.85000        0.0000          0.00     0.00     0.00
     1429  0.85000       0.85000        0.0000          0.00     0.00     0.00
     1430  0.87500       0.85000        0.0000          0.00     0.00     0.00
     1431  0.90000       0.85000        0.0000          0.00     0.00     0.00
     1432  0.92500       0.85000        0.0000          0.00     0.00     0.00
     1433  0.95000       0.85000        0.0000          0.00     0.00     0.00
     1434  0.97500       0.85000        0.0000          0.00     0.00     0.00
     1435   1.0000       0.85000        0.0000          0.00     0.00     0.00
     1436   0.0000       0.87500        0.0000          0.00     0.00     0.00
     1437  0.25000E-001  0.87500        0.0000          0.00     0.00     0.00
     1438  0.50000E-001  0.87500        0.0000          0.00     0.00     0.00
     1439  0.75000E-001  0.87500        0.0000          0.00     0.00     0.00
     1440  0.10000       0.87500        0.0000          0.00     0.00     0.00

    NODE        X             Y             Z           THXY     THYZ     THZX
     1441  0.12500       0.87500        0.0000          0.00     0.00     0.00
     1442  0.15000       0.87500        0.0000          0.00     0.00     0.00
     1443  0.17500       0.87500        0.0000          0.00     0.00     0.00
     1444  0.20000       0.87500        0.0000          0.00     0.00     0.00
     1445  0.22500       0.87500        0.0000          0.00     0.00     0.00
     1446  0.25000       0.87500        0.0000          0.00     0.00     0.00
     1447  0.27500       0.87500        0.0000          0.00     0.00     0.00
     1448  0.30000       0.87500        0.0000          0.00     0.00     0.00
     1449  0.32500       0.87500        0.0000          0.00     0.00     0.00
     1450  0.35000       0.87500        0.0000          0.00     0.00     0.00
     1451  0.37500       0.87500        0.0000          0.00     0.00     0.00
     1452  0.40000       0.87500        0.0000          0.00     0.00     0.00
     1453  0.42500       0.87500        0.0000          0.00     0.00     0.00
     1454  0.45000       0.87500        0.0000          0.00     0.00     0.00
     1455  0.47500       0.87500        0.0000          0.00     0.00     0.00
     1456  0.50000       0.87500        0.0000          0.00     0.00     0.00
     1457  0.52500       0.87500        0.0000          0.00     0.00     0.00
     1458  0.55000       0.87500        0.0000          0.00     0.00     0.00
     1459  0.57500       0.87500        0.0000          0.00     0.00     0.00
     1460  0.60000       0.87500        0.0000          0.00     0.00     0.00

    NODE        X             Y             Z           THXY     THYZ     THZX
     1461  0.62500       0.87500        0.0000          0.00     0.00     0.00
     1462  0.65000       0.87500        0.0000          0.00     0.00     0.00
     1463  0.67500       0.87500        0.0000          0.00     0.00     0.00
     1464  0.70000       0.87500        0.0000          0.00     0.00     0.00
     1465  0.72500       0.87500        0.0000          0.00     0.00     0.00
     1466  0.75000       0.87500        0.0000          0.00     0.00     0.00
     1467  0.77500       0.87500        0.0000          0.00     0.00     0.00
     1468  0.80000       0.87500        0.0000          0.00     0.00     0.00
     1469  0.82500       0.87500        0.0000          0.00     0.00     0.00
     1470  0.85000       0.87500        0.0000          0.00     0.00     0.00
     1471  0.87500       0.87500        0.0000          0.00     0.00     0.00
     1472  0.90000       0.87500        0.0000          0.00     0.00     0.00
     1473  0.92500       0.87500        0.0000          0.00     0.00     0.00
     1474  0.95000       0.87500        0.0000          0.00     0.00     0.00
     1475  0.97500       0.87500        0.0000          0.00     0.00     0.00
     1476   1.0000       0.87500        0.0000          0.00     0.00     0.00
     1477   0.0000       0.90000        0.0000          0.00     0.00     0.00
     1478  0.25000E-001  0.90000        0.0000          0.00     0.00     0.00
     1479  0.50000E-001  0.90000        0.0000          0.00     0.00     0.00
     1480  0.75000E-001  0.90000        0.0000          0.00     0.00     0.00

    NODE        X             Y             Z           THXY     THYZ     THZX
     1481  0.10000       0.90000        0.0000          0.00     0.00     0.00
     1482  0.12500       0.90000        0.0000          0.00     0.00     0.00
     1483  0.15000       0.90000        0.0000          0.00     0.00     0.00
     1484  0.17500       0.90000        0.0000          0.00     0.00     0.00
     1485  0.20000       0.90000        0.0000          0.00     0.00     0.00
     1486  0.22500       0.90000        0.0000          0.00     0.00     0.00
     1487  0.25000       0.90000        0.0000          0.00     0.00     0.00
     1488  0.27500       0.90000        0.0000          0.00     0.00     0.00
     1489  0.30000       0.90000        0.0000          0.00     0.00     0.00
     1490  0.32500       0.90000        0.0000          0.00     0.00     0.00
     1491  0.35000       0.90000        0.0000          0.00     0.00     0.00
     1492  0.37500       0.90000        0.0000          0.00     0.00     0.00
     1493  0.40000       0.90000        0.0000          0.00     0.00     0.00
     1494  0.42500       0.90000        0.0000          0.00     0.00     0.00
     1495  0.45000       0.90000        0.0000          0.00     0.00     0.00
     1496  0.47500       0.90000        0.0000          0.00     0.00     0.00
     1497  0.50000       0.90000        0.0000          0.00     0.00     0.00
     1498  0.52500       0.90000        0.0000          0.00     0.00     0.00
     1499  0.55000       0.90000        0.0000          0.00     0.00     0.00
     1500  0.57500       0.90000        0.0000          0.00     0.00     0.00

    NODE        X             Y             Z           THXY     THYZ     THZX
     1501  0.60000       0.90000        0.0000          0.00     0.00     0.00
     1502  0.62500       0.90000        0.0000          0.00     0.00     0.00
     1503  0.65000       0.90000        0.0000          0.00     0.00     0.00
     1504  0.67500       0.90000        0.0000          0.00     0.00     0.00
     1505  0.70000       0.90000        0.0000          0.00     0.00     0.00
     1506  0.72500       0.90000        0.0000          0.00     0.00     0.00
     1507  0.75000       0.90000        0.0000          0.00     0.00     0.00
     1508  0.77500       0.90000        0.0000          0.00     0.00     0.00
     1509  0.80000       0.90000        0.0000          0.00     0.00     0.00
     1510  0.82500       0.90000        0.0000          0.00     0.00     0.00
     1511  0.85000       0.90000        0.0000          0.00     0.00     0.00
     1512  0.87500       0.90000        0.0000          0.00     0.00     0.00
     1513  0.90000       0.90000        0.0000          0.00     0.00     0.00
     1514  0.92500       0.90000        0.0000          0.00     0.00     0.00
     1515  0.95000       0.90000        0.0000          0.00     0.00     0.00
     1516  0.97500       0.90000        0.0000          0.00     0.00     0.00
     1517   1.0000       0.90000        0.0000          0.00     0.00     0.00
     1518   0.0000       0.92500        0.0000          0.00     0.00     0.00
     1519  0.25000E-001  0.92500        0.0000          0.00     0.00     0.00
     1520  0.50000E-001  0.92500        0.0000          0.00     0.00     0.00

    NODE        X             Y             Z           THXY     THYZ     THZX
     1521  0.75000E-001  0.92500        0.0000          0.00     0.00     0.00
     1522  0.10000       0.92500        0.0000          0.00     0.00     0.00
     1523  0.12500       0.92500        0.0000          0.00     0.00     0.00
     1524  0.15000       0.92500        0.0000          0.00     0.00     0.00
     1525  0.17500       0.92500        0.0000          0.00     0.00     0.00
     1526  0.20000       0.92500        0.0000          0.00     0.00     0.00
     1527  0.22500       0.92500        0.0000          0.00     0.00     0.00
     1528  0.25000       0.92500        0.0000          0.00     0.00     0.00
     1529  0.27500       0.92500        0.0000          0.00     0.00     0.00
     1530  0.30000       0.92500        0.0000          0.00     0.00     0.00
     1531  0.32500       0.92500        0.0000          0.00     0.00     0.00
     1532  0.35000       0.92500        0.0000          0.00     0.00     0.00
     1533  0.37500       0.92500        0.0000          0.00     0.00     0.00
     1534  0.40000       0.92500        0.0000          0.00     0.00     0.00
     1535  0.42500       0.92500        0.0000          0.00     0.00     0.00
     1536  0.45000       0.92500        0.0000          0.00     0.00     0.00
     1537  0.47500       0.92500        0.0000          0.00     0.00     0.00
     1538  0.50000       0.92500        0.0000          0.00     0.00     0.00
     1539  0.52500       0.92500        0.0000          0.00     0.00     0.00
     1540  0.55000       0.92500        0.0000          0.00     0.00     0.00

    NODE        X             Y             Z           THXY     THYZ     THZX
     1541  0.57500       0.92500        0.0000          0.00     0.00     0.00
     1542  0.60000       0.92500        0.0000          0.00     0.00     0.00
     1543  0.62500       0.92500        0.0000          0.00     0.00     0.00
     1544  0.65000       0.92500        0.0000          0.00     0.00     0.00
     1545  0.67500       0.92500        0.0000          0.00     0.00     0.00
     1546  0.70000       0.92500        0.0000          0.00     0.00     0.00
     1547  0.72500       0.92500        0.0000          0.00     0.00     0.00
     1548  0.75000       0.92500        0.0000          0.00     0.00     0.00
     1549  0.77500       0.92500        0.0000          0.00     0.00     0.00
     1550  0.80000       0.92500        0.0000          0.00     0.00     0.00
     1551  0.82500       0.92500        0.0000          0.00     0.00     0.00
     1552  0.85000       0.92500        0.0000          0.00     0.00     0.00
     1553  0.87500       0.92500        0.0000          0.00     0.00     0.00
     1554  0.90000       0.92500        0.0000          0.00     0.00     0.00
     1555  0.92500       0.92500        0.0000          0.00     0.00     0.00
     1556  0.95000       0.92500        0.0000          0.00     0.00     0.00
     1557  0.97500       0.92500        0.0000          0.00     0.00     0.00
     1558   1.0000       0.92500        0.0000          0.00     0.00     0.00
     1559   0.0000       0.95000        0.0000          0.00     0.00     0.00
     1560  0.25000E-001  0.95000        0.0000          0.00     0.00     0.00

    NODE        X             Y             Z           THXY     THYZ     THZX
     1561  0.50000E-001  0.95000        0.0000          0.00     0.00     0.00
     1562  0.75000E-001  0.95000        0.0000          0.00     0.00     0.00
     1563  0.10000       0.95000        0.0000          0.00     0.00     0.00
     1564  0.12500       0.95000        0.0000          0.00     0.00     0.00
     1565  0.15000       0.95000        0.0000          0.00     0.00     0.00
     1566  0.17500       0.95000        0.0000          0.00     0.00     0.00
     1567  0.20000       0.95000        0.0000          0.00     0.00     0.00
     1568  0.22500       0.95000        0.0000          0.00     0.00     0.00
     1569  0.25000       0.95000        0.0000          0.00     0.00     0.00
     1570  0.27500       0.95000        0.0000          0.00     0.00     0.00
     1571  0.30000       0.95000        0.0000          0.00     0.00     0.00
     1572  0.32500       0.95000        0.0000          0.00     0.00     0.00
     1573  0.35000       0.95000        0.0000          0.00     0.00     0.00
     1574  0.37500       0.95000        0.0000          0.00     0.00     0.00
     1575  0.40000       0.95000        0.0000          0.00     0.00     0.00
     1576  0.42500       0.95000        0.0000          0.00     0.00     0.00
     1577  0.45000       0.95000        0.0000          0.00     0.00     0.00
     1578  0.47500       0.95000        0.0000          0.00     0.00     0.00
     1579  0.50000       0.95000        0.0000          0.00     0.00     0.00
     1580  0.52500       0.95000        0.0000          0.00     0.00     0.00

    NODE        X             Y             Z           THXY     THYZ     THZX
     1581  0.55000       0.95000        0.0000          0.00     0.00     0.00
     1582  0.57500       0.95000        0.0000          0.00     0.00     0.00
     1583  0.60000       0.95000        0.0000          0.00     0.00     0.00
     1584  0.62500       0.95000        0.0000          0.00     0.00     0.00
     1585  0.65000       0.95000        0.0000          0.00     0.00     0.00
     1586  0.67500       0.95000        0.0000          0.00     0.00     0.00
     1587  0.70000       0.95000        0.0000          0.00     0.00     0.00
     1588  0.72500       0.95000        0.0000          0.00     0.00     0.00
     1589  0.75000       0.95000        0.0000          0.00     0.00     0.00
     1590  0.77500       0.95000        0.0000          0.00     0.00     0.00
     1591  0.80000       0.95000        0.0000          0.00     0.00     0.00
     1592  0.82500       0.95000        0.0000          0.00     0.00     0.00
     1593  0.85000       0.95000        0.0000          0.00     0.00     0.00
     1594  0.87500       0.95000        0.0000          0.00     0.00     0.00
     1595  0.90000       0.95000        0.0000          0.00     0.00     0.00
     1596  0.92500       0.95000        0.0000          0.00     0.00     0.00
     1597  0.95000       0.95000        0.0000          0.00     0.00     0.00
     1598  0.97500       0.95000        0.0000          0.00     0.00     0.00
     1599   1.0000       0.95000        0.0000          0.00     0.00     0.00
     1600   0.0000       0.97500        0.0000          0.00     0.00     0.00

    NODE        X             Y             Z           THXY     THYZ     THZX
     1601  0.25000E-001  0.97500        0.0000          0.00     0.00     0.00
     1602  0.50000E-001  0.97500        0.0000          0.00     0.00     0.00
     1603  0.75000E-001  0.97500        0.0000          0.00     0.00     0.00
     1604  0.10000       0.97500        0.0000          0.00     0.00     0.00
     1605  0.12500       0.97500        0.0000          0.00     0.00     0.00
     1606  0.15000       0.97500        0.0000          0.00     0.00     0.00
     1607  0.17500       0.97500        0.0000          0.00     0.00     0.00
     1608  0.20000       0.97500        0.0000          0.00     0.00     0.00
     1609  0.22500       0.97500        0.0000          0.00     0.00     0.00
     1610  0.25000       0.97500        0.0000          0.00     0.00     0.00
     1611  0.27500       0.97500        0.0000          0.00     0.00     0.00
     1612  0.30000       0.97500        0.0000          0.00     0.00     0.00
     1613  0.32500       0.97500        0.0000          0.00     0.00     0.00
     1614  0.35000       0.97500        0.0000          0.00     0.00     0.00
     1615  0.37500       0.97500        0.0000          0.00     0.00     0.00
     1616  0.40000       0.97500        0.0000          0.00     0.00     0.00
     1617  0.42500       0.97500        0.0000          0.00     0.00     0.00
     1618  0.45000       0.97500        0.0000          0.00     0.00     0.00
     1619  0.47500       0.97500        0.0000          0.00     0.00     0.00
     1620  0.50000       0.97500        0.0000          0.00     0.00     0.00

    NODE        X             Y             Z           THXY     THYZ     THZX
     1621  0.52500       0.97500        0.0000          0.00     0.00     0.00
     1622  0.55000       0.97500        0.0000          0.00     0.00     0.00
     1623  0.57500       0.97500        0.0000          0.00     0.00     0.00
     1624  0.60000       0.97500        0.0000          0.00     0.00     0.00
     1625  0.62500       0.97500        0.0000          0.00     0.00     0.00
     1626  0.65000       0.97500        0.0000          0.00     0.00     0.00
     1627  0.67500       0.97500        0.0000          0.00     0.00     0.00
     1628  0.70000       0.97500        0.0000          0.00     0.00     0.00
     1629  0.72500       0.97500        0.0000          0.00     0.00     0.00
     1630  0.75000       0.97500        0.0000          0.00     0.00     0.00
     1631  0.77500       0.97500        0.0000          0.00     0.00     0.00
     1632  0.80000       0.97500        0.0000          0.00     0.00     0.00
     1633  0.82500       0.97500        0.0000          0.00     0.00     0.00
     1634  0.85000       0.97500        0.0000          0.00     0.00     0.00
     1635  0.87500       0.97500        0.0000          0.00     0.00     0.00
     1636  0.90000       0.97500        0.0000          0.00     0.00     0.00
     1637  0.92500       0.97500        0.0000          0.00     0.00     0.00
     1638  0.95000       0.97500        0.0000          0.00     0.00     0.00
     1639  0.97500       0.97500        0.0000          0.00     0.00     0.00
     1640   1.0000       0.97500        0.0000          0.00     0.00     0.00

    NODE        X             Y             Z           THXY     THYZ     THZX
     1641   0.0000        1.0000        0.0000          0.00     0.00     0.00
     1642  0.25000E-001   1.0000        0.0000          0.00     0.00     0.00
     1643  0.50000E-001   1.0000        0.0000          0.00     0.00     0.00
     1644  0.75000E-001   1.0000        0.0000          0.00     0.00     0.00
     1645  0.10000        1.0000        0.0000          0.00     0.00     0.00
     1646  0.12500        1.0000        0.0000          0.00     0.00     0.00
     1647  0.15000        1.0000        0.0000          0.00     0.00     0.00
     1648  0.17500        1.0000        0.0000          0.00     0.00     0.00
     1649  0.20000        1.0000        0.0000          0.00     0.00     0.00
     1650  0.22500        1.0000        0.0000          0.00     0.00     0.00
     1651  0.25000        1.0000        0.0000          0.00     0.00     0.00
     1652  0.27500        1.0000        0.0000          0.00     0.00     0.00
     1653  0.30000        1.0000        0.0000          0.00     0.00     0.00
     1654  0.32500        1.0000        0.0000          0.00     0.00     0.00
     1655  0.35000        1.0000        0.0000          0.00     0.00     0.00
     1656  0.37500        1.0000        0.0000          0.00     0.00     0.00
     1657  0.40000        1.0000        0.0000          0.00     0.00     0.00
     1658  0.42500        1.0000        0.0000          0.00     0.00     0.00
     1659  0.45000        1.0000        0.0000          0.00     0.00     0.00
     1660  0.47500        1.0000        0.0000          0.00     0.00     0.00

    NODE        X             Y             Z           THXY     THYZ     THZX
     1661  0.50000        1.0000        0.0000          0.00     0.00     0.00
     1662  0.52500        1.0000        0.0000          0.00     0.00     0.00
     1663  0.55000        1.0000        0.0000          0.00     0.00     0.00
     1664  0.57500        1.0000        0.0000          0.00     0.00     0.00
     1665  0.60000        1.0000        0.0000          0.00     0.00     0.00
     1666  0.62500        1.0000        0.0000          0.00     0.00     0.00
     1667  0.65000        1.0000        0.0000          0.00     0.00     0.00
     1668  0.67500        1.0000        0.0000          0.00     0.00     0.00
     1669  0.70000        1.0000        0.0000          0.00     0.00     0.00
     1670  0.72500        1.0000        0.0000          0.00     0.00     0.00
     1671  0.75000        1.0000        0.0000          0.00     0.00     0.00
     1672  0.77500        1.0000        0.0000          0.00     0.00     0.00
     1673  0.80000        1.0000        0.0000          0.00     0.00     0.00
     1674  0.82500        1.0000        0.0000          0.00     0.00     0.00
     1675  0.85000        1.0000        0.0000          0.00     0.00     0.00
     1676  0.87500        1.0000        0.0000          0.00     0.00     0.00
     1677  0.90000        1.0000        0.0000          0.00     0.00     0.00
     1678  0.92500        1.0000        0.0000          0.00     0.00     0.00
     1679  0.95000        1.0000        0.0000          0.00     0.00     0.00
     1680  0.97500        1.0000        0.0000          0.00     0.00     0.00

    NODE        X             Y             Z           THXY     THYZ     THZX
     1681   1.0000        1.0000        0.0000          0.00     0.00     0.00
     1682   0.0000        1.0250        0.0000          0.00     0.00     0.00
     1683  0.25000E-001   1.0250        0.0000          0.00     0.00     0.00
     1684  0.50000E-001   1.0250        0.0000          0.00     0.00     0.00
     1685  0.75000E-001   1.0250        0.0000          0.00     0.00     0.00
     1686  0.10000        1.0250        0.0000          0.00     0.00     0.00
     1687  0.12500        1.0250        0.0000          0.00     0.00     0.00
     1688  0.15000        1.0250        0.0000          0.00     0.00     0.00
     1689  0.17500        1.0250        0.0000          0.00     0.00     0.00
     1690  0.20000        1.0250        0.0000          0.00     0.00     0.00
     1691  0.22500        1.0250        0.0000          0.00     0.00     0.00
     1692  0.25000        1.0250        0.0000          0.00     0.00     0.00
     1693  0.27500        1.0250        0.0000          0.00     0.00     0.00
     1694  0.30000        1.0250        0.0000          0.00     0.00     0.00
     1695  0.32500        1.0250        0.0000          0.00     0.00     0.00
     1696  0.35000        1.0250        0.0000          0.00     0.00     0.00
     1697  0.37500        1.0250        0.0000          0.00     0.00     0.00
     1698  0.40000        1.0250        0.0000          0.00     0.00     0.00
     1699  0.42500        1.0250        0.0000          0.00     0.00     0.00
     1700  0.45000        1.0250        0.0000          0.00     0.00     0.00

    NODE        X             Y             Z           THXY     THYZ     THZX
     1701  0.47500        1.0250        0.0000          0.00     0.00     0.00
     1702  0.50000        1.0250        0.0000          0.00     0.00     0.00
     1703  0.52500        1.0250        0.0000          0.00     0.00     0.00
     1704  0.55000        1.0250        0.0000          0.00     0.00     0.00
     1705  0.57500        1.0250        0.0000          0.00     0.00     0.00
     1706  0.60000        1.0250        0.0000          0.00     0.00     0.00
     1707  0.62500        1.0250        0.0000          0.00     0.00     0.00
     1708  0.65000        1.0250        0.0000          0.00     0.00     0.00
     1709  0.67500        1.0250        0.0000          0.00     0.00     0.00
     1710  0.70000        1.0250        0.0000          0.00     0.00     0.00
     1711  0.72500        1.0250        0.0000          0.00     0.00     0.00
     1712  0.75000        1.0250        0.0000          0.00     0.00     0.00
     1713  0.77500        1.0250        0.0000          0.00     0.00     0.00
     1714  0.80000        1.0250        0.0000          0.00     0.00     0.00
     1715  0.82500        1.0250        0.0000          0.00     0.00     0.00
     1716  0.85000        1.0250        0.0000          0.00     0.00     0.00
     1717  0.87500        1.0250        0.0000          0.00     0.00     0.00
     1718  0.90000        1.0250        0.0000          0.00     0.00     0.00
     1719  0.92500        1.0250        0.0000          0.00     0.00     0.00
     1720  0.95000        1.0250        0.0000          0.00     0.00     0.00

    NODE        X             Y             Z           THXY     THYZ     THZX
     1721  0.97500        1.0250        0.0000          0.00     0.00     0.00
     1722   1.0000        1.0250        0.0000          0.00     0.00     0.00
     1723   0.0000        1.0500        0.0000          0.00     0.00     0.00
     1724  0.25000E-001   1.0500        0.0000          0.00     0.00     0.00
     1725  0.50000E-001   1.0500        0.0000          0.00     0.00     0.00
     1726  0.75000E-001   1.0500        0.0000          0.00     0.00     0.00
     1727  0.10000        1.0500        0.0000          0.00     0.00     0.00
     1728  0.12500        1.0500        0.0000          0.00     0.00     0.00
     1729  0.15000        1.0500        0.0000          0.00     0.00     0.00
     1730  0.17500        1.0500        0.0000          0.00     0.00     0.00
     1731  0.20000        1.0500        0.0000          0.00     0.00     0.00
     1732  0.22500        1.0500        0.0000          0.00     0.00     0.00
     1733  0.25000        1.0500        0.0000          0.00     0.00     0.00
     1734  0.27500        1.0500        0.0000          0.00     0.00     0.00
     1735  0.30000        1.0500        0.0000          0.00     0.00     0.00
     1736  0.32500        1.0500        0.0000          0.00     0.00     0.00
     1737  0.35000        1.0500        0.0000          0.00     0.00     0.00
     1738  0.37500        1.0500        0.0000          0.00     0.00     0.00
     1739  0.40000        1.0500        0.0000          0.00     0.00     0.00
     1740  0.42500        1.0500        0.0000          0.00     0.00     0.00

    NODE        X             Y             Z           THXY     THYZ     THZX
     1741  0.45000        1.0500        0.0000          0.00     0.00     0.00
     1742  0.47500        1.0500        0.0000          0.00     0.00     0.00
     1743  0.50000        1.0500        0.0000          0.00     0.00     0.00
     1744  0.52500        1.0500        0.0000          0.00     0.00     0.00
     1745  0.55000        1.0500        0.0000          0.00     0.00     0.00
     1746  0.57500        1.0500        0.0000          0.00     0.00     0.00
     1747  0.60000        1.0500        0.0000          0.00     0.00     0.00
     1748  0.62500        1.0500        0.0000          0.00     0.00     0.00
     1749  0.65000        1.0500        0.0000          0.00     0.00     0.00
     1750  0.67500        1.0500        0.0000          0.00     0.00     0.00
     1751  0.70000        1.0500        0.0000          0.00     0.00     0.00
     1752  0.72500        1.0500        0.0000          0.00     0.00     0.00
     1753  0.75000        1.0500        0.0000          0.00     0.00     0.00
     1754  0.77500        1.0500        0.0000          0.00     0.00     0.00
     1755  0.80000        1.0500        0.0000          0.00     0.00     0.00
     1756  0.82500        1.0500        0.0000          0.00     0.00     0.00
     1757  0.85000        1.0500        0.0000          0.00     0.00     0.00
     1758  0.87500        1.0500        0.0000          0.00     0.00     0.00
     1759  0.90000        1.0500        0.0000          0.00     0.00     0.00
     1760  0.92500        1.0500        0.0000          0.00     0.00     0.00

    NODE        X             Y             Z           THXY     THYZ     THZX
     1761  0.95000        1.0500        0.0000          0.00     0.00     0.00
     1762  0.97500        1.0500        0.0000          0.00     0.00     0.00
     1763   1.0000        1.0500        0.0000          0.00     0.00     0.00
     1764   0.0000        1.0750        0.0000          0.00     0.00     0.00
     1765  0.25000E-001   1.0750        0.0000          0.00     0.00     0.00
     1766  0.50000E-001   1.0750        0.0000          0.00     0.00     0.00
     1767  0.75000E-001   1.0750        0.0000          0.00     0.00     0.00
     1768  0.10000        1.0750        0.0000          0.00     0.00     0.00
     1769  0.12500        1.0750        0.0000          0.00     0.00     0.00
     1770  0.15000        1.0750        0.0000          0.00     0.00     0.00
     1771  0.17500        1.0750        0.0000          0.00     0.00     0.00
     1772  0.20000        1.0750        0.0000          0.00     0.00     0.00
     1773  0.22500        1.0750        0.0000          0.00     0.00     0.00
     1774  0.25000        1.0750        0.0000          0.00     0.00     0.00
     1775  0.27500        1.0750        0.0000          0.00     0.00     0.00
     1776  0.30000        1.0750        0.0000          0.00     0.00     0.00
     1777  0.32500        1.0750        0.0000          0.00     0.00     0.00
     1778  0.35000        1.0750        0.0000          0.00     0.00     0.00
     1779  0.37500        1.0750        0.0000          0.00     0.00     0.00
     1780  0.40000        1.0750        0.0000          0.00     0.00     0.00

    NODE        X             Y             Z           THXY     THYZ     THZX
     1781  0.42500        1.0750        0.0000          0.00     0.00     0.00
     1782  0.45000        1.0750        0.0000          0.00     0.00     0.00
     1783  0.47500        1.0750        0.0000          0.00     0.00     0.00
     1784  0.50000        1.0750        0.0000          0.00     0.00     0.00
     1785  0.52500        1.0750        0.0000          0.00     0.00     0.00
     1786  0.55000        1.0750        0.0000          0.00     0.00     0.00
     1787  0.57500        1.0750        0.0000          0.00     0.00     0.00
     1788  0.60000        1.0750        0.0000          0.00     0.00     0.00
     1789  0.62500        1.0750        0.0000          0.00     0.00     0.00
     1790  0.65000        1.0750        0.0000          0.00     0.00     0.00
     1791  0.67500        1.0750        0.0000          0.00     0.00     0.00
     1792  0.70000        1.0750        0.0000          0.00     0.00     0.00
     1793  0.72500        1.0750        0.0000          0.00     0.00     0.00
     1794  0.75000        1.0750        0.0000          0.00     0.00     0.00
     1795  0.77500        1.0750        0.0000          0.00     0.00     0.00
     1796  0.80000        1.0750        0.0000          0.00     0.00     0.00
     1797  0.82500        1.0750        0.0000          0.00     0.00     0.00
     1798  0.85000        1.0750        0.0000          0.00     0.00     0.00
     1799  0.87500        1.0750        0.0000          0.00     0.00     0.00
     1800  0.90000        1.0750        0.0000          0.00     0.00     0.00

    NODE        X             Y             Z           THXY     THYZ     THZX
     1801  0.92500        1.0750        0.0000          0.00     0.00     0.00
     1802  0.95000        1.0750        0.0000          0.00     0.00     0.00
     1803  0.97500        1.0750        0.0000          0.00     0.00     0.00
     1804   1.0000        1.0750        0.0000          0.00     0.00     0.00
     1805   0.0000        1.1000        0.0000          0.00     0.00     0.00
     1806  0.25000E-001   1.1000        0.0000          0.00     0.00     0.00
     1807  0.50000E-001   1.1000        0.0000          0.00     0.00     0.00
     1808  0.75000E-001   1.1000        0.0000          0.00     0.00     0.00
     1809  0.10000        1.1000        0.0000          0.00     0.00     0.00
     1810  0.12500        1.1000        0.0000          0.00     0.00     0.00
     1811  0.15000        1.1000        0.0000          0.00     0.00     0.00
     1812  0.17500        1.1000        0.0000          0.00     0.00     0.00
     1813  0.20000        1.1000        0.0000          0.00     0.00     0.00
     1814  0.22500        1.1000        0.0000          0.00     0.00     0.00
     1815  0.25000        1.1000        0.0000          0.00     0.00     0.00
     1816  0.27500        1.1000        0.0000          0.00     0.00     0.00
     1817  0.30000        1.1000        0.0000          0.00     0.00     0.00
     1818  0.32500        1.1000        0.0000          0.00     0.00     0.00
     1819  0.35000        1.1000        0.0000          0.00     0.00     0.00
     1820  0.37500        1.1000        0.0000          0.00     0.00     0.00

    NODE        X             Y             Z           THXY     THYZ     THZX
     1821  0.40000        1.1000        0.0000          0.00     0.00     0.00
     1822  0.42500        1.1000        0.0000          0.00     0.00     0.00
     1823  0.45000        1.1000        0.0000          0.00     0.00     0.00
     1824  0.47500        1.1000        0.0000          0.00     0.00     0.00
     1825  0.50000        1.1000        0.0000          0.00     0.00     0.00
     1826  0.52500        1.1000        0.0000          0.00     0.00     0.00
     1827  0.55000        1.1000        0.0000          0.00     0.00     0.00
     1828  0.57500        1.1000        0.0000          0.00     0.00     0.00
     1829  0.60000        1.1000        0.0000          0.00     0.00     0.00
     1830  0.62500        1.1000        0.0000          0.00     0.00     0.00
     1831  0.65000        1.1000        0.0000          0.00     0.00     0.00
     1832  0.67500        1.1000        0.0000          0.00     0.00     0.00
     1833  0.70000        1.1000        0.0000          0.00     0.00     0.00
     1834  0.72500        1.1000        0.0000          0.00     0.00     0.00
     1835  0.75000        1.1000        0.0000          0.00     0.00     0.00
     1836  0.77500        1.1000        0.0000          0.00     0.00     0.00
     1837  0.80000        1.1000        0.0000          0.00     0.00     0.00
     1838  0.82500        1.1000        0.0000          0.00     0.00     0.00
     1839  0.85000        1.1000        0.0000          0.00     0.00     0.00
     1840  0.87500        1.1000        0.0000          0.00     0.00     0.00

    NODE        X             Y             Z           THXY     THYZ     THZX
     1841  0.90000        1.1000        0.0000          0.00     0.00     0.00
     1842  0.92500        1.1000        0.0000          0.00     0.00     0.00
     1843  0.95000        1.1000        0.0000          0.00     0.00     0.00
     1844  0.97500        1.1000        0.0000          0.00     0.00     0.00
     1845   1.0000        1.1000        0.0000          0.00     0.00     0.00
     1846   0.0000        1.1250        0.0000          0.00     0.00     0.00
     1847  0.25000E-001   1.1250        0.0000          0.00     0.00     0.00
     1848  0.50000E-001   1.1250        0.0000          0.00     0.00     0.00
     1849  0.75000E-001   1.1250        0.0000          0.00     0.00     0.00
     1850  0.10000        1.1250        0.0000          0.00     0.00     0.00
     1851  0.12500        1.1250        0.0000          0.00     0.00     0.00
     1852  0.15000        1.1250        0.0000          0.00     0.00     0.00
     1853  0.17500        1.1250        0.0000          0.00     0.00     0.00
     1854  0.20000        1.1250        0.0000          0.00     0.00     0.00
     1855  0.22500        1.1250        0.0000          0.00     0.00     0.00
     1856  0.25000        1.1250        0.0000          0.00     0.00     0.00
     1857  0.27500        1.1250        0.0000          0.00     0.00     0.00
     1858  0.30000        1.1250        0.0000          0.00     0.00     0.00
     1859  0.32500        1.1250        0.0000          0.00     0.00     0.00
     1860  0.35000        1.1250        0.0000          0.00     0.00     0.00

    NODE        X             Y             Z           THXY     THYZ     THZX
     1861  0.37500        1.1250        0.0000          0.00     0.00     0.00
     1862  0.40000        1.1250        0.0000          0.00     0.00     0.00
     1863  0.42500        1.1250        0.0000          0.00     0.00     0.00
     1864  0.45000        1.1250        0.0000          0.00     0.00     0.00
     1865  0.47500        1.1250        0.0000          0.00     0.00     0.00
     1866  0.50000        1.1250        0.0000          0.00     0.00     0.00
     1867  0.52500        1.1250        0.0000          0.00     0.00     0.00
     1868  0.55000        1.1250        0.0000          0.00     0.00     0.00
     1869  0.57500        1.1250        0.0000          0.00     0.00     0.00
     1870  0.60000        1.1250        0.0000          0.00     0.00     0.00
     1871  0.62500        1.1250        0.0000          0.00     0.00     0.00
     1872  0.65000        1.1250        0.0000          0.00     0.00     0.00
     1873  0.67500        1.1250        0.0000          0.00     0.00     0.00
     1874  0.70000        1.1250        0.0000          0.00     0.00     0.00
     1875  0.72500        1.1250        0.0000          0.00     0.00     0.00
     1876  0.75000        1.1250        0.0000          0.00     0.00     0.00
     1877  0.77500        1.1250        0.0000          0.00     0.00     0.00
     1878  0.80000        1.1250        0.0000          0.00     0.00     0.00
     1879  0.82500        1.1250        0.0000          0.00     0.00     0.00
     1880  0.85000        1.1250        0.0000          0.00     0.00     0.00

    NODE        X             Y             Z           THXY     THYZ     THZX
     1881  0.87500        1.1250        0.0000          0.00     0.00     0.00
     1882  0.90000        1.1250        0.0000          0.00     0.00     0.00
     1883  0.92500        1.1250        0.0000          0.00     0.00     0.00
     1884  0.95000        1.1250        0.0000          0.00     0.00     0.00
     1885  0.97500        1.1250        0.0000          0.00     0.00     0.00
     1886   1.0000        1.1250        0.0000          0.00     0.00     0.00
     1887   0.0000        1.1500        0.0000          0.00     0.00     0.00
     1888  0.25000E-001   1.1500        0.0000          0.00     0.00     0.00
     1889  0.50000E-001   1.1500        0.0000          0.00     0.00     0.00
     1890  0.75000E-001   1.1500        0.0000          0.00     0.00     0.00
     1891  0.10000        1.1500        0.0000          0.00     0.00     0.00
     1892  0.12500        1.1500        0.0000          0.00     0.00     0.00
     1893  0.15000        1.1500        0.0000          0.00     0.00     0.00
     1894  0.17500        1.1500        0.0000          0.00     0.00     0.00
     1895  0.20000        1.1500        0.0000          0.00     0.00     0.00
     1896  0.22500        1.1500        0.0000          0.00     0.00     0.00
     1897  0.25000        1.1500        0.0000          0.00     0.00     0.00
     1898  0.27500        1.1500        0.0000          0.00     0.00     0.00
     1899  0.30000        1.1500        0.0000          0.00     0.00     0.00
     1900  0.32500        1.1500        0.0000          0.00     0.00     0.00

    NODE        X             Y             Z           THXY     THYZ     THZX
     1901  0.35000        1.1500        0.0000          0.00     0.00     0.00
     1902  0.37500        1.1500        0.0000          0.00     0.00     0.00
     1903  0.40000        1.1500        0.0000          0.00     0.00     0.00
     1904  0.42500        1.1500        0.0000          0.00     0.00     0.00
     1905  0.45000        1.1500        0.0000          0.00     0.00     0.00
     1906  0.47500        1.1500        0.0000          0.00     0.00     0.00
     1907  0.50000        1.1500        0.0000          0.00     0.00     0.00
     1908  0.52500        1.1500        0.0000          0.00     0.00     0.00
     1909  0.55000        1.1500        0.0000          0.00     0.00     0.00
     1910  0.57500        1.1500        0.0000          0.00     0.00     0.00
     1911  0.60000        1.1500        0.0000          0.00     0.00     0.00
     1912  0.62500        1.1500        0.0000          0.00     0.00     0.00
     1913  0.65000        1.1500        0.0000          0.00     0.00     0.00
     1914  0.67500        1.1500        0.0000          0.00     0.00     0.00
     1915  0.70000        1.1500        0.0000          0.00     0.00     0.00
     1916  0.72500        1.1500        0.0000          0.00     0.00     0.00
     1917  0.75000        1.1500        0.0000          0.00     0.00     0.00
     1918  0.77500        1.1500        0.0000          0.00     0.00     0.00
     1919  0.80000        1.1500        0.0000          0.00     0.00     0.00
     1920  0.82500        1.1500        0.0000          0.00     0.00     0.00

    NODE        X             Y             Z           THXY     THYZ     THZX
     1921  0.85000        1.1500        0.0000          0.00     0.00     0.00
     1922  0.87500        1.1500        0.0000          0.00     0.00     0.00
     1923  0.90000        1.1500        0.0000          0.00     0.00     0.00
     1924  0.92500        1.1500        0.0000          0.00     0.00     0.00
     1925  0.95000        1.1500        0.0000          0.00     0.00     0.00
     1926  0.97500        1.1500        0.0000          0.00     0.00     0.00
     1927   1.0000        1.1500        0.0000          0.00     0.00     0.00
     1928   0.0000        1.1750        0.0000          0.00     0.00     0.00
     1929  0.25000E-001   1.1750        0.0000          0.00     0.00     0.00
     1930  0.50000E-001   1.1750        0.0000          0.00     0.00     0.00
     1931  0.75000E-001   1.1750        0.0000          0.00     0.00     0.00
     1932  0.10000        1.1750        0.0000          0.00     0.00     0.00
     1933  0.12500        1.1750        0.0000          0.00     0.00     0.00
     1934  0.15000        1.1750        0.0000          0.00     0.00     0.00
     1935  0.17500        1.1750        0.0000          0.00     0.00     0.00
     1936  0.20000        1.1750        0.0000          0.00     0.00     0.00
     1937  0.22500        1.1750        0.0000          0.00     0.00     0.00
     1938  0.25000        1.1750        0.0000          0.00     0.00     0.00
     1939  0.27500        1.1750        0.0000          0.00     0.00     0.00
     1940  0.30000        1.1750        0.0000          0.00     0.00     0.00

    NODE        X             Y             Z           THXY     THYZ     THZX
     1941  0.32500        1.1750        0.0000          0.00     0.00     0.00
     1942  0.35000        1.1750        0.0000          0.00     0.00     0.00
     1943  0.37500        1.1750        0.0000          0.00     0.00     0.00
     1944  0.40000        1.1750        0.0000          0.00     0.00     0.00
     1945  0.42500        1.1750        0.0000          0.00     0.00     0.00
     1946  0.45000        1.1750        0.0000          0.00     0.00     0.00
     1947  0.47500        1.1750        0.0000          0.00     0.00     0.00
     1948  0.50000        1.1750        0.0000          0.00     0.00     0.00
     1949  0.52500        1.1750        0.0000          0.00     0.00     0.00
     1950  0.55000        1.1750        0.0000          0.00     0.00     0.00
     1951  0.57500        1.1750        0.0000          0.00     0.00     0.00
     1952  0.60000        1.1750        0.0000          0.00     0.00     0.00
     1953  0.62500        1.1750        0.0000          0.00     0.00     0.00
     1954  0.65000        1.1750        0.0000          0.00     0.00     0.00
     1955  0.67500        1.1750        0.0000          0.00     0.00     0.00
     1956  0.70000        1.1750        0.0000          0.00     0.00     0.00
     1957  0.72500        1.1750        0.0000          0.00     0.00     0.00
     1958  0.75000        1.1750        0.0000          0.00     0.00     0.00
     1959  0.77500        1.1750        0.0000          0.00     0.00     0.00
     1960  0.80000        1.1750        0.0000          0.00     0.00     0.00

    NODE        X             Y             Z           THXY     THYZ     THZX
     1961  0.82500        1.1750        0.0000          0.00     0.00     0.00
     1962  0.85000        1.1750        0.0000          0.00     0.00     0.00
     1963  0.87500        1.1750        0.0000          0.00     0.00     0.00
     1964  0.90000        1.1750        0.0000          0.00     0.00     0.00
     1965  0.92500        1.1750        0.0000          0.00     0.00     0.00
     1966  0.95000        1.1750        0.0000          0.00     0.00     0.00
     1967  0.97500        1.1750        0.0000          0.00     0.00     0.00
     1968   1.0000        1.1750        0.0000          0.00     0.00     0.00
     1969   0.0000        1.2000        0.0000          0.00     0.00     0.00
     1970  0.25000E-001   1.2000        0.0000          0.00     0.00     0.00
     1971  0.50000E-001   1.2000        0.0000          0.00     0.00     0.00
     1972  0.75000E-001   1.2000        0.0000          0.00     0.00     0.00
     1973  0.10000        1.2000        0.0000          0.00     0.00     0.00
     1974  0.12500        1.2000        0.0000          0.00     0.00     0.00
     1975  0.15000        1.2000        0.0000          0.00     0.00     0.00
     1976  0.17500        1.2000        0.0000          0.00     0.00     0.00
     1977  0.20000        1.2000        0.0000          0.00     0.00     0.00
     1978  0.22500        1.2000        0.0000          0.00     0.00     0.00
     1979  0.25000        1.2000        0.0000          0.00     0.00     0.00
     1980  0.27500        1.2000        0.0000          0.00     0.00     0.00

    NODE        X             Y             Z           THXY     THYZ     THZX
     1981  0.30000        1.2000        0.0000          0.00     0.00     0.00
     1982  0.32500        1.2000        0.0000          0.00     0.00     0.00
     1983  0.35000        1.2000        0.0000          0.00     0.00     0.00
     1984  0.37500        1.2000        0.0000          0.00     0.00     0.00
     1985  0.40000        1.2000        0.0000          0.00     0.00     0.00
     1986  0.42500        1.2000        0.0000          0.00     0.00     0.00
     1987  0.45000        1.2000        0.0000          0.00     0.00     0.00
     1988  0.47500        1.2000        0.0000          0.00     0.00     0.00
     1989  0.50000        1.2000        0.0000          0.00     0.00     0.00
     1990  0.52500        1.2000        0.0000          0.00     0.00     0.00
     1991  0.55000        1.2000        0.0000          0.00     0.00     0.00
     1992  0.57500        1.2000        0.0000          0.00     0.00     0.00
     1993  0.60000        1.2000        0.0000          0.00     0.00     0.00
     1994  0.62500        1.2000        0.0000          0.00     0.00     0.00
     1995  0.65000        1.2000        0.0000          0.00     0.00     0.00
     1996  0.67500        1.2000        0.0000          0.00     0.00     0.00
     1997  0.70000        1.2000        0.0000          0.00     0.00     0.00
     1998  0.72500        1.2000        0.0000          0.00     0.00     0.00
     1999  0.75000        1.2000        0.0000          0.00     0.00     0.00
     2000  0.77500        1.2000        0.0000          0.00     0.00     0.00

    NODE        X             Y             Z           THXY     THYZ     THZX
     2001  0.80000        1.2000        0.0000          0.00     0.00     0.00
     2002  0.82500        1.2000        0.0000          0.00     0.00     0.00
     2003  0.85000        1.2000        0.0000          0.00     0.00     0.00
     2004  0.87500        1.2000        0.0000          0.00     0.00     0.00
     2005  0.90000        1.2000        0.0000          0.00     0.00     0.00
     2006  0.92500        1.2000        0.0000          0.00     0.00     0.00
     2007  0.95000        1.2000        0.0000          0.00     0.00     0.00
     2008  0.97500        1.2000        0.0000          0.00     0.00     0.00
     2009   1.0000        1.2000        0.0000          0.00     0.00     0.00
     2010   0.0000        1.2250        0.0000          0.00     0.00     0.00
     2011  0.25000E-001   1.2250        0.0000          0.00     0.00     0.00
     2012  0.50000E-001   1.2250        0.0000          0.00     0.00     0.00
     2013  0.75000E-001   1.2250        0.0000          0.00     0.00     0.00
     2014  0.10000        1.2250        0.0000          0.00     0.00     0.00
     2015  0.12500        1.2250        0.0000          0.00     0.00     0.00
     2016  0.15000        1.2250        0.0000          0.00     0.00     0.00
     2017  0.17500        1.2250        0.0000          0.00     0.00     0.00
     2018  0.20000        1.2250        0.0000          0.00     0.00     0.00
     2019  0.22500        1.2250        0.0000          0.00     0.00     0.00
     2020  0.25000        1.2250        0.0000          0.00     0.00     0.00

    NODE        X             Y             Z           THXY     THYZ     THZX
     2021  0.27500        1.2250        0.0000          0.00     0.00     0.00
     2022  0.30000        1.2250        0.0000          0.00     0.00     0.00
     2023  0.32500        1.2250        0.0000          0.00     0.00     0.00
     2024  0.35000        1.2250        0.0000          0.00     0.00     0.00
     2025  0.37500        1.2250        0.0000          0.00     0.00     0.00
     2026  0.40000        1.2250        0.0000          0.00     0.00     0.00
     2027  0.42500        1.2250        0.0000          0.00     0.00     0.00
     2028  0.45000        1.2250        0.0000          0.00     0.00     0.00
     2029  0.47500        1.2250        0.0000          0.00     0.00     0.00
     2030  0.50000        1.2250        0.0000          0.00     0.00     0.00
     2031  0.52500        1.2250        0.0000          0.00     0.00     0.00
     2032  0.55000        1.2250        0.0000          0.00     0.00     0.00
     2033  0.57500        1.2250        0.0000          0.00     0.00     0.00
     2034  0.60000        1.2250        0.0000          0.00     0.00     0.00
     2035  0.62500        1.2250        0.0000          0.00     0.00     0.00
     2036  0.65000        1.2250        0.0000          0.00     0.00     0.00
     2037  0.67500        1.2250        0.0000          0.00     0.00     0.00
     2038  0.70000        1.2250        0.0000          0.00     0.00     0.00
     2039  0.72500        1.2250        0.0000          0.00     0.00     0.00
     2040  0.75000        1.2250        0.0000          0.00     0.00     0.00

    NODE        X             Y             Z           THXY     THYZ     THZX
     2041  0.77500        1.2250        0.0000          0.00     0.00     0.00
     2042  0.80000        1.2250        0.0000          0.00     0.00     0.00
     2043  0.82500        1.2250        0.0000          0.00     0.00     0.00
     2044  0.85000        1.2250        0.0000          0.00     0.00     0.00
     2045  0.87500        1.2250        0.0000          0.00     0.00     0.00
     2046  0.90000        1.2250        0.0000          0.00     0.00     0.00
     2047  0.92500        1.2250        0.0000          0.00     0.00     0.00
     2048  0.95000        1.2250        0.0000          0.00     0.00     0.00
     2049  0.97500        1.2250        0.0000          0.00     0.00     0.00
     2050   1.0000        1.2250        0.0000          0.00     0.00     0.00
     2051   0.0000        1.2500        0.0000          0.00     0.00     0.00
     2052  0.25000E-001   1.2500        0.0000          0.00     0.00     0.00
     2053  0.50000E-001   1.2500        0.0000          0.00     0.00     0.00
     2054  0.75000E-001   1.2500        0.0000          0.00     0.00     0.00
     2055  0.10000        1.2500        0.0000          0.00     0.00     0.00
     2056  0.12500        1.2500        0.0000          0.00     0.00     0.00
     2057  0.15000        1.2500        0.0000          0.00     0.00     0.00
     2058  0.17500        1.2500        0.0000          0.00     0.00     0.00
     2059  0.20000        1.2500        0.0000          0.00     0.00     0.00
     2060  0.22500        1.2500        0.0000          0.00     0.00     0.00

    NODE        X             Y             Z           THXY     THYZ     THZX
     2061  0.25000        1.2500        0.0000          0.00     0.00     0.00
     2062  0.27500        1.2500        0.0000          0.00     0.00     0.00
     2063  0.30000        1.2500        0.0000          0.00     0.00     0.00
     2064  0.32500        1.2500        0.0000          0.00     0.00     0.00
     2065  0.35000        1.2500        0.0000          0.00     0.00     0.00
     2066  0.37500        1.2500        0.0000          0.00     0.00     0.00
     2067  0.40000        1.2500        0.0000          0.00     0.00     0.00
     2068  0.42500        1.2500        0.0000          0.00     0.00     0.00
     2069  0.45000        1.2500        0.0000          0.00     0.00     0.00
     2070  0.47500        1.2500        0.0000          0.00     0.00     0.00
     2071  0.50000        1.2500        0.0000          0.00     0.00     0.00
     2072  0.52500        1.2500        0.0000          0.00     0.00     0.00
     2073  0.55000        1.2500        0.0000          0.00     0.00     0.00
     2074  0.57500        1.2500        0.0000          0.00     0.00     0.00
     2075  0.60000        1.2500        0.0000          0.00     0.00     0.00
     2076  0.62500        1.2500        0.0000          0.00     0.00     0.00
     2077  0.65000        1.2500        0.0000          0.00     0.00     0.00
     2078  0.67500        1.2500        0.0000          0.00     0.00     0.00
     2079  0.70000        1.2500        0.0000          0.00     0.00     0.00
     2080  0.72500        1.2500        0.0000          0.00     0.00     0.00

    NODE        X             Y             Z           THXY     THYZ     THZX
     2081  0.75000        1.2500        0.0000          0.00     0.00     0.00
     2082  0.77500        1.2500        0.0000          0.00     0.00     0.00
     2083  0.80000        1.2500        0.0000          0.00     0.00     0.00
     2084  0.82500        1.2500        0.0000          0.00     0.00     0.00
     2085  0.85000        1.2500        0.0000          0.00     0.00     0.00
     2086  0.87500        1.2500        0.0000          0.00     0.00     0.00
     2087  0.90000        1.2500        0.0000          0.00     0.00     0.00
     2088  0.92500        1.2500        0.0000          0.00     0.00     0.00
     2089  0.95000        1.2500        0.0000          0.00     0.00     0.00
     2090  0.97500        1.2500        0.0000          0.00     0.00     0.00
     2091   1.0000        1.2500        0.0000          0.00     0.00     0.00
     2092   0.0000        1.2750        0.0000          0.00     0.00     0.00
     2093  0.25000E-001   1.2750        0.0000          0.00     0.00     0.00
     2094  0.50000E-001   1.2750        0.0000          0.00     0.00     0.00
     2095  0.75000E-001   1.2750        0.0000          0.00     0.00     0.00
     2096  0.10000        1.2750        0.0000          0.00     0.00     0.00
     2097  0.12500        1.2750        0.0000          0.00     0.00     0.00
     2098  0.15000        1.2750        0.0000          0.00     0.00     0.00
     2099  0.17500        1.2750        0.0000          0.00     0.00     0.00
     2100  0.20000        1.2750        0.0000          0.00     0.00     0.00

    NODE        X             Y             Z           THXY     THYZ     THZX
     2101  0.22500        1.2750        0.0000          0.00     0.00     0.00
     2102  0.25000        1.2750        0.0000          0.00     0.00     0.00
     2103  0.27500        1.2750        0.0000          0.00     0.00     0.00
     2104  0.30000        1.2750        0.0000          0.00     0.00     0.00
     2105  0.32500        1.2750        0.0000          0.00     0.00     0.00
     2106  0.35000        1.2750        0.0000          0.00     0.00     0.00
     2107  0.37500        1.2750        0.0000          0.00     0.00     0.00
     2108  0.40000        1.2750        0.0000          0.00     0.00     0.00
     2109  0.42500        1.2750        0.0000          0.00     0.00     0.00
     2110  0.45000        1.2750        0.0000          0.00     0.00     0.00
     2111  0.47500        1.2750        0.0000          0.00     0.00     0.00
     2112  0.50000        1.2750        0.0000          0.00     0.00     0.00
     2113  0.52500        1.2750        0.0000          0.00     0.00     0.00
     2114  0.55000        1.2750        0.0000          0.00     0.00     0.00
     2115  0.57500        1.2750        0.0000          0.00     0.00     0.00
     2116  0.60000        1.2750        0.0000          0.00     0.00     0.00
     2117  0.62500        1.2750        0.0000          0.00     0.00     0.00
     2118  0.65000        1.2750        0.0000          0.00     0.00     0.00
     2119  0.67500        1.2750        0.0000          0.00     0.00     0.00
     2120  0.70000        1.2750        0.0000          0.00     0.00     0.00

    NODE        X             Y             Z           THXY     THYZ     THZX
     2121  0.72500        1.2750        0.0000          0.00     0.00     0.00
     2122  0.75000        1.2750        0.0000          0.00     0.00     0.00
     2123  0.77500        1.2750        0.0000          0.00     0.00     0.00
     2124  0.80000        1.2750        0.0000          0.00     0.00     0.00
     2125  0.82500        1.2750        0.0000          0.00     0.00     0.00
     2126  0.85000        1.2750        0.0000          0.00     0.00     0.00
     2127  0.87500        1.2750        0.0000          0.00     0.00     0.00
     2128  0.90000        1.2750        0.0000          0.00     0.00     0.00
     2129  0.92500        1.2750        0.0000          0.00     0.00     0.00
     2130  0.95000        1.2750        0.0000          0.00     0.00     0.00
     2131  0.97500        1.2750        0.0000          0.00     0.00     0.00
     2132   1.0000        1.2750        0.0000          0.00     0.00     0.00
     2133   0.0000        1.3000        0.0000          0.00     0.00     0.00
     2134  0.25000E-001   1.3000        0.0000          0.00     0.00     0.00
     2135  0.50000E-001   1.3000        0.0000          0.00     0.00     0.00
     2136  0.75000E-001   1.3000        0.0000          0.00     0.00     0.00
     2137  0.10000        1.3000        0.0000          0.00     0.00     0.00
     2138  0.12500        1.3000        0.0000          0.00     0.00     0.00
     2139  0.15000        1.3000        0.0000          0.00     0.00     0.00
     2140  0.17500        1.3000        0.0000          0.00     0.00     0.00

    NODE        X             Y             Z           THXY     THYZ     THZX
     2141  0.20000        1.3000        0.0000          0.00     0.00     0.00
     2142  0.22500        1.3000        0.0000          0.00     0.00     0.00
     2143  0.25000        1.3000        0.0000          0.00     0.00     0.00
     2144  0.27500        1.3000        0.0000          0.00     0.00     0.00
     2145  0.30000        1.3000        0.0000          0.00     0.00     0.00
     2146  0.32500        1.3000        0.0000          0.00     0.00     0.00
     2147  0.35000        1.3000        0.0000          0.00     0.00     0.00
     2148  0.37500        1.3000        0.0000          0.00     0.00     0.00
     2149  0.40000        1.3000        0.0000          0.00     0.00     0.00
     2150  0.42500        1.3000        0.0000          0.00     0.00     0.00
     2151  0.45000        1.3000        0.0000          0.00     0.00     0.00
     2152  0.47500        1.3000        0.0000          0.00     0.00     0.00
     2153  0.50000        1.3000        0.0000          0.00     0.00     0.00
     2154  0.52500        1.3000        0.0000          0.00     0.00     0.00
     2155  0.55000        1.3000        0.0000          0.00     0.00     0.00
     2156  0.57500        1.3000        0.0000          0.00     0.00     0.00
     2157  0.60000        1.3000        0.0000          0.00     0.00     0.00
     2158  0.62500        1.3000        0.0000          0.00     0.00     0.00
     2159  0.65000        1.3000        0.0000          0.00     0.00     0.00
     2160  0.67500        1.3000        0.0000          0.00     0.00     0.00

    NODE        X             Y             Z           THXY     THYZ     THZX
     2161  0.70000        1.3000        0.0000          0.00     0.00     0.00
     2162  0.72500        1.3000        0.0000          0.00     0.00     0.00
     2163  0.75000        1.3000        0.0000          0.00     0.00     0.00
     2164  0.77500        1.3000        0.0000          0.00     0.00     0.00
     2165  0.80000        1.3000        0.0000          0.00     0.00     0.00
     2166  0.82500        1.3000        0.0000          0.00     0.00     0.00
     2167  0.85000        1.3000        0.0000          0.00     0.00     0.00
     2168  0.87500        1.3000        0.0000          0.00     0.00     0.00
     2169  0.90000        1.3000        0.0000          0.00     0.00     0.00
     2170  0.92500        1.3000        0.0000          0.00     0.00     0.00
     2171  0.95000        1.3000        0.0000          0.00     0.00     0.00
     2172  0.97500        1.3000        0.0000          0.00     0.00     0.00
     2173   1.0000        1.3000        0.0000          0.00     0.00     0.00
     2174   0.0000        1.3250        0.0000          0.00     0.00     0.00
     2175  0.25000E-001   1.3250        0.0000          0.00     0.00     0.00
     2176  0.50000E-001   1.3250        0.0000          0.00     0.00     0.00
     2177  0.75000E-001   1.3250        0.0000          0.00     0.00     0.00
     2178  0.10000        1.3250        0.0000          0.00     0.00     0.00
     2179  0.12500        1.3250        0.0000          0.00     0.00     0.00
     2180  0.15000        1.3250        0.0000          0.00     0.00     0.00

    NODE        X             Y             Z           THXY     THYZ     THZX
     2181  0.17500        1.3250        0.0000          0.00     0.00     0.00
     2182  0.20000        1.3250        0.0000          0.00     0.00     0.00
     2183  0.22500        1.3250        0.0000          0.00     0.00     0.00
     2184  0.25000        1.3250        0.0000          0.00     0.00     0.00
     2185  0.27500        1.3250        0.0000          0.00     0.00     0.00
     2186  0.30000        1.3250        0.0000          0.00     0.00     0.00
     2187  0.32500        1.3250        0.0000          0.00     0.00     0.00
     2188  0.35000        1.3250        0.0000          0.00     0.00     0.00
     2189  0.37500        1.3250        0.0000          0.00     0.00     0.00
     2190  0.40000        1.3250        0.0000          0.00     0.00     0.00
     2191  0.42500        1.3250        0.0000          0.00     0.00     0.00
     2192  0.45000        1.3250        0.0000          0.00     0.00     0.00
     2193  0.47500        1.3250        0.0000          0.00     0.00     0.00
     2194  0.50000        1.3250        0.0000          0.00     0.00     0.00
     2195  0.52500        1.3250        0.0000          0.00     0.00     0.00
     2196  0.55000        1.3250        0.0000          0.00     0.00     0.00
     2197  0.57500        1.3250        0.0000          0.00     0.00     0.00
     2198  0.60000        1.3250        0.0000          0.00     0.00     0.00
     2199  0.62500        1.3250        0.0000          0.00     0.00     0.00
     2200  0.65000        1.3250        0.0000          0.00     0.00     0.00

    NODE        X             Y             Z           THXY     THYZ     THZX
     2201  0.67500        1.3250        0.0000          0.00     0.00     0.00
     2202  0.70000        1.3250        0.0000          0.00     0.00     0.00
     2203  0.72500        1.3250        0.0000          0.00     0.00     0.00
     2204  0.75000        1.3250        0.0000          0.00     0.00     0.00
     2205  0.77500        1.3250        0.0000          0.00     0.00     0.00
     2206  0.80000        1.3250        0.0000          0.00     0.00     0.00
     2207  0.82500        1.3250        0.0000          0.00     0.00     0.00
     2208  0.85000        1.3250        0.0000          0.00     0.00     0.00
     2209  0.87500        1.3250        0.0000          0.00     0.00     0.00
     2210  0.90000        1.3250        0.0000          0.00     0.00     0.00
     2211  0.92500        1.3250        0.0000          0.00     0.00     0.00
     2212  0.95000        1.3250        0.0000          0.00     0.00     0.00
     2213  0.97500        1.3250        0.0000          0.00     0.00     0.00
     2214   1.0000        1.3250        0.0000          0.00     0.00     0.00
     2215   0.0000        1.3500        0.0000          0.00     0.00     0.00
     2216  0.25000E-001   1.3500        0.0000          0.00     0.00     0.00
     2217  0.50000E-001   1.3500        0.0000          0.00     0.00     0.00
     2218  0.75000E-001   1.3500        0.0000          0.00     0.00     0.00
     2219  0.10000        1.3500        0.0000          0.00     0.00     0.00
     2220  0.12500        1.3500        0.0000          0.00     0.00     0.00

    NODE        X             Y             Z           THXY     THYZ     THZX
     2221  0.15000        1.3500        0.0000          0.00     0.00     0.00
     2222  0.17500        1.3500        0.0000          0.00     0.00     0.00
     2223  0.20000        1.3500        0.0000          0.00     0.00     0.00
     2224  0.22500        1.3500        0.0000          0.00     0.00     0.00
     2225  0.25000        1.3500        0.0000          0.00     0.00     0.00
     2226  0.27500        1.3500        0.0000          0.00     0.00     0.00
     2227  0.30000        1.3500        0.0000          0.00     0.00     0.00
     2228  0.32500        1.3500        0.0000          0.00     0.00     0.00
     2229  0.35000        1.3500        0.0000          0.00     0.00     0.00
     2230  0.37500        1.3500        0.0000          0.00     0.00     0.00
     2231  0.40000        1.3500        0.0000          0.00     0.00     0.00
     2232  0.42500        1.3500        0.0000          0.00     0.00     0.00
     2233  0.45000        1.3500        0.0000          0.00     0.00     0.00
     2234  0.47500        1.3500        0.0000          0.00     0.00     0.00
     2235  0.50000        1.3500        0.0000          0.00     0.00     0.00
     2236  0.52500        1.3500        0.0000          0.00     0.00     0.00
     2237  0.55000        1.3500        0.0000          0.00     0.00     0.00
     2238  0.57500        1.3500        0.0000          0.00     0.00     0.00
     2239  0.60000        1.3500        0.0000          0.00     0.00     0.00
     2240  0.62500        1.3500        0.0000          0.00     0.00     0.00

    NODE        X             Y             Z           THXY     THYZ     THZX
     2241  0.65000        1.3500        0.0000          0.00     0.00     0.00
     2242  0.67500        1.3500        0.0000          0.00     0.00     0.00
     2243  0.70000        1.3500        0.0000          0.00     0.00     0.00
     2244  0.72500        1.3500        0.0000          0.00     0.00     0.00
     2245  0.75000        1.3500        0.0000          0.00     0.00     0.00
     2246  0.77500        1.3500        0.0000          0.00     0.00     0.00
     2247  0.80000        1.3500        0.0000          0.00     0.00     0.00
     2248  0.82500        1.3500        0.0000          0.00     0.00     0.00
     2249  0.85000        1.3500        0.0000          0.00     0.00     0.00
     2250  0.87500        1.3500        0.0000          0.00     0.00     0.00
     2251  0.90000        1.3500        0.0000          0.00     0.00     0.00
     2252  0.92500        1.3500        0.0000          0.00     0.00     0.00
     2253  0.95000        1.3500        0.0000          0.00     0.00     0.00
     2254  0.97500        1.3500        0.0000          0.00     0.00     0.00
     2255   1.0000        1.3500        0.0000          0.00     0.00     0.00
     2256   0.0000        1.3750        0.0000          0.00     0.00     0.00
     2257  0.25000E-001   1.3750        0.0000          0.00     0.00     0.00
     2258  0.50000E-001   1.3750        0.0000          0.00     0.00     0.00
     2259  0.75000E-001   1.3750        0.0000          0.00     0.00     0.00
     2260  0.10000        1.3750        0.0000          0.00     0.00     0.00

    NODE        X             Y             Z           THXY     THYZ     THZX
     2261  0.12500        1.3750        0.0000          0.00     0.00     0.00
     2262  0.15000        1.3750        0.0000          0.00     0.00     0.00
     2263  0.17500        1.3750        0.0000          0.00     0.00     0.00
     2264  0.20000        1.3750        0.0000          0.00     0.00     0.00
     2265  0.22500        1.3750        0.0000          0.00     0.00     0.00
     2266  0.25000        1.3750        0.0000          0.00     0.00     0.00
     2267  0.27500        1.3750        0.0000          0.00     0.00     0.00
     2268  0.30000        1.3750        0.0000          0.00     0.00     0.00
     2269  0.32500        1.3750        0.0000          0.00     0.00     0.00
     2270  0.35000        1.3750        0.0000          0.00     0.00     0.00
     2271  0.37500        1.3750        0.0000          0.00     0.00     0.00
     2272  0.40000        1.3750        0.0000          0.00     0.00     0.00
     2273  0.42500        1.3750        0.0000          0.00     0.00     0.00
     2274  0.45000        1.3750        0.0000          0.00     0.00     0.00
     2275  0.47500        1.3750        0.0000          0.00     0.00     0.00
     2276  0.50000        1.3750        0.0000          0.00     0.00     0.00
     2277  0.52500        1.3750        0.0000          0.00     0.00     0.00
     2278  0.55000        1.3750        0.0000          0.00     0.00     0.00
     2279  0.57500        1.3750        0.0000          0.00     0.00     0.00
     2280  0.60000        1.3750        0.0000          0.00     0.00     0.00

    NODE        X             Y             Z           THXY     THYZ     THZX
     2281  0.62500        1.3750        0.0000          0.00     0.00     0.00
     2282  0.65000        1.3750        0.0000          0.00     0.00     0.00
     2283  0.67500        1.3750        0.0000          0.00     0.00     0.00
     2284  0.70000        1.3750        0.0000          0.00     0.00     0.00
     2285  0.72500        1.3750        0.0000          0.00     0.00     0.00
     2286  0.75000        1.3750        0.0000          0.00     0.00     0.00
     2287  0.77500        1.3750        0.0000          0.00     0.00     0.00
     2288  0.80000        1.3750        0.0000          0.00     0.00     0.00
     2289  0.82500        1.3750        0.0000          0.00     0.00     0.00
     2290  0.85000        1.3750        0.0000          0.00     0.00     0.00
     2291  0.87500        1.3750        0.0000          0.00     0.00     0.00
     2292  0.90000        1.3750        0.0000          0.00     0.00     0.00
     2293  0.92500        1.3750        0.0000          0.00     0.00     0.00
     2294  0.95000        1.3750        0.0000          0.00     0.00     0.00
     2295  0.97500        1.3750        0.0000          0.00     0.00     0.00
     2296   1.0000        1.3750        0.0000          0.00     0.00     0.00
     2297   0.0000        1.4000        0.0000          0.00     0.00     0.00
     2298  0.25000E-001   1.4000        0.0000          0.00     0.00     0.00
     2299  0.50000E-001   1.4000        0.0000          0.00     0.00     0.00
     2300  0.75000E-001   1.4000        0.0000          0.00     0.00     0.00

    NODE        X             Y             Z           THXY     THYZ     THZX
     2301  0.10000        1.4000        0.0000          0.00     0.00     0.00
     2302  0.12500        1.4000        0.0000          0.00     0.00     0.00
     2303  0.15000        1.4000        0.0000          0.00     0.00     0.00
     2304  0.17500        1.4000        0.0000          0.00     0.00     0.00
     2305  0.20000        1.4000        0.0000          0.00     0.00     0.00
     2306  0.22500        1.4000        0.0000          0.00     0.00     0.00
     2307  0.25000        1.4000        0.0000          0.00     0.00     0.00
     2308  0.27500        1.4000        0.0000          0.00     0.00     0.00
     2309  0.30000        1.4000        0.0000          0.00     0.00     0.00
     2310  0.32500        1.4000        0.0000          0.00     0.00     0.00
     2311  0.35000        1.4000        0.0000          0.00     0.00     0.00
     2312  0.37500        1.4000        0.0000          0.00     0.00     0.00
     2313  0.40000        1.4000        0.0000          0.00     0.00     0.00
     2314  0.42500        1.4000        0.0000          0.00     0.00     0.00
     2315  0.45000        1.4000        0.0000          0.00     0.00     0.00
     2316  0.47500        1.4000        0.0000          0.00     0.00     0.00
     2317  0.50000        1.4000        0.0000          0.00     0.00     0.00
     2318  0.52500        1.4000        0.0000          0.00     0.00     0.00
     2319  0.55000        1.4000        0.0000          0.00     0.00     0.00
     2320  0.57500        1.4000        0.0000          0.00     0.00     0.00

    NODE        X             Y             Z           THXY     THYZ     THZX
     2321  0.60000        1.4000        0.0000          0.00     0.00     0.00
     2322  0.62500        1.4000        0.0000          0.00     0.00     0.00
     2323  0.65000        1.4000        0.0000          0.00     0.00     0.00
     2324  0.67500        1.4000        0.0000          0.00     0.00     0.00
     2325  0.70000        1.4000        0.0000          0.00     0.00     0.00
     2326  0.72500        1.4000        0.0000          0.00     0.00     0.00
     2327  0.75000        1.4000        0.0000          0.00     0.00     0.00
     2328  0.77500        1.4000        0.0000          0.00     0.00     0.00
     2329  0.80000        1.4000        0.0000          0.00     0.00     0.00
     2330  0.82500        1.4000        0.0000          0.00     0.00     0.00
     2331  0.85000        1.4000        0.0000          0.00     0.00     0.00
     2332  0.87500        1.4000        0.0000          0.00     0.00     0.00
     2333  0.90000        1.4000        0.0000          0.00     0.00     0.00
     2334  0.92500        1.4000        0.0000          0.00     0.00     0.00
     2335  0.95000        1.4000        0.0000          0.00     0.00     0.00
     2336  0.97500        1.4000        0.0000          0.00     0.00     0.00
     2337   1.0000        1.4000        0.0000          0.00     0.00     0.00
     2338   0.0000        1.4250        0.0000          0.00     0.00     0.00
     2339  0.25000E-001   1.4250        0.0000          0.00     0.00     0.00
     2340  0.50000E-001   1.4250        0.0000          0.00     0.00     0.00

    NODE        X             Y             Z           THXY     THYZ     THZX
     2341  0.75000E-001   1.4250        0.0000          0.00     0.00     0.00
     2342  0.10000        1.4250        0.0000          0.00     0.00     0.00
     2343  0.12500        1.4250        0.0000          0.00     0.00     0.00
     2344  0.15000        1.4250        0.0000          0.00     0.00     0.00
     2345  0.17500        1.4250        0.0000          0.00     0.00     0.00
     2346  0.20000        1.4250        0.0000          0.00     0.00     0.00
     2347  0.22500        1.4250        0.0000          0.00     0.00     0.00
     2348  0.25000        1.4250        0.0000          0.00     0.00     0.00
     2349  0.27500        1.4250        0.0000          0.00     0.00     0.00
     2350  0.30000        1.4250        0.0000          0.00     0.00     0.00
     2351  0.32500        1.4250        0.0000          0.00     0.00     0.00
     2352  0.35000        1.4250        0.0000          0.00     0.00     0.00
     2353  0.37500        1.4250        0.0000          0.00     0.00     0.00
     2354  0.40000        1.4250        0.0000          0.00     0.00     0.00
     2355  0.42500        1.4250        0.0000          0.00     0.00     0.00
     2356  0.45000        1.4250        0.0000          0.00     0.00     0.00
     2357  0.47500        1.4250        0.0000          0.00     0.00     0.00
     2358  0.50000        1.4250        0.0000          0.00     0.00     0.00
     2359  0.52500        1.4250        0.0000          0.00     0.00     0.00
     2360  0.55000        1.4250        0.0000          0.00     0.00     0.00

    NODE        X             Y             Z           THXY     THYZ     THZX
     2361  0.57500        1.4250        0.0000          0.00     0.00     0.00
     2362  0.60000        1.4250        0.0000          0.00     0.00     0.00
     2363  0.62500        1.4250        0.0000          0.00     0.00     0.00
     2364  0.65000        1.4250        0.0000          0.00     0.00     0.00
     2365  0.67500        1.4250        0.0000          0.00     0.00     0.00
     2366  0.70000        1.4250        0.0000          0.00     0.00     0.00
     2367  0.72500        1.4250        0.0000          0.00     0.00     0.00
     2368  0.75000        1.4250        0.0000          0.00     0.00     0.00
     2369  0.77500        1.4250        0.0000          0.00     0.00     0.00
     2370  0.80000        1.4250        0.0000          0.00     0.00     0.00
     2371  0.82500        1.4250        0.0000          0.00     0.00     0.00
     2372  0.85000        1.4250        0.0000          0.00     0.00     0.00
     2373  0.87500        1.4250        0.0000          0.00     0.00     0.00
     2374  0.90000        1.4250        0.0000          0.00     0.00     0.00
     2375  0.92500        1.4250        0.0000          0.00     0.00     0.00
     2376  0.95000        1.4250        0.0000          0.00     0.00     0.00
     2377  0.97500        1.4250        0.0000          0.00     0.00     0.00
     2378   1.0000        1.4250        0.0000          0.00     0.00     0.00
     2379   0.0000        1.4500        0.0000          0.00     0.00     0.00
     2380  0.25000E-001   1.4500        0.0000          0.00     0.00     0.00

    NODE        X             Y             Z           THXY     THYZ     THZX
     2381  0.50000E-001   1.4500        0.0000          0.00     0.00     0.00
     2382  0.75000E-001   1.4500        0.0000          0.00     0.00     0.00
     2383  0.10000        1.4500        0.0000          0.00     0.00     0.00
     2384  0.12500        1.4500        0.0000          0.00     0.00     0.00
     2385  0.15000        1.4500        0.0000          0.00     0.00     0.00
     2386  0.17500        1.4500        0.0000          0.00     0.00     0.00
     2387  0.20000        1.4500        0.0000          0.00     0.00     0.00
     2388  0.22500        1.4500        0.0000          0.00     0.00     0.00
     2389  0.25000        1.4500        0.0000          0.00     0.00     0.00
     2390  0.27500        1.4500        0.0000          0.00     0.00     0.00
     2391  0.30000        1.4500        0.0000          0.00     0.00     0.00
     2392  0.32500        1.4500        0.0000          0.00     0.00     0.00
     2393  0.35000        1.4500        0.0000          0.00     0.00     0.00
     2394  0.37500        1.4500        0.0000          0.00     0.00     0.00
     2395  0.40000        1.4500        0.0000          0.00     0.00     0.00
     2396  0.42500        1.4500        0.0000          0.00     0.00     0.00
     2397  0.45000        1.4500        0.0000          0.00     0.00     0.00
     2398  0.47500        1.4500        0.0000          0.00     0.00     0.00
     2399  0.50000        1.4500        0.0000          0.00     0.00     0.00
     2400  0.52500        1.4500        0.0000          0.00     0.00     0.00

    NODE        X             Y             Z           THXY     THYZ     THZX
     2401  0.55000        1.4500        0.0000          0.00     0.00     0.00
     2402  0.57500        1.4500        0.0000          0.00     0.00     0.00
     2403  0.60000        1.4500        0.0000          0.00     0.00     0.00
     2404  0.62500        1.4500        0.0000          0.00     0.00     0.00
     2405  0.65000        1.4500        0.0000          0.00     0.00     0.00
     2406  0.67500        1.4500        0.0000          0.00     0.00     0.00
     2407  0.70000        1.4500        0.0000          0.00     0.00     0.00
     2408  0.72500        1.4500        0.0000          0.00     0.00     0.00
     2409  0.75000        1.4500        0.0000          0.00     0.00     0.00
     2410  0.77500        1.4500        0.0000          0.00     0.00     0.00
     2411  0.80000        1.4500        0.0000          0.00     0.00     0.00
     2412  0.82500        1.4500        0.0000          0.00     0.00     0.00
     2413  0.85000        1.4500        0.0000          0.00     0.00     0.00
     2414  0.87500        1.4500        0.0000          0.00     0.00     0.00
     2415  0.90000        1.4500        0.0000          0.00     0.00     0.00
     2416  0.92500        1.4500        0.0000          0.00     0.00     0.00
     2417  0.95000        1.4500        0.0000          0.00     0.00     0.00
     2418  0.97500        1.4500        0.0000          0.00     0.00     0.00
     2419   1.0000        1.4500        0.0000          0.00     0.00     0.00
     2420   0.0000        1.4750        0.0000          0.00     0.00     0.00

    NODE        X             Y             Z           THXY     THYZ     THZX
     2421  0.25000E-001   1.4750        0.0000          0.00     0.00     0.00
     2422  0.50000E-001   1.4750        0.0000          0.00     0.00     0.00
     2423  0.75000E-001   1.4750        0.0000          0.00     0.00     0.00
     2424  0.10000        1.4750        0.0000          0.00     0.00     0.00
     2425  0.12500        1.4750        0.0000          0.00     0.00     0.00
     2426  0.15000        1.4750        0.0000          0.00     0.00     0.00
     2427  0.17500        1.4750        0.0000          0.00     0.00     0.00
     2428  0.20000        1.4750        0.0000          0.00     0.00     0.00
     2429  0.22500        1.4750        0.0000          0.00     0.00     0.00
     2430  0.25000        1.4750        0.0000          0.00     0.00     0.00
     2431  0.27500        1.4750        0.0000          0.00     0.00     0.00
     2432  0.30000        1.4750        0.0000          0.00     0.00     0.00
     2433  0.32500        1.4750        0.0000          0.00     0.00     0.00
     2434  0.35000        1.4750        0.0000          0.00     0.00     0.00
     2435  0.37500        1.4750        0.0000          0.00     0.00     0.00
     2436  0.40000        1.4750        0.0000          0.00     0.00     0.00
     2437  0.42500        1.4750        0.0000          0.00     0.00     0.00
     2438  0.45000        1.4750        0.0000          0.00     0.00     0.00
     2439  0.47500        1.4750        0.0000          0.00     0.00     0.00
     2440  0.50000        1.4750        0.0000          0.00     0.00     0.00

    NODE        X             Y             Z           THXY     THYZ     THZX
     2441  0.52500        1.4750        0.0000          0.00     0.00     0.00
     2442  0.55000        1.4750        0.0000          0.00     0.00     0.00
     2443  0.57500        1.4750        0.0000          0.00     0.00     0.00
     2444  0.60000        1.4750        0.0000          0.00     0.00     0.00
     2445  0.62500        1.4750        0.0000          0.00     0.00     0.00
     2446  0.65000        1.4750        0.0000          0.00     0.00     0.00
     2447  0.67500        1.4750        0.0000          0.00     0.00     0.00
     2448  0.70000        1.4750        0.0000          0.00     0.00     0.00
     2449  0.72500        1.4750        0.0000          0.00     0.00     0.00
     2450  0.75000        1.4750        0.0000          0.00     0.00     0.00
     2451  0.77500        1.4750        0.0000          0.00     0.00     0.00
     2452  0.80000        1.4750        0.0000          0.00     0.00     0.00
     2453  0.82500        1.4750        0.0000          0.00     0.00     0.00
     2454  0.85000        1.4750        0.0000          0.00     0.00     0.00
     2455  0.87500        1.4750        0.0000          0.00     0.00     0.00
     2456  0.90000        1.4750        0.0000          0.00     0.00     0.00
     2457  0.92500        1.4750        0.0000          0.00     0.00     0.00
     2458  0.95000        1.4750        0.0000          0.00     0.00     0.00
     2459  0.97500        1.4750        0.0000          0.00     0.00     0.00
     2460   1.0000        1.4750        0.0000          0.00     0.00     0.00

    NODE        X             Y             Z           THXY     THYZ     THZX
     2461   0.0000        1.5000        0.0000          0.00     0.00     0.00
     2462  0.25000E-001   1.5000        0.0000          0.00     0.00     0.00
     2463  0.50000E-001   1.5000        0.0000          0.00     0.00     0.00
     2464  0.75000E-001   1.5000        0.0000          0.00     0.00     0.00
     2465  0.10000        1.5000        0.0000          0.00     0.00     0.00
     2466  0.12500        1.5000        0.0000          0.00     0.00     0.00
     2467  0.15000        1.5000        0.0000          0.00     0.00     0.00
     2468  0.17500        1.5000        0.0000          0.00     0.00     0.00
     2469  0.20000        1.5000        0.0000          0.00     0.00     0.00
     2470  0.22500        1.5000        0.0000          0.00     0.00     0.00
     2471  0.25000        1.5000        0.0000          0.00     0.00     0.00
     2472  0.27500        1.5000        0.0000          0.00     0.00     0.00
     2473  0.30000        1.5000        0.0000          0.00     0.00     0.00
     2474  0.32500        1.5000        0.0000          0.00     0.00     0.00
     2475  0.35000        1.5000        0.0000          0.00     0.00     0.00
     2476  0.37500        1.5000        0.0000          0.00     0.00     0.00
     2477  0.40000        1.5000        0.0000          0.00     0.00     0.00
     2478  0.42500        1.5000        0.0000          0.00     0.00     0.00
     2479  0.45000        1.5000        0.0000          0.00     0.00     0.00
     2480  0.47500        1.5000        0.0000          0.00     0.00     0.00

    NODE        X             Y             Z           THXY     THYZ     THZX
     2481  0.50000        1.5000        0.0000          0.00     0.00     0.00
     2482  0.52500        1.5000        0.0000          0.00     0.00     0.00
     2483  0.55000        1.5000        0.0000          0.00     0.00     0.00
     2484  0.57500        1.5000        0.0000          0.00     0.00     0.00
     2485  0.60000        1.5000        0.0000          0.00     0.00     0.00
     2486  0.62500        1.5000        0.0000          0.00     0.00     0.00
     2487  0.65000        1.5000        0.0000          0.00     0.00     0.00
     2488  0.67500        1.5000        0.0000          0.00     0.00     0.00
     2489  0.70000        1.5000        0.0000          0.00     0.00     0.00
     2490  0.72500        1.5000        0.0000          0.00     0.00     0.00
     2491  0.75000        1.5000        0.0000          0.00     0.00     0.00
     2492  0.77500        1.5000        0.0000          0.00     0.00     0.00
     2493  0.80000        1.5000        0.0000          0.00     0.00     0.00
     2494  0.82500        1.5000        0.0000          0.00     0.00     0.00
     2495  0.85000        1.5000        0.0000          0.00     0.00     0.00
     2496  0.87500        1.5000        0.0000          0.00     0.00     0.00
     2497  0.90000        1.5000        0.0000          0.00     0.00     0.00
     2498  0.92500        1.5000        0.0000          0.00     0.00     0.00
     2499  0.95000        1.5000        0.0000          0.00     0.00     0.00
     2500  0.97500        1.5000        0.0000          0.00     0.00     0.00

    NODE        X             Y             Z           THXY     THYZ     THZX
     2501   1.0000        1.5000        0.0000          0.00     0.00     0.00

