
 LIST ALL SELECTED ELEMENTS.  (LIST NODES)
 
    ELEM MAT TYP REL ESY SEC        NODES
 
       1   1   1   1   0   1      1     2    43    42
       2   1   1   1   0   1      2     3    44    43
       3   1   1   1   0   1      3     4    45    44
       4   1   1   1   0   1      4     5    46    45
       5   1   1   1   0   1      5     6    47    46
       6   1   1   1   0   1      6     7    48    47
       7   1   1   1   0   1      7     8    49    48
       8   1   1   1   0   1      8     9    50    49
       9   1   1   1   0   1      9    10    51    50
      10   1   1   1   0   1     10    11    52    51
      11   1   1   1   0   1     11    12    53    52
      12   1   1   1   0   1     12    13    54    53
      13   1   1   1   0   1     13    14    55    54
      14   1   1   1   0   1     14    15    56    55
      15   1   1   1   0   1     15    16    57    56
      16   1   1   1   0   1     16    17    58    57
      17   1   1   1   0   1     17    18    59    58
      18   1   1   1   0   1     18    19    60    59
      19   1   1   1   0   1     19    20    61    60
      20   1   1   1   0   1     20    21    62    61
 
    ELEM MAT TYP REL ESY SEC        NODES
 
      21   1   1   1   0   1     21    22    63    62
      22   1   1   1   0   1     22    23    64    63
      23   1   1   1   0   1     23    24    65    64
      24   1   1   1   0   1     24    25    66    65
      25   1   1   1   0   1     25    26    67    66
      26   1   1   1   0   1     26    27    68    67
      27   1   1   1   0   1     27    28    69    68
      28   1   1   1   0   1     28    29    70    69
      29   1   1   1   0   1     29    30    71    70
      30   1   1   1   0   1     30    31    72    71
      31   1   1   1   0   1     31    32    73    72
      32   1   1   1   0   1     32    33    74    73
      33   1   1   1   0   1     33    34    75    74
      34   1   1   1   0   1     34    35    76    75
      35   1   1   1   0   1     35    36    77    76
      36   1   1   1   0   1     36    37    78    77
      37   1   1   1   0   1     37    38    79    78
      38   1   1   1   0   1     38    39    80    79
      39   1   1   1   0   1     39    40    81    80
      40   1   1   1   0   1     40    41    82    81
 
    ELEM MAT TYP REL ESY SEC        NODES
 
      41   1   1   1   0   1     42    43    84    83
      42   1   1   1   0   1     43    44    85    84
      43   1   1   1   0   1     44    45    86    85
      44   1   1   1   0   1     45    46    87    86
      45   1   1   1   0   1     46    47    88    87
      46   1   1   1   0   1     47    48    89    88
      47   1   1   1   0   1     48    49    90    89
      48   1   1   1   0   1     49    50    91    90
      49   1   1   1   0   1     50    51    92    91
      50   1   1   1   0   1     51    52    93    92
      51   1   1   1   0   1     52    53    94    93
      52   1   1   1   0   1     53    54    95    94
      53   1   1   1   0   1     54    55    96    95
      54   1   1   1   0   1     55    56    97    96
      55   1   1   1   0   1     56    57    98    97
      56   1   1   1   0   1     57    58    99    98
      57   1   1   1   0   1     58    59   100    99
      58   1   1   1   0   1     59    60   101   100
      59   1   1   1   0   1     60    61   102   101
      60   1   1   1   0   1     61    62   103   102
 
    ELEM MAT TYP REL ESY SEC        NODES
 
      61   1   1   1   0   1     62    63   104   103
      62   1   1   1   0   1     63    64   105   104
      63   1   1   1   0   1     64    65   106   105
      64   1   1   1   0   1     65    66   107   106
      65   1   1   1   0   1     66    67   108   107
      66   1   1   1   0   1     67    68   109   108
      67   1   1   1   0   1     68    69   110   109
      68   1   1   1   0   1     69    70   111   110
      69   1   1   1   0   1     70    71   112   111
      70   1   1   1   0   1     71    72   113   112
      71   1   1   1   0   1     72    73   114   113
      72   1   1   1   0   1     73    74   115   114
      73   1   1   1   0   1     74    75   116   115
      74   1   1   1   0   1     75    76   117   116
      75   1   1   1   0   1     76    77   118   117
      76   1   1   1   0   1     77    78   119   118
      77   1   1   1   0   1     78    79   120   119
      78   1   1   1   0   1     79    80   121   120
      79   1   1   1   0   1     80    81   122   121
      80   1   1   1   0   1     81    82   123   122
 
    ELEM MAT TYP REL ESY SEC        NODES
 
      81   1   1   1   0   1     83    84   125   124
      82   1   1   1   0   1     84    85   126   125
      83   1   1   1   0   1     85    86   127   126
      84   1   1   1   0   1     86    87   128   127
      85   1   1   1   0   1     87    88   129   128
      86   1   1   1   0   1     88    89   130   129
      87   1   1   1   0   1     89    90   131   130
      88   1   1   1   0   1     90    91   132   131
      89   1   1   1   0   1     91    92   133   132
      90   1   1   1   0   1     92    93   134   133
      91   1   1   1   0   1     93    94   135   134
      92   1   1   1   0   1     94    95   136   135
      93   1   1   1   0   1     95    96   137   136
      94   1   1   1   0   1     96    97   138   137
      95   1   1   1   0   1     97    98   139   138
      96   1   1   1   0   1     98    99   140   139
      97   1   1   1   0   1     99   100   141   140
      98   1   1   1   0   1    100   101   142   141
      99   1   1   1   0   1    101   102   143   142
     100   1   1   1   0   1    102   103   144   143
 
    ELEM MAT TYP REL ESY SEC        NODES
 
     101   1   1   1   0   1    103   104   145   144
     102   1   1   1   0   1    104   105   146   145
     103   1   1   1   0   1    105   106   147   146
     104   1   1   1   0   1    106   107   148   147
     105   1   1   1   0   1    107   108   149   148
     106   1   1   1   0   1    108   109   150   149
     107   1   1   1   0   1    109   110   151   150
     108   1   1   1   0   1    110   111   152   151
     109   1   1   1   0   1    111   112   153   152
     110   1   1   1   0   1    112   113   154   153
     111   1   1   1   0   1    113   114   155   154
     112   1   1   1   0   1    114   115   156   155
     113   1   1   1   0   1    115   116   157   156
     114   1   1   1   0   1    116   117   158   157
     115   1   1   1   0   1    117   118   159   158
     116   1   1   1   0   1    118   119   160   159
     117   1   1   1   0   1    119   120   161   160
     118   1   1   1   0   1    120   121   162   161
     119   1   1   1   0   1    121   122   163   162
     120   1   1   1   0   1    122   123   164   163
 
    ELEM MAT TYP REL ESY SEC        NODES
 
     121   1   1   1   0   1    124   125   166   165
     122   1   1   1   0   1    125   126   167   166
     123   1   1   1   0   1    126   127   168   167
     124   1   1   1   0   1    127   128   169   168
     125   1   1   1   0   1    128   129   170   169
     126   1   1   1   0   1    129   130   171   170
     127   1   1   1   0   1    130   131   172   171
     128   1   1   1   0   1    131   132   173   172
     129   1   1   1   0   1    132   133   174   173
     130   1   1   1   0   1    133   134   175   174
     131   1   1   1   0   1    134   135   176   175
     132   1   1   1   0   1    135   136   177   176
     133   1   1   1   0   1    136   137   178   177
     134   1   1   1   0   1    137   138   179   178
     135   1   1   1   0   1    138   139   180   179
     136   1   1   1   0   1    139   140   181   180
     137   1   1   1   0   1    140   141   182   181
     138   1   1   1   0   1    141   142   183   182
     139   1   1   1   0   1    142   143   184   183
     140   1   1   1   0   1    143   144   185   184
 
    ELEM MAT TYP REL ESY SEC        NODES
 
     141   1   1   1   0   1    144   145   186   185
     142   1   1   1   0   1    145   146   187   186
     143   1   1   1   0   1    146   147   188   187
     144   1   1   1   0   1    147   148   189   188
     145   1   1   1   0   1    148   149   190   189
     146   1   1   1   0   1    149   150   191   190
     147   1   1   1   0   1    150   151   192   191
     148   1   1   1   0   1    151   152   193   192
     149   1   1   1   0   1    152   153   194   193
     150   1   1   1   0   1    153   154   195   194
     151   1   1   1   0   1    154   155   196   195
     152   1   1   1   0   1    155   156   197   196
     153   1   1   1   0   1    156   157   198   197
     154   1   1   1   0   1    157   158   199   198
     155   1   1   1   0   1    158   159   200   199
     156   1   1   1   0   1    159   160   201   200
     157   1   1   1   0   1    160   161   202   201
     158   1   1   1   0   1    161   162   203   202
     159   1   1   1   0   1    162   163   204   203
     160   1   1   1   0   1    163   164   205   204
 
    ELEM MAT TYP REL ESY SEC        NODES
 
     161   1   1   1   0   1    165   166   207   206
     162   1   1   1   0   1    166   167   208   207
     163   1   1   1   0   1    167   168   209   208
     164   1   1   1   0   1    168   169   210   209
     165   1   1   1   0   1    169   170   211   210
     166   1   1   1   0   1    170   171   212   211
     167   1   1   1   0   1    171   172   213   212
     168   1   1   1   0   1    172   173   214   213
     169   1   1   1   0   1    173   174   215   214
     170   1   1   1   0   1    174   175   216   215
     171   1   1   1   0   1    175   176   217   216
     172   1   1   1   0   1    176   177   218   217
     173   1   1   1   0   1    177   178   219   218
     174   1   1   1   0   1    178   179   220   219
     175   1   1   1   0   1    179   180   221   220
     176   1   1   1   0   1    180   181   222   221
     177   1   1   1   0   1    181   182   223   222
     178   1   1   1   0   1    182   183   224   223
     179   1   1   1   0   1    183   184   225   224
     180   1   1   1   0   1    184   185   226   225
 
    ELEM MAT TYP REL ESY SEC        NODES
 
     181   1   1   1   0   1    185   186   227   226
     182   1   1   1   0   1    186   187   228   227
     183   1   1   1   0   1    187   188   229   228
     184   1   1   1   0   1    188   189   230   229
     185   1   1   1   0   1    189   190   231   230
     186   1   1   1   0   1    190   191   232   231
     187   1   1   1   0   1    191   192   233   232
     188   1   1   1   0   1    192   193   234   233
     189   1   1   1   0   1    193   194   235   234
     190   1   1   1   0   1    194   195   236   235
     191   1   1   1   0   1    195   196   237   236
     192   1   1   1   0   1    196   197   238   237
     193   1   1   1   0   1    197   198   239   238
     194   1   1   1   0   1    198   199   240   239
     195   1   1   1   0   1    199   200   241   240
     196   1   1   1   0   1    200   201   242   241
     197   1   1   1   0   1    201   202   243   242
     198   1   1   1   0   1    202   203   244   243
     199   1   1   1   0   1    203   204   245   244
     200   1   1   1   0   1    204   205   246   245
 
    ELEM MAT TYP REL ESY SEC        NODES
 
     201   1   1   1   0   1    206   207   248   247
     202   1   1   1   0   1    207   208   249   248
     203   1   1   1   0   1    208   209   250   249
     204   1   1   1   0   1    209   210   251   250
     205   1   1   1   0   1    210   211   252   251
     206   1   1   1   0   1    211   212   253   252
     207   1   1   1   0   1    212   213   254   253
     208   1   1   1   0   1    213   214   255   254
     209   1   1   1   0   1    214   215   256   255
     210   1   1   1   0   1    215   216   257   256
     211   1   1   1   0   1    216   217   258   257
     212   1   1   1   0   1    217   218   259   258
     213   1   1   1   0   1    218   219   260   259
     214   1   1   1   0   1    219   220   261   260
     215   1   1   1   0   1    220   221   262   261
     216   1   1   1   0   1    221   222   263   262
     217   1   1   1   0   1    222   223   264   263
     218   1   1   1   0   1    223   224   265   264
     219   1   1   1   0   1    224   225   266   265
     220   1   1   1   0   1    225   226   267   266
 
    ELEM MAT TYP REL ESY SEC        NODES
 
     221   1   1   1   0   1    226   227   268   267
     222   1   1   1   0   1    227   228   269   268
     223   1   1   1   0   1    228   229   270   269
     224   1   1   1   0   1    229   230   271   270
     225   1   1   1   0   1    230   231   272   271
     226   1   1   1   0   1    231   232   273   272
     227   1   1   1   0   1    232   233   274   273
     228   1   1   1   0   1    233   234   275   274
     229   1   1   1   0   1    234   235   276   275
     230   1   1   1   0   1    235   236   277   276
     231   1   1   1   0   1    236   237   278   277
     232   1   1   1   0   1    237   238   279   278
     233   1   1   1   0   1    238   239   280   279
     234   1   1   1   0   1    239   240   281   280
     235   1   1   1   0   1    240   241   282   281
     236   1   1   1   0   1    241   242   283   282
     237   1   1   1   0   1    242   243   284   283
     238   1   1   1   0   1    243   244   285   284
     239   1   1   1   0   1    244   245   286   285
     240   1   1   1   0   1    245   246   287   286
 
    ELEM MAT TYP REL ESY SEC        NODES
 
     241   1   1   1   0   1    247   248   289   288
     242   1   1   1   0   1    248   249   290   289
     243   1   1   1   0   1    249   250   291   290
     244   1   1   1   0   1    250   251   292   291
     245   1   1   1   0   1    251   252   293   292
     246   1   1   1   0   1    252   253   294   293
     247   1   1   1   0   1    253   254   295   294
     248   1   1   1   0   1    254   255   296   295
     249   1   1   1   0   1    255   256   297   296
     250   1   1   1   0   1    256   257   298   297
     251   1   1   1   0   1    257   258   299   298
     252   1   1   1   0   1    258   259   300   299
     253   1   1   1   0   1    259   260   301   300
     254   1   1   1   0   1    260   261   302   301
     255   1   1   1   0   1    261   262   303   302
     256   1   1   1   0   1    262   263   304   303
     257   1   1   1   0   1    263   264   305   304
     258   1   1   1   0   1    264   265   306   305
     259   1   1   1   0   1    265   266   307   306
     260   1   1   1   0   1    266   267   308   307
 
    ELEM MAT TYP REL ESY SEC        NODES
 
     261   1   1   1   0   1    267   268   309   308
     262   1   1   1   0   1    268   269   310   309
     263   1   1   1   0   1    269   270   311   310
     264   1   1   1   0   1    270   271   312   311
     265   1   1   1   0   1    271   272   313   312
     266   1   1   1   0   1    272   273   314   313
     267   1   1   1   0   1    273   274   315   314
     268   1   1   1   0   1    274   275   316   315
     269   1   1   1   0   1    275   276   317   316
     270   1   1   1   0   1    276   277   318   317
     271   1   1   1   0   1    277   278   319   318
     272   1   1   1   0   1    278   279   320   319
     273   1   1   1   0   1    279   280   321   320
     274   1   1   1   0   1    280   281   322   321
     275   1   1   1   0   1    281   282   323   322
     276   1   1   1   0   1    282   283   324   323
     277   1   1   1   0   1    283   284   325   324
     278   1   1   1   0   1    284   285   326   325
     279   1   1   1   0   1    285   286   327   326
     280   1   1   1   0   1    286   287   328   327
 
    ELEM MAT TYP REL ESY SEC        NODES
 
     281   1   1   1   0   1    288   289   330   329
     282   1   1   1   0   1    289   290   331   330
     283   1   1   1   0   1    290   291   332   331
     284   1   1   1   0   1    291   292   333   332
     285   1   1   1   0   1    292   293   334   333
     286   1   1   1   0   1    293   294   335   334
     287   1   1   1   0   1    294   295   336   335
     288   1   1   1   0   1    295   296   337   336
     289   1   1   1   0   1    296   297   338   337
     290   1   1   1   0   1    297   298   339   338
     291   1   1   1   0   1    298   299   340   339
     292   1   1   1   0   1    299   300   341   340
     293   1   1   1   0   1    300   301   342   341
     294   1   1   1   0   1    301   302   343   342
     295   1   1   1   0   1    302   303   344   343
     296   1   1   1   0   1    303   304   345   344
     297   1   1   1   0   1    304   305   346   345
     298   1   1   1   0   1    305   306   347   346
     299   1   1   1   0   1    306   307   348   347
     300   1   1   1   0   1    307   308   349   348
 
    ELEM MAT TYP REL ESY SEC        NODES
 
     301   1   1   1   0   1    308   309   350   349
     302   1   1   1   0   1    309   310   351   350
     303   1   1   1   0   1    310   311   352   351
     304   1   1   1   0   1    311   312   353   352
     305   1   1   1   0   1    312   313   354   353
     306   1   1   1   0   1    313   314   355   354
     307   1   1   1   0   1    314   315   356   355
     308   1   1   1   0   1    315   316   357   356
     309   1   1   1   0   1    316   317   358   357
     310   1   1   1   0   1    317   318   359   358
     311   1   1   1   0   1    318   319   360   359
     312   1   1   1   0   1    319   320   361   360
     313   1   1   1   0   1    320   321   362   361
     314   1   1   1   0   1    321   322   363   362
     315   1   1   1   0   1    322   323   364   363
     316   1   1   1   0   1    323   324   365   364
     317   1   1   1   0   1    324   325   366   365
     318   1   1   1   0   1    325   326   367   366
     319   1   1   1   0   1    326   327   368   367
     320   1   1   1   0   1    327   328   369   368
 
    ELEM MAT TYP REL ESY SEC        NODES
 
     321   1   1   1   0   1    329   330   371   370
     322   1   1   1   0   1    330   331   372   371
     323   1   1   1   0   1    331   332   373   372
     324   1   1   1   0   1    332   333   374   373
     325   1   1   1   0   1    333   334   375   374
     326   1   1   1   0   1    334   335   376   375
     327   1   1   1   0   1    335   336   377   376
     328   1   1   1   0   1    336   337   378   377
     329   1   1   1   0   1    337   338   379   378
     330   1   1   1   0   1    338   339   380   379
     331   1   1   1   0   1    339   340   381   380
     332   1   1   1   0   1    340   341   382   381
     333   1   1   1   0   1    341   342   383   382
     334   1   1   1   0   1    342   343   384   383
     335   1   1   1   0   1    343   344   385   384
     336   1   1   1   0   1    344   345   386   385
     337   1   1   1   0   1    345   346   387   386
     338   1   1   1   0   1    346   347   388   387
     339   1   1   1   0   1    347   348   389   388
     340   1   1   1   0   1    348   349   390   389
 
    ELEM MAT TYP REL ESY SEC        NODES
 
     341   1   1   1   0   1    349   350   391   390
     342   1   1   1   0   1    350   351   392   391
     343   1   1   1   0   1    351   352   393   392
     344   1   1   1   0   1    352   353   394   393
     345   1   1   1   0   1    353   354   395   394
     346   1   1   1   0   1    354   355   396   395
     347   1   1   1   0   1    355   356   397   396
     348   1   1   1   0   1    356   357   398   397
     349   1   1   1   0   1    357   358   399   398
     350   1   1   1   0   1    358   359   400   399
     351   1   1   1   0   1    359   360   401   400
     352   1   1   1   0   1    360   361   402   401
     353   1   1   1   0   1    361   362   403   402
     354   1   1   1   0   1    362   363   404   403
     355   1   1   1   0   1    363   364   405   404
     356   1   1   1   0   1    364   365   406   405
     357   1   1   1   0   1    365   366   407   406
     358   1   1   1   0   1    366   367   408   407
     359   1   1   1   0   1    367   368   409   408
     360   1   1   1   0   1    368   369   410   409
 
    ELEM MAT TYP REL ESY SEC        NODES
 
     361   1   1   1   0   1    370   371   412   411
     362   1   1   1   0   1    371   372   413   412
     363   1   1   1   0   1    372   373   414   413
     364   1   1   1   0   1    373   374   415   414
     365   1   1   1   0   1    374   375   416   415
     366   1   1   1   0   1    375   376   417   416
     367   1   1   1   0   1    376   377   418   417
     368   1   1   1   0   1    377   378   419   418
     369   1   1   1   0   1    378   379   420   419
     370   1   1   1   0   1    379   380   421   420
     371   1   1   1   0   1    380   381   422   421
     372   1   1   1   0   1    381   382   423   422
     373   1   1   1   0   1    382   383   424   423
     374   1   1   1   0   1    383   384   425   424
     375   1   1   1   0   1    384   385   426   425
     376   1   1   1   0   1    385   386   427   426
     377   1   1   1   0   1    386   387   428   427
     378   1   1   1   0   1    387   388   429   428
     379   1   1   1   0   1    388   389   430   429
     380   1   1   1   0   1    389   390   431   430
 
    ELEM MAT TYP REL ESY SEC        NODES
 
     381   1   1   1   0   1    390   391   432   431
     382   1   1   1   0   1    391   392   433   432
     383   1   1   1   0   1    392   393   434   433
     384   1   1   1   0   1    393   394   435   434
     385   1   1   1   0   1    394   395   436   435
     386   1   1   1   0   1    395   396   437   436
     387   1   1   1   0   1    396   397   438   437
     388   1   1   1   0   1    397   398   439   438
     389   1   1   1   0   1    398   399   440   439
     390   1   1   1   0   1    399   400   441   440
     391   1   1   1   0   1    400   401   442   441
     392   1   1   1   0   1    401   402   443   442
     393   1   1   1   0   1    402   403   444   443
     394   1   1   1   0   1    403   404   445   444
     395   1   1   1   0   1    404   405   446   445
     396   1   1   1   0   1    405   406   447   446
     397   1   1   1   0   1    406   407   448   447
     398   1   1   1   0   1    407   408   449   448
     399   1   1   1   0   1    408   409   450   449
     400   1   1   1   0   1    409   410   451   450
 
    ELEM MAT TYP REL ESY SEC        NODES
 
     401   1   1   1   0   1    411   412   453   452
     402   1   1   1   0   1    412   413   454   453
     403   1   1   1   0   1    413   414   455   454
     404   1   1   1   0   1    414   415   456   455
     405   1   1   1   0   1    415   416   457   456
     406   1   1   1   0   1    416   417   458   457
     407   1   1   1   0   1    417   418   459   458
     408   1   1   1   0   1    418   419   460   459
     409   1   1   1   0   1    419   420   461   460
     410   1   1   1   0   1    420   421   462   461
     411   1   1   1   0   1    421   422   463   462
     412   1   1   1   0   1    422   423   464   463
     413   1   1   1   0   1    423   424   465   464
     414   1   1   1   0   1    424   425   466   465
     415   1   1   1   0   1    425   426   467   466
     416   1   1   1   0   1    426   427   468   467
     417   1   1   1   0   1    427   428   469   468
     418   1   1   1   0   1    428   429   470   469
     419   1   1   1   0   1    429   430   471   470
     420   1   1   1   0   1    430   431   472   471
 
    ELEM MAT TYP REL ESY SEC        NODES
 
     421   1   1   1   0   1    431   432   473   472
     422   1   1   1   0   1    432   433   474   473
     423   1   1   1   0   1    433   434   475   474
     424   1   1   1   0   1    434   435   476   475
     425   1   1   1   0   1    435   436   477   476
     426   1   1   1   0   1    436   437   478   477
     427   1   1   1   0   1    437   438   479   478
     428   1   1   1   0   1    438   439   480   479
     429   1   1   1   0   1    439   440   481   480
     430   1   1   1   0   1    440   441   482   481
     431   1   1   1   0   1    441   442   483   482
     432   1   1   1   0   1    442   443   484   483
     433   1   1   1   0   1    443   444   485   484
     434   1   1   1   0   1    444   445   486   485
     435   1   1   1   0   1    445   446   487   486
     436   1   1   1   0   1    446   447   488   487
     437   1   1   1   0   1    447   448   489   488
     438   1   1   1   0   1    448   449   490   489
     439   1   1   1   0   1    449   450   491   490
     440   1   1   1   0   1    450   451   492   491
 
    ELEM MAT TYP REL ESY SEC        NODES
 
     441   1   1   1   0   1    452   453   494   493
     442   1   1   1   0   1    453   454   495   494
     443   1   1   1   0   1    454   455   496   495
     444   1   1   1   0   1    455   456   497   496
     445   1   1   1   0   1    456   457   498   497
     446   1   1   1   0   1    457   458   499   498
     447   1   1   1   0   1    458   459   500   499
     448   1   1   1   0   1    459   460   501   500
     449   1   1   1   0   1    460   461   502   501
     450   1   1   1   0   1    461   462   503   502
     451   1   1   1   0   1    462   463   504   503
     452   1   1   1   0   1    463   464   505   504
     453   1   1   1   0   1    464   465   506   505
     454   1   1   1   0   1    465   466   507   506
     455   1   1   1   0   1    466   467   508   507
     456   1   1   1   0   1    467   468   509   508
     457   1   1   1   0   1    468   469   510   509
     458   1   1   1   0   1    469   470   511   510
     459   1   1   1   0   1    470   471   512   511
     460   1   1   1   0   1    471   472   513   512
 
    ELEM MAT TYP REL ESY SEC        NODES
 
     461   1   1   1   0   1    472   473   514   513
     462   1   1   1   0   1    473   474   515   514
     463   1   1   1   0   1    474   475   516   515
     464   1   1   1   0   1    475   476   517   516
     465   1   1   1   0   1    476   477   518   517
     466   1   1   1   0   1    477   478   519   518
     467   1   1   1   0   1    478   479   520   519
     468   1   1   1   0   1    479   480   521   520
     469   1   1   1   0   1    480   481   522   521
     470   1   1   1   0   1    481   482   523   522
     471   1   1   1   0   1    482   483   524   523
     472   1   1   1   0   1    483   484   525   524
     473   1   1   1   0   1    484   485   526   525
     474   1   1   1   0   1    485   486   527   526
     475   1   1   1   0   1    486   487   528   527
     476   1   1   1   0   1    487   488   529   528
     477   1   1   1   0   1    488   489   530   529
     478   1   1   1   0   1    489   490   531   530
     479   1   1   1   0   1    490   491   532   531
     480   1   1   1   0   1    491   492   533   532
 
    ELEM MAT TYP REL ESY SEC        NODES
 
     481   1   1   1   0   1    493   494   535   534
     482   1   1   1   0   1    494   495   536   535
     483   1   1   1   0   1    495   496   537   536
     484   1   1   1   0   1    496   497   538   537
     485   1   1   1   0   1    497   498   539   538
     486   1   1   1   0   1    498   499   540   539
     487   1   1   1   0   1    499   500   541   540
     488   1   1   1   0   1    500   501   542   541
     489   1   1   1   0   1    501   502   543   542
     490   1   1   1   0   1    502   503   544   543
     491   1   1   1   0   1    503   504   545   544
     492   1   1   1   0   1    504   505   546   545
     493   1   1   1   0   1    505   506   547   546
     494   1   1   1   0   1    506   507   548   547
     495   1   1   1   0   1    507   508   549   548
     496   1   1   1   0   1    508   509   550   549
     497   1   1   1   0   1    509   510   551   550
     498   1   1   1   0   1    510   511   552   551
     499   1   1   1   0   1    511   512   553   552
     500   1   1   1   0   1    512   513   554   553
 
    ELEM MAT TYP REL ESY SEC        NODES
 
     501   1   1   1   0   1    513   514   555   554
     502   1   1   1   0   1    514   515   556   555
     503   1   1   1   0   1    515   516   557   556
     504   1   1   1   0   1    516   517   558   557
     505   1   1   1   0   1    517   518   559   558
     506   1   1   1   0   1    518   519   560   559
     507   1   1   1   0   1    519   520   561   560
     508   1   1   1   0   1    520   521   562   561
     509   1   1   1   0   1    521   522   563   562
     510   1   1   1   0   1    522   523   564   563
     511   1   1   1   0   1    523   524   565   564
     512   1   1   1   0   1    524   525   566   565
     513   1   1   1   0   1    525   526   567   566
     514   1   1   1   0   1    526   527   568   567
     515   1   1   1   0   1    527   528   569   568
     516   1   1   1   0   1    528   529   570   569
     517   1   1   1   0   1    529   530   571   570
     518   1   1   1   0   1    530   531   572   571
     519   1   1   1   0   1    531   532   573   572
     520   1   1   1   0   1    532   533   574   573
 
    ELEM MAT TYP REL ESY SEC        NODES
 
     521   1   1   1   0   1    534   535   576   575
     522   1   1   1   0   1    535   536   577   576
     523   1   1   1   0   1    536   537   578   577
     524   1   1   1   0   1    537   538   579   578
     525   1   1   1   0   1    538   539   580   579
     526   1   1   1   0   1    539   540   581   580
     527   1   1   1   0   1    540   541   582   581
     528   1   1   1   0   1    541   542   583   582
     529   1   1   1   0   1    542   543   584   583
     530   1   1   1   0   1    543   544   585   584
     531   1   1   1   0   1    544   545   586   585
     532   1   1   1   0   1    545   546   587   586
     533   1   1   1   0   1    546   547   588   587
     534   1   1   1   0   1    547   548   589   588
     535   1   1   1   0   1    548   549   590   589
     536   1   1   1   0   1    549   550   591   590
     537   1   1   1   0   1    550   551   592   591
     538   1   1   1   0   1    551   552   593   592
     539   1   1   1   0   1    552   553   594   593
     540   1   1   1   0   1    553   554   595   594
 
    ELEM MAT TYP REL ESY SEC        NODES
 
     541   1   1   1   0   1    554   555   596   595
     542   1   1   1   0   1    555   556   597   596
     543   1   1   1   0   1    556   557   598   597
     544   1   1   1   0   1    557   558   599   598
     545   1   1   1   0   1    558   559   600   599
     546   1   1   1   0   1    559   560   601   600
     547   1   1   1   0   1    560   561   602   601
     548   1   1   1   0   1    561   562   603   602
     549   1   1   1   0   1    562   563   604   603
     550   1   1   1   0   1    563   564   605   604
     551   1   1   1   0   1    564   565   606   605
     552   1   1   1   0   1    565   566   607   606
     553   1   1   1   0   1    566   567   608   607
     554   1   1   1   0   1    567   568   609   608
     555   1   1   1   0   1    568   569   610   609
     556   1   1   1   0   1    569   570   611   610
     557   1   1   1   0   1    570   571   612   611
     558   1   1   1   0   1    571   572   613   612
     559   1   1   1   0   1    572   573   614   613
     560   1   1   1   0   1    573   574   615   614
 
    ELEM MAT TYP REL ESY SEC        NODES
 
     561   1   1   1   0   1    575   576   617   616
     562   1   1   1   0   1    576   577   618   617
     563   1   1   1   0   1    577   578   619   618
     564   1   1   1   0   1    578   579   620   619
     565   1   1   1   0   1    579   580   621   620
     566   1   1   1   0   1    580   581   622   621
     567   1   1   1   0   1    581   582   623   622
     568   1   1   1   0   1    582   583   624   623
     569   1   1   1   0   1    583   584   625   624
     570   1   1   1   0   1    584   585   626   625
     571   1   1   1   0   1    585   586   627   626
     572   1   1   1   0   1    586   587   628   627
     573   1   1   1   0   1    587   588   629   628
     574   1   1   1   0   1    588   589   630   629
     575   1   1   1   0   1    589   590   631   630
     576   1   1   1   0   1    590   591   632   631
     577   1   1   1   0   1    591   592   633   632
     578   1   1   1   0   1    592   593   634   633
     579   1   1   1   0   1    593   594   635   634
     580   1   1   1   0   1    594   595   636   635
 
    ELEM MAT TYP REL ESY SEC        NODES
 
     581   1   1   1   0   1    595   596   637   636
     582   1   1   1   0   1    596   597   638   637
     583   1   1   1   0   1    597   598   639   638
     584   1   1   1   0   1    598   599   640   639
     585   1   1   1   0   1    599   600   641   640
     586   1   1   1   0   1    600   601   642   641
     587   1   1   1   0   1    601   602   643   642
     588   1   1   1   0   1    602   603   644   643
     589   1   1   1   0   1    603   604   645   644
     590   1   1   1   0   1    604   605   646   645
     591   1   1   1   0   1    605   606   647   646
     592   1   1   1   0   1    606   607   648   647
     593   1   1   1   0   1    607   608   649   648
     594   1   1   1   0   1    608   609   650   649
     595   1   1   1   0   1    609   610   651   650
     596   1   1   1   0   1    610   611   652   651
     597   1   1   1   0   1    611   612   653   652
     598   1   1   1   0   1    612   613   654   653
     599   1   1   1   0   1    613   614   655   654
     600   1   1   1   0   1    614   615   656   655
 
    ELEM MAT TYP REL ESY SEC        NODES
 
     601   1   1   1   0   1    616   617   658   657
     602   1   1   1   0   1    617   618   659   658
     603   1   1   1   0   1    618   619   660   659
     604   1   1   1   0   1    619   620   661   660
     605   1   1   1   0   1    620   621   662   661
     606   1   1   1   0   1    621   622   663   662
     607   1   1   1   0   1    622   623   664   663
     608   1   1   1   0   1    623   624   665   664
     609   1   1   1   0   1    624   625   666   665
     610   1   1   1   0   1    625   626   667   666
     611   1   1   1   0   1    626   627   668   667
     612   1   1   1   0   1    627   628   669   668
     613   1   1   1   0   1    628   629   670   669
     614   1   1   1   0   1    629   630   671   670
     615   1   1   1   0   1    630   631   672   671
     616   1   1   1   0   1    631   632   673   672
     617   1   1   1   0   1    632   633   674   673
     618   1   1   1   0   1    633   634   675   674
     619   1   1   1   0   1    634   635   676   675
     620   1   1   1   0   1    635   636   677   676
 
    ELEM MAT TYP REL ESY SEC        NODES
 
     621   1   1   1   0   1    636   637   678   677
     622   1   1   1   0   1    637   638   679   678
     623   1   1   1   0   1    638   639   680   679
     624   1   1   1   0   1    639   640   681   680
     625   1   1   1   0   1    640   641   682   681
     626   1   1   1   0   1    641   642   683   682
     627   1   1   1   0   1    642   643   684   683
     628   1   1   1   0   1    643   644   685   684
     629   1   1   1   0   1    644   645   686   685
     630   1   1   1   0   1    645   646   687   686
     631   1   1   1   0   1    646   647   688   687
     632   1   1   1   0   1    647   648   689   688
     633   1   1   1   0   1    648   649   690   689
     634   1   1   1   0   1    649   650   691   690
     635   1   1   1   0   1    650   651   692   691
     636   1   1   1   0   1    651   652   693   692
     637   1   1   1   0   1    652   653   694   693
     638   1   1   1   0   1    653   654   695   694
     639   1   1   1   0   1    654   655   696   695
     640   1   1   1   0   1    655   656   697   696
 
    ELEM MAT TYP REL ESY SEC        NODES
 
     641   1   1   1   0   1    657   658   699   698
     642   1   1   1   0   1    658   659   700   699
     643   1   1   1   0   1    659   660   701   700
     644   1   1   1   0   1    660   661   702   701
     645   1   1   1   0   1    661   662   703   702
     646   1   1   1   0   1    662   663   704   703
     647   1   1   1   0   1    663   664   705   704
     648   1   1   1   0   1    664   665   706   705
     649   1   1   1   0   1    665   666   707   706
     650   1   1   1   0   1    666   667   708   707
     651   1   1   1   0   1    667   668   709   708
     652   1   1   1   0   1    668   669   710   709
     653   1   1   1   0   1    669   670   711   710
     654   1   1   1   0   1    670   671   712   711
     655   1   1   1   0   1    671   672   713   712
     656   1   1   1   0   1    672   673   714   713
     657   1   1   1   0   1    673   674   715   714
     658   1   1   1   0   1    674   675   716   715
     659   1   1   1   0   1    675   676   717   716
     660   1   1   1   0   1    676   677   718   717
 
    ELEM MAT TYP REL ESY SEC        NODES
 
     661   1   1   1   0   1    677   678   719   718
     662   1   1   1   0   1    678   679   720   719
     663   1   1   1   0   1    679   680   721   720
     664   1   1   1   0   1    680   681   722   721
     665   1   1   1   0   1    681   682   723   722
     666   1   1   1   0   1    682   683   724   723
     667   1   1   1   0   1    683   684   725   724
     668   1   1   1   0   1    684   685   726   725
     669   1   1   1   0   1    685   686   727   726
     670   1   1   1   0   1    686   687   728   727
     671   1   1   1   0   1    687   688   729   728
     672   1   1   1   0   1    688   689   730   729
     673   1   1   1   0   1    689   690   731   730
     674   1   1   1   0   1    690   691   732   731
     675   1   1   1   0   1    691   692   733   732
     676   1   1   1   0   1    692   693   734   733
     677   1   1   1   0   1    693   694   735   734
     678   1   1   1   0   1    694   695   736   735
     679   1   1   1   0   1    695   696   737   736
     680   1   1   1   0   1    696   697   738   737
 
    ELEM MAT TYP REL ESY SEC        NODES
 
     681   1   1   1   0   1    698   699   740   739
     682   1   1   1   0   1    699   700   741   740
     683   1   1   1   0   1    700   701   742   741
     684   1   1   1   0   1    701   702   743   742
     685   1   1   1   0   1    702   703   744   743
     686   1   1   1   0   1    703   704   745   744
     687   1   1   1   0   1    704   705   746   745
     688   1   1   1   0   1    705   706   747   746
     689   1   1   1   0   1    706   707   748   747
     690   1   1   1   0   1    707   708   749   748
     691   1   1   1   0   1    708   709   750   749
     692   1   1   1   0   1    709   710   751   750
     693   1   1   1   0   1    710   711   752   751
     694   1   1   1   0   1    711   712   753   752
     695   1   1   1   0   1    712   713   754   753
     696   1   1   1   0   1    713   714   755   754
     697   1   1   1   0   1    714   715   756   755
     698   1   1   1   0   1    715   716   757   756
     699   1   1   1   0   1    716   717   758   757
     700   1   1   1   0   1    717   718   759   758
 
    ELEM MAT TYP REL ESY SEC        NODES
 
     701   1   1   1   0   1    718   719   760   759
     702   1   1   1   0   1    719   720   761   760
     703   1   1   1   0   1    720   721   762   761
     704   1   1   1   0   1    721   722   763   762
     705   1   1   1   0   1    722   723   764   763
     706   1   1   1   0   1    723   724   765   764
     707   1   1   1   0   1    724   725   766   765
     708   1   1   1   0   1    725   726   767   766
     709   1   1   1   0   1    726   727   768   767
     710   1   1   1   0   1    727   728   769   768
     711   1   1   1   0   1    728   729   770   769
     712   1   1   1   0   1    729   730   771   770
     713   1   1   1   0   1    730   731   772   771
     714   1   1   1   0   1    731   732   773   772
     715   1   1   1   0   1    732   733   774   773
     716   1   1   1   0   1    733   734   775   774
     717   1   1   1   0   1    734   735   776   775
     718   1   1   1   0   1    735   736   777   776
     719   1   1   1   0   1    736   737   778   777
     720   1   1   1   0   1    737   738   779   778
 
    ELEM MAT TYP REL ESY SEC        NODES
 
     721   1   1   1   0   1    739   740   781   780
     722   1   1   1   0   1    740   741   782   781
     723   1   1   1   0   1    741   742   783   782
     724   1   1   1   0   1    742   743   784   783
     725   1   1   1   0   1    743   744   785   784
     726   1   1   1   0   1    744   745   786   785
     727   1   1   1   0   1    745   746   787   786
     728   1   1   1   0   1    746   747   788   787
     729   1   1   1   0   1    747   748   789   788
     730   1   1   1   0   1    748   749   790   789
     731   1   1   1   0   1    749   750   791   790
     732   1   1   1   0   1    750   751   792   791
     733   1   1   1   0   1    751   752   793   792
     734   1   1   1   0   1    752   753   794   793
     735   1   1   1   0   1    753   754   795   794
     736   1   1   1   0   1    754   755   796   795
     737   1   1   1   0   1    755   756   797   796
     738   1   1   1   0   1    756   757   798   797
     739   1   1   1   0   1    757   758   799   798
     740   1   1   1   0   1    758   759   800   799
 
    ELEM MAT TYP REL ESY SEC        NODES
 
     741   1   1   1   0   1    759   760   801   800
     742   1   1   1   0   1    760   761   802   801
     743   1   1   1   0   1    761   762   803   802
     744   1   1   1   0   1    762   763   804   803
     745   1   1   1   0   1    763   764   805   804
     746   1   1   1   0   1    764   765   806   805
     747   1   1   1   0   1    765   766   807   806
     748   1   1   1   0   1    766   767   808   807
     749   1   1   1   0   1    767   768   809   808
     750   1   1   1   0   1    768   769   810   809
     751   1   1   1   0   1    769   770   811   810
     752   1   1   1   0   1    770   771   812   811
     753   1   1   1   0   1    771   772   813   812
     754   1   1   1   0   1    772   773   814   813
     755   1   1   1   0   1    773   774   815   814
     756   1   1   1   0   1    774   775   816   815
     757   1   1   1   0   1    775   776   817   816
     758   1   1   1   0   1    776   777   818   817
     759   1   1   1   0   1    777   778   819   818
     760   1   1   1   0   1    778   779   820   819
 
    ELEM MAT TYP REL ESY SEC        NODES
 
     761   1   1   1   0   1    780   781   822   821
     762   1   1   1   0   1    781   782   823   822
     763   1   1   1   0   1    782   783   824   823
     764   1   1   1   0   1    783   784   825   824
     765   1   1   1   0   1    784   785   826   825
     766   1   1   1   0   1    785   786   827   826
     767   1   1   1   0   1    786   787   828   827
     768   1   1   1   0   1    787   788   829   828
     769   1   1   1   0   1    788   789   830   829
     770   1   1   1   0   1    789   790   831   830
     771   1   1   1   0   1    790   791   832   831
     772   1   1   1   0   1    791   792   833   832
     773   1   1   1   0   1    792   793   834   833
     774   1   1   1   0   1    793   794   835   834
     775   1   1   1   0   1    794   795   836   835
     776   1   1   1   0   1    795   796   837   836
     777   1   1   1   0   1    796   797   838   837
     778   1   1   1   0   1    797   798   839   838
     779   1   1   1   0   1    798   799   840   839
     780   1   1   1   0   1    799   800   841   840
 
    ELEM MAT TYP REL ESY SEC        NODES
 
     781   1   1   1   0   1    800   801   842   841
     782   1   1   1   0   1    801   802   843   842
     783   1   1   1   0   1    802   803   844   843
     784   1   1   1   0   1    803   804   845   844
     785   1   1   1   0   1    804   805   846   845
     786   1   1   1   0   1    805   806   847   846
     787   1   1   1   0   1    806   807   848   847
     788   1   1   1   0   1    807   808   849   848
     789   1   1   1   0   1    808   809   850   849
     790   1   1   1   0   1    809   810   851   850
     791   1   1   1   0   1    810   811   852   851
     792   1   1   1   0   1    811   812   853   852
     793   1   1   1   0   1    812   813   854   853
     794   1   1   1   0   1    813   814   855   854
     795   1   1   1   0   1    814   815   856   855
     796   1   1   1   0   1    815   816   857   856
     797   1   1   1   0   1    816   817   858   857
     798   1   1   1   0   1    817   818   859   858
     799   1   1   1   0   1    818   819   860   859
     800   1   1   1   0   1    819   820   861   860
 
    ELEM MAT TYP REL ESY SEC        NODES
 
     801   1   1   1   0   1    821   822   863   862
     802   1   1   1   0   1    822   823   864   863
     803   1   1   1   0   1    823   824   865   864
     804   1   1   1   0   1    824   825   866   865
     805   1   1   1   0   1    825   826   867   866
     806   1   1   1   0   1    826   827   868   867
     807   1   1   1   0   1    827   828   869   868
     808   1   1   1   0   1    828   829   870   869
     809   1   1   1   0   1    829   830   871   870
     810   1   1   1   0   1    830   831   872   871
     811   1   1   1   0   1    831   832   873   872
     812   1   1   1   0   1    832   833   874   873
     813   1   1   1   0   1    833   834   875   874
     814   1   1   1   0   1    834   835   876   875
     815   1   1   1   0   1    835   836   877   876
     816   1   1   1   0   1    836   837   878   877
     817   1   1   1   0   1    837   838   879   878
     818   1   1   1   0   1    838   839   880   879
     819   1   1   1   0   1    839   840   881   880
     820   1   1   1   0   1    840   841   882   881
 
    ELEM MAT TYP REL ESY SEC        NODES
 
     821   1   1   1   0   1    841   842   883   882
     822   1   1   1   0   1    842   843   884   883
     823   1   1   1   0   1    843   844   885   884
     824   1   1   1   0   1    844   845   886   885
     825   1   1   1   0   1    845   846   887   886
     826   1   1   1   0   1    846   847   888   887
     827   1   1   1   0   1    847   848   889   888
     828   1   1   1   0   1    848   849   890   889
     829   1   1   1   0   1    849   850   891   890
     830   1   1   1   0   1    850   851   892   891
     831   1   1   1   0   1    851   852   893   892
     832   1   1   1   0   1    852   853   894   893
     833   1   1   1   0   1    853   854   895   894
     834   1   1   1   0   1    854   855   896   895
     835   1   1   1   0   1    855   856   897   896
     836   1   1   1   0   1    856   857   898   897
     837   1   1   1   0   1    857   858   899   898
     838   1   1   1   0   1    858   859   900   899
     839   1   1   1   0   1    859   860   901   900
     840   1   1   1   0   1    860   861   902   901
 
    ELEM MAT TYP REL ESY SEC        NODES
 
     841   1   1   1   0   1    862   863   904   903
     842   1   1   1   0   1    863   864   905   904
     843   1   1   1   0   1    864   865   906   905
     844   1   1   1   0   1    865   866   907   906
     845   1   1   1   0   1    866   867   908   907
     846   1   1   1   0   1    867   868   909   908
     847   1   1   1   0   1    868   869   910   909
     848   1   1   1   0   1    869   870   911   910
     849   1   1   1   0   1    870   871   912   911
     850   1   1   1   0   1    871   872   913   912
     851   1   1   1   0   1    872   873   914   913
     852   1   1   1   0   1    873   874   915   914
     853   1   1   1   0   1    874   875   916   915
     854   1   1   1   0   1    875   876   917   916
     855   1   1   1   0   1    876   877   918   917
     856   1   1   1   0   1    877   878   919   918
     857   1   1   1   0   1    878   879   920   919
     858   1   1   1   0   1    879   880   921   920
     859   1   1   1   0   1    880   881   922   921
     860   1   1   1   0   1    881   882   923   922
 
    ELEM MAT TYP REL ESY SEC        NODES
 
     861   1   1   1   0   1    882   883   924   923
     862   1   1   1   0   1    883   884   925   924
     863   1   1   1   0   1    884   885   926   925
     864   1   1   1   0   1    885   886   927   926
     865   1   1   1   0   1    886   887   928   927
     866   1   1   1   0   1    887   888   929   928
     867   1   1   1   0   1    888   889   930   929
     868   1   1   1   0   1    889   890   931   930
     869   1   1   1   0   1    890   891   932   931
     870   1   1   1   0   1    891   892   933   932
     871   1   1   1   0   1    892   893   934   933
     872   1   1   1   0   1    893   894   935   934
     873   1   1   1   0   1    894   895   936   935
     874   1   1   1   0   1    895   896   937   936
     875   1   1   1   0   1    896   897   938   937
     876   1   1   1   0   1    897   898   939   938
     877   1   1   1   0   1    898   899   940   939
     878   1   1   1   0   1    899   900   941   940
     879   1   1   1   0   1    900   901   942   941
     880   1   1   1   0   1    901   902   943   942
 
    ELEM MAT TYP REL ESY SEC        NODES
 
     881   1   1   1   0   1    903   904   945   944
     882   1   1   1   0   1    904   905   946   945
     883   1   1   1   0   1    905   906   947   946
     884   1   1   1   0   1    906   907   948   947
     885   1   1   1   0   1    907   908   949   948
     886   1   1   1   0   1    908   909   950   949
     887   1   1   1   0   1    909   910   951   950
     888   1   1   1   0   1    910   911   952   951
     889   1   1   1   0   1    911   912   953   952
     890   1   1   1   0   1    912   913   954   953
     891   1   1   1   0   1    913   914   955   954
     892   1   1   1   0   1    914   915   956   955
     893   1   1   1   0   1    915   916   957   956
     894   1   1   1   0   1    916   917   958   957
     895   1   1   1   0   1    917   918   959   958
     896   1   1   1   0   1    918   919   960   959
     897   1   1   1   0   1    919   920   961   960
     898   1   1   1   0   1    920   921   962   961
     899   1   1   1   0   1    921   922   963   962
     900   1   1   1   0   1    922   923   964   963
 
    ELEM MAT TYP REL ESY SEC        NODES
 
     901   1   1   1   0   1    923   924   965   964
     902   1   1   1   0   1    924   925   966   965
     903   1   1   1   0   1    925   926   967   966
     904   1   1   1   0   1    926   927   968   967
     905   1   1   1   0   1    927   928   969   968
     906   1   1   1   0   1    928   929   970   969
     907   1   1   1   0   1    929   930   971   970
     908   1   1   1   0   1    930   931   972   971
     909   1   1   1   0   1    931   932   973   972
     910   1   1   1   0   1    932   933   974   973
     911   1   1   1   0   1    933   934   975   974
     912   1   1   1   0   1    934   935   976   975
     913   1   1   1   0   1    935   936   977   976
     914   1   1   1   0   1    936   937   978   977
     915   1   1   1   0   1    937   938   979   978
     916   1   1   1   0   1    938   939   980   979
     917   1   1   1   0   1    939   940   981   980
     918   1   1   1   0   1    940   941   982   981
     919   1   1   1   0   1    941   942   983   982
     920   1   1   1   0   1    942   943   984   983
 
    ELEM MAT TYP REL ESY SEC        NODES
 
     921   1   1   1   0   1    944   945   986   985
     922   1   1   1   0   1    945   946   987   986
     923   1   1   1   0   1    946   947   988   987
     924   1   1   1   0   1    947   948   989   988
     925   1   1   1   0   1    948   949   990   989
     926   1   1   1   0   1    949   950   991   990
     927   1   1   1   0   1    950   951   992   991
     928   1   1   1   0   1    951   952   993   992
     929   1   1   1   0   1    952   953   994   993
     930   1   1   1   0   1    953   954   995   994
     931   1   1   1   0   1    954   955   996   995
     932   1   1   1   0   1    955   956   997   996
     933   1   1   1   0   1    956   957   998   997
     934   1   1   1   0   1    957   958   999   998
     935   1   1   1   0   1    958   959  1000   999
     936   1   1   1   0   1    959   960  1001  1000
     937   1   1   1   0   1    960   961  1002  1001
     938   1   1   1   0   1    961   962  1003  1002
     939   1   1   1   0   1    962   963  1004  1003
     940   1   1   1   0   1    963   964  1005  1004
 
    ELEM MAT TYP REL ESY SEC        NODES
 
     941   1   1   1   0   1    964   965  1006  1005
     942   1   1   1   0   1    965   966  1007  1006
     943   1   1   1   0   1    966   967  1008  1007
     944   1   1   1   0   1    967   968  1009  1008
     945   1   1   1   0   1    968   969  1010  1009
     946   1   1   1   0   1    969   970  1011  1010
     947   1   1   1   0   1    970   971  1012  1011
     948   1   1   1   0   1    971   972  1013  1012
     949   1   1   1   0   1    972   973  1014  1013
     950   1   1   1   0   1    973   974  1015  1014
     951   1   1   1   0   1    974   975  1016  1015
     952   1   1   1   0   1    975   976  1017  1016
     953   1   1   1   0   1    976   977  1018  1017
     954   1   1   1   0   1    977   978  1019  1018
     955   1   1   1   0   1    978   979  1020  1019
     956   1   1   1   0   1    979   980  1021  1020
     957   1   1   1   0   1    980   981  1022  1021
     958   1   1   1   0   1    981   982  1023  1022
     959   1   1   1   0   1    982   983  1024  1023
     960   1   1   1   0   1    983   984  1025  1024
 
    ELEM MAT TYP REL ESY SEC        NODES
 
     961   1   1   1   0   1    985   986  1027  1026
     962   1   1   1   0   1    986   987  1028  1027
     963   1   1   1   0   1    987   988  1029  1028
     964   1   1   1   0   1    988   989  1030  1029
     965   1   1   1   0   1    989   990  1031  1030
     966   1   1   1   0   1    990   991  1032  1031
     967   1   1   1   0   1    991   992  1033  1032
     968   1   1   1   0   1    992   993  1034  1033
     969   1   1   1   0   1    993   994  1035  1034
     970   1   1   1   0   1    994   995  1036  1035
     971   1   1   1   0   1    995   996  1037  1036
     972   1   1   1   0   1    996   997  1038  1037
     973   1   1   1   0   1    997   998  1039  1038
     974   1   1   1   0   1    998   999  1040  1039
     975   1   1   1   0   1    999  1000  1041  1040
     976   1   1   1   0   1   1000  1001  1042  1041
     977   1   1   1   0   1   1001  1002  1043  1042
     978   1   1   1   0   1   1002  1003  1044  1043
     979   1   1   1   0   1   1003  1004  1045  1044
     980   1   1   1   0   1   1004  1005  1046  1045
 
    ELEM MAT TYP REL ESY SEC        NODES
 
     981   1   1   1   0   1   1005  1006  1047  1046
     982   1   1   1   0   1   1006  1007  1048  1047
     983   1   1   1   0   1   1007  1008  1049  1048
     984   1   1   1   0   1   1008  1009  1050  1049
     985   1   1   1   0   1   1009  1010  1051  1050
     986   1   1   1   0   1   1010  1011  1052  1051
     987   1   1   1   0   1   1011  1012  1053  1052
     988   1   1   1   0   1   1012  1013  1054  1053
     989   1   1   1   0   1   1013  1014  1055  1054
     990   1   1   1   0   1   1014  1015  1056  1055
     991   1   1   1   0   1   1015  1016  1057  1056
     992   1   1   1   0   1   1016  1017  1058  1057
     993   1   1   1   0   1   1017  1018  1059  1058
     994   1   1   1   0   1   1018  1019  1060  1059
     995   1   1   1   0   1   1019  1020  1061  1060
     996   1   1   1   0   1   1020  1021  1062  1061
     997   1   1   1   0   1   1021  1022  1063  1062
     998   1   1   1   0   1   1022  1023  1064  1063
     999   1   1   1   0   1   1023  1024  1065  1064
    1000   1   1   1   0   1   1024  1025  1066  1065
 
    ELEM MAT TYP REL ESY SEC        NODES
 
    1001   1   1   1   0   1   1026  1027  1068  1067
    1002   1   1   1   0   1   1027  1028  1069  1068
    1003   1   1   1   0   1   1028  1029  1070  1069
    1004   1   1   1   0   1   1029  1030  1071  1070
    1005   1   1   1   0   1   1030  1031  1072  1071
    1006   1   1   1   0   1   1031  1032  1073  1072
    1007   1   1   1   0   1   1032  1033  1074  1073
    1008   1   1   1   0   1   1033  1034  1075  1074
    1009   1   1   1   0   1   1034  1035  1076  1075
    1010   1   1   1   0   1   1035  1036  1077  1076
    1011   1   1   1   0   1   1036  1037  1078  1077
    1012   1   1   1   0   1   1037  1038  1079  1078
    1013   1   1   1   0   1   1038  1039  1080  1079
    1014   1   1   1   0   1   1039  1040  1081  1080
    1015   1   1   1   0   1   1040  1041  1082  1081
    1016   1   1   1   0   1   1041  1042  1083  1082
    1017   1   1   1   0   1   1042  1043  1084  1083
    1018   1   1   1   0   1   1043  1044  1085  1084
    1019   1   1   1   0   1   1044  1045  1086  1085
    1020   1   1   1   0   1   1045  1046  1087  1086
 
    ELEM MAT TYP REL ESY SEC        NODES
 
    1021   1   1   1   0   1   1046  1047  1088  1087
    1022   1   1   1   0   1   1047  1048  1089  1088
    1023   1   1   1   0   1   1048  1049  1090  1089
    1024   1   1   1   0   1   1049  1050  1091  1090
    1025   1   1   1   0   1   1050  1051  1092  1091
    1026   1   1   1   0   1   1051  1052  1093  1092
    1027   1   1   1   0   1   1052  1053  1094  1093
    1028   1   1   1   0   1   1053  1054  1095  1094
    1029   1   1   1   0   1   1054  1055  1096  1095
    1030   1   1   1   0   1   1055  1056  1097  1096
    1031   1   1   1   0   1   1056  1057  1098  1097
    1032   1   1   1   0   1   1057  1058  1099  1098
    1033   1   1   1   0   1   1058  1059  1100  1099
    1034   1   1   1   0   1   1059  1060  1101  1100
    1035   1   1   1   0   1   1060  1061  1102  1101
    1036   1   1   1   0   1   1061  1062  1103  1102
    1037   1   1   1   0   1   1062  1063  1104  1103
    1038   1   1   1   0   1   1063  1064  1105  1104
    1039   1   1   1   0   1   1064  1065  1106  1105
    1040   1   1   1   0   1   1065  1066  1107  1106
 
    ELEM MAT TYP REL ESY SEC        NODES
 
    1041   1   1   1   0   1   1067  1068  1109  1108
    1042   1   1   1   0   1   1068  1069  1110  1109
    1043   1   1   1   0   1   1069  1070  1111  1110
    1044   1   1   1   0   1   1070  1071  1112  1111
    1045   1   1   1   0   1   1071  1072  1113  1112
    1046   1   1   1   0   1   1072  1073  1114  1113
    1047   1   1   1   0   1   1073  1074  1115  1114
    1048   1   1   1   0   1   1074  1075  1116  1115
    1049   1   1   1   0   1   1075  1076  1117  1116
    1050   1   1   1   0   1   1076  1077  1118  1117
    1051   1   1   1   0   1   1077  1078  1119  1118
    1052   1   1   1   0   1   1078  1079  1120  1119
    1053   1   1   1   0   1   1079  1080  1121  1120
    1054   1   1   1   0   1   1080  1081  1122  1121
    1055   1   1   1   0   1   1081  1082  1123  1122
    1056   1   1   1   0   1   1082  1083  1124  1123
    1057   1   1   1   0   1   1083  1084  1125  1124
    1058   1   1   1   0   1   1084  1085  1126  1125
    1059   1   1   1   0   1   1085  1086  1127  1126
    1060   1   1   1   0   1   1086  1087  1128  1127
 
    ELEM MAT TYP REL ESY SEC        NODES
 
    1061   1   1   1   0   1   1087  1088  1129  1128
    1062   1   1   1   0   1   1088  1089  1130  1129
    1063   1   1   1   0   1   1089  1090  1131  1130
    1064   1   1   1   0   1   1090  1091  1132  1131
    1065   1   1   1   0   1   1091  1092  1133  1132
    1066   1   1   1   0   1   1092  1093  1134  1133
    1067   1   1   1   0   1   1093  1094  1135  1134
    1068   1   1   1   0   1   1094  1095  1136  1135
    1069   1   1   1   0   1   1095  1096  1137  1136
    1070   1   1   1   0   1   1096  1097  1138  1137
    1071   1   1   1   0   1   1097  1098  1139  1138
    1072   1   1   1   0   1   1098  1099  1140  1139
    1073   1   1   1   0   1   1099  1100  1141  1140
    1074   1   1   1   0   1   1100  1101  1142  1141
    1075   1   1   1   0   1   1101  1102  1143  1142
    1076   1   1   1   0   1   1102  1103  1144  1143
    1077   1   1   1   0   1   1103  1104  1145  1144
    1078   1   1   1   0   1   1104  1105  1146  1145
    1079   1   1   1   0   1   1105  1106  1147  1146
    1080   1   1   1   0   1   1106  1107  1148  1147
 
    ELEM MAT TYP REL ESY SEC        NODES
 
    1081   1   1   1   0   1   1108  1109  1150  1149
    1082   1   1   1   0   1   1109  1110  1151  1150
    1083   1   1   1   0   1   1110  1111  1152  1151
    1084   1   1   1   0   1   1111  1112  1153  1152
    1085   1   1   1   0   1   1112  1113  1154  1153
    1086   1   1   1   0   1   1113  1114  1155  1154
    1087   1   1   1   0   1   1114  1115  1156  1155
    1088   1   1   1   0   1   1115  1116  1157  1156
    1089   1   1   1   0   1   1116  1117  1158  1157
    1090   1   1   1   0   1   1117  1118  1159  1158
    1091   1   1   1   0   1   1118  1119  1160  1159
    1092   1   1   1   0   1   1119  1120  1161  1160
    1093   1   1   1   0   1   1120  1121  1162  1161
    1094   1   1   1   0   1   1121  1122  1163  1162
    1095   1   1   1   0   1   1122  1123  1164  1163
    1096   1   1   1   0   1   1123  1124  1165  1164
    1097   1   1   1   0   1   1124  1125  1166  1165
    1098   1   1   1   0   1   1125  1126  1167  1166
    1099   1   1   1   0   1   1126  1127  1168  1167
    1100   1   1   1   0   1   1127  1128  1169  1168
 
    ELEM MAT TYP REL ESY SEC        NODES
 
    1101   1   1   1   0   1   1128  1129  1170  1169
    1102   1   1   1   0   1   1129  1130  1171  1170
    1103   1   1   1   0   1   1130  1131  1172  1171
    1104   1   1   1   0   1   1131  1132  1173  1172
    1105   1   1   1   0   1   1132  1133  1174  1173
    1106   1   1   1   0   1   1133  1134  1175  1174
    1107   1   1   1   0   1   1134  1135  1176  1175
    1108   1   1   1   0   1   1135  1136  1177  1176
    1109   1   1   1   0   1   1136  1137  1178  1177
    1110   1   1   1   0   1   1137  1138  1179  1178
    1111   1   1   1   0   1   1138  1139  1180  1179
    1112   1   1   1   0   1   1139  1140  1181  1180
    1113   1   1   1   0   1   1140  1141  1182  1181
    1114   1   1   1   0   1   1141  1142  1183  1182
    1115   1   1   1   0   1   1142  1143  1184  1183
    1116   1   1   1   0   1   1143  1144  1185  1184
    1117   1   1   1   0   1   1144  1145  1186  1185
    1118   1   1   1   0   1   1145  1146  1187  1186
    1119   1   1   1   0   1   1146  1147  1188  1187
    1120   1   1   1   0   1   1147  1148  1189  1188
 
    ELEM MAT TYP REL ESY SEC        NODES
 
    1121   1   1   1   0   1   1149  1150  1191  1190
    1122   1   1   1   0   1   1150  1151  1192  1191
    1123   1   1   1   0   1   1151  1152  1193  1192
    1124   1   1   1   0   1   1152  1153  1194  1193
    1125   1   1   1   0   1   1153  1154  1195  1194
    1126   1   1   1   0   1   1154  1155  1196  1195
    1127   1   1   1   0   1   1155  1156  1197  1196
    1128   1   1   1   0   1   1156  1157  1198  1197
    1129   1   1   1   0   1   1157  1158  1199  1198
    1130   1   1   1   0   1   1158  1159  1200  1199
    1131   1   1   1   0   1   1159  1160  1201  1200
    1132   1   1   1   0   1   1160  1161  1202  1201
    1133   1   1   1   0   1   1161  1162  1203  1202
    1134   1   1   1   0   1   1162  1163  1204  1203
    1135   1   1   1   0   1   1163  1164  1205  1204
    1136   1   1   1   0   1   1164  1165  1206  1205
    1137   1   1   1   0   1   1165  1166  1207  1206
    1138   1   1   1   0   1   1166  1167  1208  1207
    1139   1   1   1   0   1   1167  1168  1209  1208
    1140   1   1   1   0   1   1168  1169  1210  1209
 
    ELEM MAT TYP REL ESY SEC        NODES
 
    1141   1   1   1   0   1   1169  1170  1211  1210
    1142   1   1   1   0   1   1170  1171  1212  1211
    1143   1   1   1   0   1   1171  1172  1213  1212
    1144   1   1   1   0   1   1172  1173  1214  1213
    1145   1   1   1   0   1   1173  1174  1215  1214
    1146   1   1   1   0   1   1174  1175  1216  1215
    1147   1   1   1   0   1   1175  1176  1217  1216
    1148   1   1   1   0   1   1176  1177  1218  1217
    1149   1   1   1   0   1   1177  1178  1219  1218
    1150   1   1   1   0   1   1178  1179  1220  1219
    1151   1   1   1   0   1   1179  1180  1221  1220
    1152   1   1   1   0   1   1180  1181  1222  1221
    1153   1   1   1   0   1   1181  1182  1223  1222
    1154   1   1   1   0   1   1182  1183  1224  1223
    1155   1   1   1   0   1   1183  1184  1225  1224
    1156   1   1   1   0   1   1184  1185  1226  1225
    1157   1   1   1   0   1   1185  1186  1227  1226
    1158   1   1   1   0   1   1186  1187  1228  1227
    1159   1   1   1   0   1   1187  1188  1229  1228
    1160   1   1   1   0   1   1188  1189  1230  1229
 
    ELEM MAT TYP REL ESY SEC        NODES
 
    1161   1   1   1   0   1   1190  1191  1232  1231
    1162   1   1   1   0   1   1191  1192  1233  1232
    1163   1   1   1   0   1   1192  1193  1234  1233
    1164   1   1   1   0   1   1193  1194  1235  1234
    1165   1   1   1   0   1   1194  1195  1236  1235
    1166   1   1   1   0   1   1195  1196  1237  1236
    1167   1   1   1   0   1   1196  1197  1238  1237
    1168   1   1   1   0   1   1197  1198  1239  1238
    1169   1   1   1   0   1   1198  1199  1240  1239
    1170   1   1   1   0   1   1199  1200  1241  1240
    1171   1   1   1   0   1   1200  1201  1242  1241
    1172   1   1   1   0   1   1201  1202  1243  1242
    1173   1   1   1   0   1   1202  1203  1244  1243
    1174   1   1   1   0   1   1203  1204  1245  1244
    1175   1   1   1   0   1   1204  1205  1246  1245
    1176   1   1   1   0   1   1205  1206  1247  1246
    1177   1   1   1   0   1   1206  1207  1248  1247
    1178   1   1   1   0   1   1207  1208  1249  1248
    1179   1   1   1   0   1   1208  1209  1250  1249
    1180   1   1   1   0   1   1209  1210  1251  1250
 
    ELEM MAT TYP REL ESY SEC        NODES
 
    1181   1   1   1   0   1   1210  1211  1252  1251
    1182   1   1   1   0   1   1211  1212  1253  1252
    1183   1   1   1   0   1   1212  1213  1254  1253
    1184   1   1   1   0   1   1213  1214  1255  1254
    1185   1   1   1   0   1   1214  1215  1256  1255
    1186   1   1   1   0   1   1215  1216  1257  1256
    1187   1   1   1   0   1   1216  1217  1258  1257
    1188   1   1   1   0   1   1217  1218  1259  1258
    1189   1   1   1   0   1   1218  1219  1260  1259
    1190   1   1   1   0   1   1219  1220  1261  1260
    1191   1   1   1   0   1   1220  1221  1262  1261
    1192   1   1   1   0   1   1221  1222  1263  1262
    1193   1   1   1   0   1   1222  1223  1264  1263
    1194   1   1   1   0   1   1223  1224  1265  1264
    1195   1   1   1   0   1   1224  1225  1266  1265
    1196   1   1   1   0   1   1225  1226  1267  1266
    1197   1   1   1   0   1   1226  1227  1268  1267
    1198   1   1   1   0   1   1227  1228  1269  1268
    1199   1   1   1   0   1   1228  1229  1270  1269
    1200   1   1   1   0   1   1229  1230  1271  1270
 
    ELEM MAT TYP REL ESY SEC        NODES
 
    1201   1   1   1   0   1   1231  1232  1273  1272
    1202   1   1   1   0   1   1232  1233  1274  1273
    1203   1   1   1   0   1   1233  1234  1275  1274
    1204   1   1   1   0   1   1234  1235  1276  1275
    1205   1   1   1   0   1   1235  1236  1277  1276
    1206   1   1   1   0   1   1236  1237  1278  1277
    1207   1   1   1   0   1   1237  1238  1279  1278
    1208   1   1   1   0   1   1238  1239  1280  1279
    1209   1   1   1   0   1   1239  1240  1281  1280
    1210   1   1   1   0   1   1240  1241  1282  1281
    1211   1   1   1   0   1   1241  1242  1283  1282
    1212   1   1   1   0   1   1242  1243  1284  1283
    1213   1   1   1   0   1   1243  1244  1285  1284
    1214   1   1   1   0   1   1244  1245  1286  1285
    1215   1   1   1   0   1   1245  1246  1287  1286
    1216   1   1   1   0   1   1246  1247  1288  1287
    1217   1   1   1   0   1   1247  1248  1289  1288
    1218   1   1   1   0   1   1248  1249  1290  1289
    1219   1   1   1   0   1   1249  1250  1291  1290
    1220   1   1   1   0   1   1250  1251  1292  1291
 
    ELEM MAT TYP REL ESY SEC        NODES
 
    1221   1   1   1   0   1   1251  1252  1293  1292
    1222   1   1   1   0   1   1252  1253  1294  1293
    1223   1   1   1   0   1   1253  1254  1295  1294
    1224   1   1   1   0   1   1254  1255  1296  1295
    1225   1   1   1   0   1   1255  1256  1297  1296
    1226   1   1   1   0   1   1256  1257  1298  1297
    1227   1   1   1   0   1   1257  1258  1299  1298
    1228   1   1   1   0   1   1258  1259  1300  1299
    1229   1   1   1   0   1   1259  1260  1301  1300
    1230   1   1   1   0   1   1260  1261  1302  1301
    1231   1   1   1   0   1   1261  1262  1303  1302
    1232   1   1   1   0   1   1262  1263  1304  1303
    1233   1   1   1   0   1   1263  1264  1305  1304
    1234   1   1   1   0   1   1264  1265  1306  1305
    1235   1   1   1   0   1   1265  1266  1307  1306
    1236   1   1   1   0   1   1266  1267  1308  1307
    1237   1   1   1   0   1   1267  1268  1309  1308
    1238   1   1   1   0   1   1268  1269  1310  1309
    1239   1   1   1   0   1   1269  1270  1311  1310
    1240   1   1   1   0   1   1270  1271  1312  1311
 
    ELEM MAT TYP REL ESY SEC        NODES
 
    1241   1   1   1   0   1   1272  1273  1314  1313
    1242   1   1   1   0   1   1273  1274  1315  1314
    1243   1   1   1   0   1   1274  1275  1316  1315
    1244   1   1   1   0   1   1275  1276  1317  1316
    1245   1   1   1   0   1   1276  1277  1318  1317
    1246   1   1   1   0   1   1277  1278  1319  1318
    1247   1   1   1   0   1   1278  1279  1320  1319
    1248   1   1   1   0   1   1279  1280  1321  1320
    1249   1   1   1   0   1   1280  1281  1322  1321
    1250   1   1   1   0   1   1281  1282  1323  1322
    1251   1   1   1   0   1   1282  1283  1324  1323
    1252   1   1   1   0   1   1283  1284  1325  1324
    1253   1   1   1   0   1   1284  1285  1326  1325
    1254   1   1   1   0   1   1285  1286  1327  1326
    1255   1   1   1   0   1   1286  1287  1328  1327
    1256   1   1   1   0   1   1287  1288  1329  1328
    1257   1   1   1   0   1   1288  1289  1330  1329
    1258   1   1   1   0   1   1289  1290  1331  1330
    1259   1   1   1   0   1   1290  1291  1332  1331
    1260   1   1   1   0   1   1291  1292  1333  1332
 
    ELEM MAT TYP REL ESY SEC        NODES
 
    1261   1   1   1   0   1   1292  1293  1334  1333
    1262   1   1   1   0   1   1293  1294  1335  1334
    1263   1   1   1   0   1   1294  1295  1336  1335
    1264   1   1   1   0   1   1295  1296  1337  1336
    1265   1   1   1   0   1   1296  1297  1338  1337
    1266   1   1   1   0   1   1297  1298  1339  1338
    1267   1   1   1   0   1   1298  1299  1340  1339
    1268   1   1   1   0   1   1299  1300  1341  1340
    1269   1   1   1   0   1   1300  1301  1342  1341
    1270   1   1   1   0   1   1301  1302  1343  1342
    1271   1   1   1   0   1   1302  1303  1344  1343
    1272   1   1   1   0   1   1303  1304  1345  1344
    1273   1   1   1   0   1   1304  1305  1346  1345
    1274   1   1   1   0   1   1305  1306  1347  1346
    1275   1   1   1   0   1   1306  1307  1348  1347
    1276   1   1   1   0   1   1307  1308  1349  1348
    1277   1   1   1   0   1   1308  1309  1350  1349
    1278   1   1   1   0   1   1309  1310  1351  1350
    1279   1   1   1   0   1   1310  1311  1352  1351
    1280   1   1   1   0   1   1311  1312  1353  1352
 
    ELEM MAT TYP REL ESY SEC        NODES
 
    1281   1   1   1   0   1   1313  1314  1355  1354
    1282   1   1   1   0   1   1314  1315  1356  1355
    1283   1   1   1   0   1   1315  1316  1357  1356
    1284   1   1   1   0   1   1316  1317  1358  1357
    1285   1   1   1   0   1   1317  1318  1359  1358
    1286   1   1   1   0   1   1318  1319  1360  1359
    1287   1   1   1   0   1   1319  1320  1361  1360
    1288   1   1   1   0   1   1320  1321  1362  1361
    1289   1   1   1   0   1   1321  1322  1363  1362
    1290   1   1   1   0   1   1322  1323  1364  1363
    1291   1   1   1   0   1   1323  1324  1365  1364
    1292   1   1   1   0   1   1324  1325  1366  1365
    1293   1   1   1   0   1   1325  1326  1367  1366
    1294   1   1   1   0   1   1326  1327  1368  1367
    1295   1   1   1   0   1   1327  1328  1369  1368
    1296   1   1   1   0   1   1328  1329  1370  1369
    1297   1   1   1   0   1   1329  1330  1371  1370
    1298   1   1   1   0   1   1330  1331  1372  1371
    1299   1   1   1   0   1   1331  1332  1373  1372
    1300   1   1   1   0   1   1332  1333  1374  1373
 
    ELEM MAT TYP REL ESY SEC        NODES
 
    1301   1   1   1   0   1   1333  1334  1375  1374
    1302   1   1   1   0   1   1334  1335  1376  1375
    1303   1   1   1   0   1   1335  1336  1377  1376
    1304   1   1   1   0   1   1336  1337  1378  1377
    1305   1   1   1   0   1   1337  1338  1379  1378
    1306   1   1   1   0   1   1338  1339  1380  1379
    1307   1   1   1   0   1   1339  1340  1381  1380
    1308   1   1   1   0   1   1340  1341  1382  1381
    1309   1   1   1   0   1   1341  1342  1383  1382
    1310   1   1   1   0   1   1342  1343  1384  1383
    1311   1   1   1   0   1   1343  1344  1385  1384
    1312   1   1   1   0   1   1344  1345  1386  1385
    1313   1   1   1   0   1   1345  1346  1387  1386
    1314   1   1   1   0   1   1346  1347  1388  1387
    1315   1   1   1   0   1   1347  1348  1389  1388
    1316   1   1   1   0   1   1348  1349  1390  1389
    1317   1   1   1   0   1   1349  1350  1391  1390
    1318   1   1   1   0   1   1350  1351  1392  1391
    1319   1   1   1   0   1   1351  1352  1393  1392
    1320   1   1   1   0   1   1352  1353  1394  1393
 
    ELEM MAT TYP REL ESY SEC        NODES
 
    1321   1   1   1   0   1   1354  1355  1396  1395
    1322   1   1   1   0   1   1355  1356  1397  1396
    1323   1   1   1   0   1   1356  1357  1398  1397
    1324   1   1   1   0   1   1357  1358  1399  1398
    1325   1   1   1   0   1   1358  1359  1400  1399
    1326   1   1   1   0   1   1359  1360  1401  1400
    1327   1   1   1   0   1   1360  1361  1402  1401
    1328   1   1   1   0   1   1361  1362  1403  1402
    1329   1   1   1   0   1   1362  1363  1404  1403
    1330   1   1   1   0   1   1363  1364  1405  1404
    1331   1   1   1   0   1   1364  1365  1406  1405
    1332   1   1   1   0   1   1365  1366  1407  1406
    1333   1   1   1   0   1   1366  1367  1408  1407
    1334   1   1   1   0   1   1367  1368  1409  1408
    1335   1   1   1   0   1   1368  1369  1410  1409
    1336   1   1   1   0   1   1369  1370  1411  1410
    1337   1   1   1   0   1   1370  1371  1412  1411
    1338   1   1   1   0   1   1371  1372  1413  1412
    1339   1   1   1   0   1   1372  1373  1414  1413
    1340   1   1   1   0   1   1373  1374  1415  1414
 
    ELEM MAT TYP REL ESY SEC        NODES
 
    1341   1   1   1   0   1   1374  1375  1416  1415
    1342   1   1   1   0   1   1375  1376  1417  1416
    1343   1   1   1   0   1   1376  1377  1418  1417
    1344   1   1   1   0   1   1377  1378  1419  1418
    1345   1   1   1   0   1   1378  1379  1420  1419
    1346   1   1   1   0   1   1379  1380  1421  1420
    1347   1   1   1   0   1   1380  1381  1422  1421
    1348   1   1   1   0   1   1381  1382  1423  1422
    1349   1   1   1   0   1   1382  1383  1424  1423
    1350   1   1   1   0   1   1383  1384  1425  1424
    1351   1   1   1   0   1   1384  1385  1426  1425
    1352   1   1   1   0   1   1385  1386  1427  1426
    1353   1   1   1   0   1   1386  1387  1428  1427
    1354   1   1   1   0   1   1387  1388  1429  1428
    1355   1   1   1   0   1   1388  1389  1430  1429
    1356   1   1   1   0   1   1389  1390  1431  1430
    1357   1   1   1   0   1   1390  1391  1432  1431
    1358   1   1   1   0   1   1391  1392  1433  1432
    1359   1   1   1   0   1   1392  1393  1434  1433
    1360   1   1   1   0   1   1393  1394  1435  1434
 
    ELEM MAT TYP REL ESY SEC        NODES
 
    1361   1   1   1   0   1   1395  1396  1437  1436
    1362   1   1   1   0   1   1396  1397  1438  1437
    1363   1   1   1   0   1   1397  1398  1439  1438
    1364   1   1   1   0   1   1398  1399  1440  1439
    1365   1   1   1   0   1   1399  1400  1441  1440
    1366   1   1   1   0   1   1400  1401  1442  1441
    1367   1   1   1   0   1   1401  1402  1443  1442
    1368   1   1   1   0   1   1402  1403  1444  1443
    1369   1   1   1   0   1   1403  1404  1445  1444
    1370   1   1   1   0   1   1404  1405  1446  1445
    1371   1   1   1   0   1   1405  1406  1447  1446
    1372   1   1   1   0   1   1406  1407  1448  1447
    1373   1   1   1   0   1   1407  1408  1449  1448
    1374   1   1   1   0   1   1408  1409  1450  1449
    1375   1   1   1   0   1   1409  1410  1451  1450
    1376   1   1   1   0   1   1410  1411  1452  1451
    1377   1   1   1   0   1   1411  1412  1453  1452
    1378   1   1   1   0   1   1412  1413  1454  1453
    1379   1   1   1   0   1   1413  1414  1455  1454
    1380   1   1   1   0   1   1414  1415  1456  1455
 
    ELEM MAT TYP REL ESY SEC        NODES
 
    1381   1   1   1   0   1   1415  1416  1457  1456
    1382   1   1   1   0   1   1416  1417  1458  1457
    1383   1   1   1   0   1   1417  1418  1459  1458
    1384   1   1   1   0   1   1418  1419  1460  1459
    1385   1   1   1   0   1   1419  1420  1461  1460
    1386   1   1   1   0   1   1420  1421  1462  1461
    1387   1   1   1   0   1   1421  1422  1463  1462
    1388   1   1   1   0   1   1422  1423  1464  1463
    1389   1   1   1   0   1   1423  1424  1465  1464
    1390   1   1   1   0   1   1424  1425  1466  1465
    1391   1   1   1   0   1   1425  1426  1467  1466
    1392   1   1   1   0   1   1426  1427  1468  1467
    1393   1   1   1   0   1   1427  1428  1469  1468
    1394   1   1   1   0   1   1428  1429  1470  1469
    1395   1   1   1   0   1   1429  1430  1471  1470
    1396   1   1   1   0   1   1430  1431  1472  1471
    1397   1   1   1   0   1   1431  1432  1473  1472
    1398   1   1   1   0   1   1432  1433  1474  1473
    1399   1   1   1   0   1   1433  1434  1475  1474
    1400   1   1   1   0   1   1434  1435  1476  1475
 
    ELEM MAT TYP REL ESY SEC        NODES
 
    1401   1   1   1   0   1   1436  1437  1478  1477
    1402   1   1   1   0   1   1437  1438  1479  1478
    1403   1   1   1   0   1   1438  1439  1480  1479
    1404   1   1   1   0   1   1439  1440  1481  1480
    1405   1   1   1   0   1   1440  1441  1482  1481
    1406   1   1   1   0   1   1441  1442  1483  1482
    1407   1   1   1   0   1   1442  1443  1484  1483
    1408   1   1   1   0   1   1443  1444  1485  1484
    1409   1   1   1   0   1   1444  1445  1486  1485
    1410   1   1   1   0   1   1445  1446  1487  1486
    1411   1   1   1   0   1   1446  1447  1488  1487
    1412   1   1   1   0   1   1447  1448  1489  1488
    1413   1   1   1   0   1   1448  1449  1490  1489
    1414   1   1   1   0   1   1449  1450  1491  1490
    1415   1   1   1   0   1   1450  1451  1492  1491
    1416   1   1   1   0   1   1451  1452  1493  1492
    1417   1   1   1   0   1   1452  1453  1494  1493
    1418   1   1   1   0   1   1453  1454  1495  1494
    1419   1   1   1   0   1   1454  1455  1496  1495
    1420   1   1   1   0   1   1455  1456  1497  1496
 
    ELEM MAT TYP REL ESY SEC        NODES
 
    1421   1   1   1   0   1   1456  1457  1498  1497
    1422   1   1   1   0   1   1457  1458  1499  1498
    1423   1   1   1   0   1   1458  1459  1500  1499
    1424   1   1   1   0   1   1459  1460  1501  1500
    1425   1   1   1   0   1   1460  1461  1502  1501
    1426   1   1   1   0   1   1461  1462  1503  1502
    1427   1   1   1   0   1   1462  1463  1504  1503
    1428   1   1   1   0   1   1463  1464  1505  1504
    1429   1   1   1   0   1   1464  1465  1506  1505
    1430   1   1   1   0   1   1465  1466  1507  1506
    1431   1   1   1   0   1   1466  1467  1508  1507
    1432   1   1   1   0   1   1467  1468  1509  1508
    1433   1   1   1   0   1   1468  1469  1510  1509
    1434   1   1   1   0   1   1469  1470  1511  1510
    1435   1   1   1   0   1   1470  1471  1512  1511
    1436   1   1   1   0   1   1471  1472  1513  1512
    1437   1   1   1   0   1   1472  1473  1514  1513
    1438   1   1   1   0   1   1473  1474  1515  1514
    1439   1   1   1   0   1   1474  1475  1516  1515
    1440   1   1   1   0   1   1475  1476  1517  1516
 
    ELEM MAT TYP REL ESY SEC        NODES
 
    1441   1   1   1   0   1   1477  1478  1519  1518
    1442   1   1   1   0   1   1478  1479  1520  1519
    1443   1   1   1   0   1   1479  1480  1521  1520
    1444   1   1   1   0   1   1480  1481  1522  1521
    1445   1   1   1   0   1   1481  1482  1523  1522
    1446   1   1   1   0   1   1482  1483  1524  1523
    1447   1   1   1   0   1   1483  1484  1525  1524
    1448   1   1   1   0   1   1484  1485  1526  1525
    1449   1   1   1   0   1   1485  1486  1527  1526
    1450   1   1   1   0   1   1486  1487  1528  1527
    1451   1   1   1   0   1   1487  1488  1529  1528
    1452   1   1   1   0   1   1488  1489  1530  1529
    1453   1   1   1   0   1   1489  1490  1531  1530
    1454   1   1   1   0   1   1490  1491  1532  1531
    1455   1   1   1   0   1   1491  1492  1533  1532
    1456   1   1   1   0   1   1492  1493  1534  1533
    1457   1   1   1   0   1   1493  1494  1535  1534
    1458   1   1   1   0   1   1494  1495  1536  1535
    1459   1   1   1   0   1   1495  1496  1537  1536
    1460   1   1   1   0   1   1496  1497  1538  1537
 
    ELEM MAT TYP REL ESY SEC        NODES
 
    1461   1   1   1   0   1   1497  1498  1539  1538
    1462   1   1   1   0   1   1498  1499  1540  1539
    1463   1   1   1   0   1   1499  1500  1541  1540
    1464   1   1   1   0   1   1500  1501  1542  1541
    1465   1   1   1   0   1   1501  1502  1543  1542
    1466   1   1   1   0   1   1502  1503  1544  1543
    1467   1   1   1   0   1   1503  1504  1545  1544
    1468   1   1   1   0   1   1504  1505  1546  1545
    1469   1   1   1   0   1   1505  1506  1547  1546
    1470   1   1   1   0   1   1506  1507  1548  1547
    1471   1   1   1   0   1   1507  1508  1549  1548
    1472   1   1   1   0   1   1508  1509  1550  1549
    1473   1   1   1   0   1   1509  1510  1551  1550
    1474   1   1   1   0   1   1510  1511  1552  1551
    1475   1   1   1   0   1   1511  1512  1553  1552
    1476   1   1   1   0   1   1512  1513  1554  1553
    1477   1   1   1   0   1   1513  1514  1555  1554
    1478   1   1   1   0   1   1514  1515  1556  1555
    1479   1   1   1   0   1   1515  1516  1557  1556
    1480   1   1   1   0   1   1516  1517  1558  1557
 
    ELEM MAT TYP REL ESY SEC        NODES
 
    1481   1   1   1   0   1   1518  1519  1560  1559
    1482   1   1   1   0   1   1519  1520  1561  1560
    1483   1   1   1   0   1   1520  1521  1562  1561
    1484   1   1   1   0   1   1521  1522  1563  1562
    1485   1   1   1   0   1   1522  1523  1564  1563
    1486   1   1   1   0   1   1523  1524  1565  1564
    1487   1   1   1   0   1   1524  1525  1566  1565
    1488   1   1   1   0   1   1525  1526  1567  1566
    1489   1   1   1   0   1   1526  1527  1568  1567
    1490   1   1   1   0   1   1527  1528  1569  1568
    1491   1   1   1   0   1   1528  1529  1570  1569
    1492   1   1   1   0   1   1529  1530  1571  1570
    1493   1   1   1   0   1   1530  1531  1572  1571
    1494   1   1   1   0   1   1531  1532  1573  1572
    1495   1   1   1   0   1   1532  1533  1574  1573
    1496   1   1   1   0   1   1533  1534  1575  1574
    1497   1   1   1   0   1   1534  1535  1576  1575
    1498   1   1   1   0   1   1535  1536  1577  1576
    1499   1   1   1   0   1   1536  1537  1578  1577
    1500   1   1   1   0   1   1537  1538  1579  1578
 
    ELEM MAT TYP REL ESY SEC        NODES
 
    1501   1   1   1   0   1   1538  1539  1580  1579
    1502   1   1   1   0   1   1539  1540  1581  1580
    1503   1   1   1   0   1   1540  1541  1582  1581
    1504   1   1   1   0   1   1541  1542  1583  1582
    1505   1   1   1   0   1   1542  1543  1584  1583
    1506   1   1   1   0   1   1543  1544  1585  1584
    1507   1   1   1   0   1   1544  1545  1586  1585
    1508   1   1   1   0   1   1545  1546  1587  1586
    1509   1   1   1   0   1   1546  1547  1588  1587
    1510   1   1   1   0   1   1547  1548  1589  1588
    1511   1   1   1   0   1   1548  1549  1590  1589
    1512   1   1   1   0   1   1549  1550  1591  1590
    1513   1   1   1   0   1   1550  1551  1592  1591
    1514   1   1   1   0   1   1551  1552  1593  1592
    1515   1   1   1   0   1   1552  1553  1594  1593
    1516   1   1   1   0   1   1553  1554  1595  1594
    1517   1   1   1   0   1   1554  1555  1596  1595
    1518   1   1   1   0   1   1555  1556  1597  1596
    1519   1   1   1   0   1   1556  1557  1598  1597
    1520   1   1   1   0   1   1557  1558  1599  1598
 
    ELEM MAT TYP REL ESY SEC        NODES
 
    1521   1   1   1   0   1   1559  1560  1601  1600
    1522   1   1   1   0   1   1560  1561  1602  1601
    1523   1   1   1   0   1   1561  1562  1603  1602
    1524   1   1   1   0   1   1562  1563  1604  1603
    1525   1   1   1   0   1   1563  1564  1605  1604
    1526   1   1   1   0   1   1564  1565  1606  1605
    1527   1   1   1   0   1   1565  1566  1607  1606
    1528   1   1   1   0   1   1566  1567  1608  1607
    1529   1   1   1   0   1   1567  1568  1609  1608
    1530   1   1   1   0   1   1568  1569  1610  1609
    1531   1   1   1   0   1   1569  1570  1611  1610
    1532   1   1   1   0   1   1570  1571  1612  1611
    1533   1   1   1   0   1   1571  1572  1613  1612
    1534   1   1   1   0   1   1572  1573  1614  1613
    1535   1   1   1   0   1   1573  1574  1615  1614
    1536   1   1   1   0   1   1574  1575  1616  1615
    1537   1   1   1   0   1   1575  1576  1617  1616
    1538   1   1   1   0   1   1576  1577  1618  1617
    1539   1   1   1   0   1   1577  1578  1619  1618
    1540   1   1   1   0   1   1578  1579  1620  1619
 
    ELEM MAT TYP REL ESY SEC        NODES
 
    1541   1   1   1   0   1   1579  1580  1621  1620
    1542   1   1   1   0   1   1580  1581  1622  1621
    1543   1   1   1   0   1   1581  1582  1623  1622
    1544   1   1   1   0   1   1582  1583  1624  1623
    1545   1   1   1   0   1   1583  1584  1625  1624
    1546   1   1   1   0   1   1584  1585  1626  1625
    1547   1   1   1   0   1   1585  1586  1627  1626
    1548   1   1   1   0   1   1586  1587  1628  1627
    1549   1   1   1   0   1   1587  1588  1629  1628
    1550   1   1   1   0   1   1588  1589  1630  1629
    1551   1   1   1   0   1   1589  1590  1631  1630
    1552   1   1   1   0   1   1590  1591  1632  1631
    1553   1   1   1   0   1   1591  1592  1633  1632
    1554   1   1   1   0   1   1592  1593  1634  1633
    1555   1   1   1   0   1   1593  1594  1635  1634
    1556   1   1   1   0   1   1594  1595  1636  1635
    1557   1   1   1   0   1   1595  1596  1637  1636
    1558   1   1   1   0   1   1596  1597  1638  1637
    1559   1   1   1   0   1   1597  1598  1639  1638
    1560   1   1   1   0   1   1598  1599  1640  1639
 
    ELEM MAT TYP REL ESY SEC        NODES
 
    1561   1   1   1   0   1   1600  1601  1642  1641
    1562   1   1   1   0   1   1601  1602  1643  1642
    1563   1   1   1   0   1   1602  1603  1644  1643
    1564   1   1   1   0   1   1603  1604  1645  1644
    1565   1   1   1   0   1   1604  1605  1646  1645
    1566   1   1   1   0   1   1605  1606  1647  1646
    1567   1   1   1   0   1   1606  1607  1648  1647
    1568   1   1   1   0   1   1607  1608  1649  1648
    1569   1   1   1   0   1   1608  1609  1650  1649
    1570   1   1   1   0   1   1609  1610  1651  1650
    1571   1   1   1   0   1   1610  1611  1652  1651
    1572   1   1   1   0   1   1611  1612  1653  1652
    1573   1   1   1   0   1   1612  1613  1654  1653
    1574   1   1   1   0   1   1613  1614  1655  1654
    1575   1   1   1   0   1   1614  1615  1656  1655
    1576   1   1   1   0   1   1615  1616  1657  1656
    1577   1   1   1   0   1   1616  1617  1658  1657
    1578   1   1   1   0   1   1617  1618  1659  1658
    1579   1   1   1   0   1   1618  1619  1660  1659
    1580   1   1   1   0   1   1619  1620  1661  1660
 
    ELEM MAT TYP REL ESY SEC        NODES
 
    1581   1   1   1   0   1   1620  1621  1662  1661
    1582   1   1   1   0   1   1621  1622  1663  1662
    1583   1   1   1   0   1   1622  1623  1664  1663
    1584   1   1   1   0   1   1623  1624  1665  1664
    1585   1   1   1   0   1   1624  1625  1666  1665
    1586   1   1   1   0   1   1625  1626  1667  1666
    1587   1   1   1   0   1   1626  1627  1668  1667
    1588   1   1   1   0   1   1627  1628  1669  1668
    1589   1   1   1   0   1   1628  1629  1670  1669
    1590   1   1   1   0   1   1629  1630  1671  1670
    1591   1   1   1   0   1   1630  1631  1672  1671
    1592   1   1   1   0   1   1631  1632  1673  1672
    1593   1   1   1   0   1   1632  1633  1674  1673
    1594   1   1   1   0   1   1633  1634  1675  1674
    1595   1   1   1   0   1   1634  1635  1676  1675
    1596   1   1   1   0   1   1635  1636  1677  1676
    1597   1   1   1   0   1   1636  1637  1678  1677
    1598   1   1   1   0   1   1637  1638  1679  1678
    1599   1   1   1   0   1   1638  1639  1680  1679
    1600   1   1   1   0   1   1639  1640  1681  1680
 
    ELEM MAT TYP REL ESY SEC        NODES
 
    1601   1   1   1   0   1   1641  1642  1683  1682
    1602   1   1   1   0   1   1642  1643  1684  1683
    1603   1   1   1   0   1   1643  1644  1685  1684
    1604   1   1   1   0   1   1644  1645  1686  1685
    1605   1   1   1   0   1   1645  1646  1687  1686
    1606   1   1   1   0   1   1646  1647  1688  1687
    1607   1   1   1   0   1   1647  1648  1689  1688
    1608   1   1   1   0   1   1648  1649  1690  1689
    1609   1   1   1   0   1   1649  1650  1691  1690
    1610   1   1   1   0   1   1650  1651  1692  1691
    1611   1   1   1   0   1   1651  1652  1693  1692
    1612   1   1   1   0   1   1652  1653  1694  1693
    1613   1   1   1   0   1   1653  1654  1695  1694
    1614   1   1   1   0   1   1654  1655  1696  1695
    1615   1   1   1   0   1   1655  1656  1697  1696
    1616   1   1   1   0   1   1656  1657  1698  1697
    1617   1   1   1   0   1   1657  1658  1699  1698
    1618   1   1   1   0   1   1658  1659  1700  1699
    1619   1   1   1   0   1   1659  1660  1701  1700
    1620   1   1   1   0   1   1660  1661  1702  1701
 
    ELEM MAT TYP REL ESY SEC        NODES
 
    1621   1   1   1   0   1   1661  1662  1703  1702
    1622   1   1   1   0   1   1662  1663  1704  1703
    1623   1   1   1   0   1   1663  1664  1705  1704
    1624   1   1   1   0   1   1664  1665  1706  1705
    1625   1   1   1   0   1   1665  1666  1707  1706
    1626   1   1   1   0   1   1666  1667  1708  1707
    1627   1   1   1   0   1   1667  1668  1709  1708
    1628   1   1   1   0   1   1668  1669  1710  1709
    1629   1   1   1   0   1   1669  1670  1711  1710
    1630   1   1   1   0   1   1670  1671  1712  1711
    1631   1   1   1   0   1   1671  1672  1713  1712
    1632   1   1   1   0   1   1672  1673  1714  1713
    1633   1   1   1   0   1   1673  1674  1715  1714
    1634   1   1   1   0   1   1674  1675  1716  1715
    1635   1   1   1   0   1   1675  1676  1717  1716
    1636   1   1   1   0   1   1676  1677  1718  1717
    1637   1   1   1   0   1   1677  1678  1719  1718
    1638   1   1   1   0   1   1678  1679  1720  1719
    1639   1   1   1   0   1   1679  1680  1721  1720
    1640   1   1   1   0   1   1680  1681  1722  1721
 
    ELEM MAT TYP REL ESY SEC        NODES
 
    1641   1   1   1   0   1   1682  1683  1724  1723
    1642   1   1   1   0   1   1683  1684  1725  1724
    1643   1   1   1   0   1   1684  1685  1726  1725
    1644   1   1   1   0   1   1685  1686  1727  1726
    1645   1   1   1   0   1   1686  1687  1728  1727
    1646   1   1   1   0   1   1687  1688  1729  1728
    1647   1   1   1   0   1   1688  1689  1730  1729
    1648   1   1   1   0   1   1689  1690  1731  1730
    1649   1   1   1   0   1   1690  1691  1732  1731
    1650   1   1   1   0   1   1691  1692  1733  1732
    1651   1   1   1   0   1   1692  1693  1734  1733
    1652   1   1   1   0   1   1693  1694  1735  1734
    1653   1   1   1   0   1   1694  1695  1736  1735
    1654   1   1   1   0   1   1695  1696  1737  1736
    1655   1   1   1   0   1   1696  1697  1738  1737
    1656   1   1   1   0   1   1697  1698  1739  1738
    1657   1   1   1   0   1   1698  1699  1740  1739
    1658   1   1   1   0   1   1699  1700  1741  1740
    1659   1   1   1   0   1   1700  1701  1742  1741
    1660   1   1   1   0   1   1701  1702  1743  1742
 
    ELEM MAT TYP REL ESY SEC        NODES
 
    1661   1   1   1   0   1   1702  1703  1744  1743
    1662   1   1   1   0   1   1703  1704  1745  1744
    1663   1   1   1   0   1   1704  1705  1746  1745
    1664   1   1   1   0   1   1705  1706  1747  1746
    1665   1   1   1   0   1   1706  1707  1748  1747
    1666   1   1   1   0   1   1707  1708  1749  1748
    1667   1   1   1   0   1   1708  1709  1750  1749
    1668   1   1   1   0   1   1709  1710  1751  1750
    1669   1   1   1   0   1   1710  1711  1752  1751
    1670   1   1   1   0   1   1711  1712  1753  1752
    1671   1   1   1   0   1   1712  1713  1754  1753
    1672   1   1   1   0   1   1713  1714  1755  1754
    1673   1   1   1   0   1   1714  1715  1756  1755
    1674   1   1   1   0   1   1715  1716  1757  1756
    1675   1   1   1   0   1   1716  1717  1758  1757
    1676   1   1   1   0   1   1717  1718  1759  1758
    1677   1   1   1   0   1   1718  1719  1760  1759
    1678   1   1   1   0   1   1719  1720  1761  1760
    1679   1   1   1   0   1   1720  1721  1762  1761
    1680   1   1   1   0   1   1721  1722  1763  1762
 
    ELEM MAT TYP REL ESY SEC        NODES
 
    1681   1   1   1   0   1   1723  1724  1765  1764
    1682   1   1   1   0   1   1724  1725  1766  1765
    1683   1   1   1   0   1   1725  1726  1767  1766
    1684   1   1   1   0   1   1726  1727  1768  1767
    1685   1   1   1   0   1   1727  1728  1769  1768
    1686   1   1   1   0   1   1728  1729  1770  1769
    1687   1   1   1   0   1   1729  1730  1771  1770
    1688   1   1   1   0   1   1730  1731  1772  1771
    1689   1   1   1   0   1   1731  1732  1773  1772
    1690   1   1   1   0   1   1732  1733  1774  1773
    1691   1   1   1   0   1   1733  1734  1775  1774
    1692   1   1   1   0   1   1734  1735  1776  1775
    1693   1   1   1   0   1   1735  1736  1777  1776
    1694   1   1   1   0   1   1736  1737  1778  1777
    1695   1   1   1   0   1   1737  1738  1779  1778
    1696   1   1   1   0   1   1738  1739  1780  1779
    1697   1   1   1   0   1   1739  1740  1781  1780
    1698   1   1   1   0   1   1740  1741  1782  1781
    1699   1   1   1   0   1   1741  1742  1783  1782
    1700   1   1   1   0   1   1742  1743  1784  1783
 
    ELEM MAT TYP REL ESY SEC        NODES
 
    1701   1   1   1   0   1   1743  1744  1785  1784
    1702   1   1   1   0   1   1744  1745  1786  1785
    1703   1   1   1   0   1   1745  1746  1787  1786
    1704   1   1   1   0   1   1746  1747  1788  1787
    1705   1   1   1   0   1   1747  1748  1789  1788
    1706   1   1   1   0   1   1748  1749  1790  1789
    1707   1   1   1   0   1   1749  1750  1791  1790
    1708   1   1   1   0   1   1750  1751  1792  1791
    1709   1   1   1   0   1   1751  1752  1793  1792
    1710   1   1   1   0   1   1752  1753  1794  1793
    1711   1   1   1   0   1   1753  1754  1795  1794
    1712   1   1   1   0   1   1754  1755  1796  1795
    1713   1   1   1   0   1   1755  1756  1797  1796
    1714   1   1   1   0   1   1756  1757  1798  1797
    1715   1   1   1   0   1   1757  1758  1799  1798
    1716   1   1   1   0   1   1758  1759  1800  1799
    1717   1   1   1   0   1   1759  1760  1801  1800
    1718   1   1   1   0   1   1760  1761  1802  1801
    1719   1   1   1   0   1   1761  1762  1803  1802
    1720   1   1   1   0   1   1762  1763  1804  1803
 
    ELEM MAT TYP REL ESY SEC        NODES
 
    1721   1   1   1   0   1   1764  1765  1806  1805
    1722   1   1   1   0   1   1765  1766  1807  1806
    1723   1   1   1   0   1   1766  1767  1808  1807
    1724   1   1   1   0   1   1767  1768  1809  1808
    1725   1   1   1   0   1   1768  1769  1810  1809
    1726   1   1   1   0   1   1769  1770  1811  1810
    1727   1   1   1   0   1   1770  1771  1812  1811
    1728   1   1   1   0   1   1771  1772  1813  1812
    1729   1   1   1   0   1   1772  1773  1814  1813
    1730   1   1   1   0   1   1773  1774  1815  1814
    1731   1   1   1   0   1   1774  1775  1816  1815
    1732   1   1   1   0   1   1775  1776  1817  1816
    1733   1   1   1   0   1   1776  1777  1818  1817
    1734   1   1   1   0   1   1777  1778  1819  1818
    1735   1   1   1   0   1   1778  1779  1820  1819
    1736   1   1   1   0   1   1779  1780  1821  1820
    1737   1   1   1   0   1   1780  1781  1822  1821
    1738   1   1   1   0   1   1781  1782  1823  1822
    1739   1   1   1   0   1   1782  1783  1824  1823
    1740   1   1   1   0   1   1783  1784  1825  1824
 
    ELEM MAT TYP REL ESY SEC        NODES
 
    1741   1   1   1   0   1   1784  1785  1826  1825
    1742   1   1   1   0   1   1785  1786  1827  1826
    1743   1   1   1   0   1   1786  1787  1828  1827
    1744   1   1   1   0   1   1787  1788  1829  1828
    1745   1   1   1   0   1   1788  1789  1830  1829
    1746   1   1   1   0   1   1789  1790  1831  1830
    1747   1   1   1   0   1   1790  1791  1832  1831
    1748   1   1   1   0   1   1791  1792  1833  1832
    1749   1   1   1   0   1   1792  1793  1834  1833
    1750   1   1   1   0   1   1793  1794  1835  1834
    1751   1   1   1   0   1   1794  1795  1836  1835
    1752   1   1   1   0   1   1795  1796  1837  1836
    1753   1   1   1   0   1   1796  1797  1838  1837
    1754   1   1   1   0   1   1797  1798  1839  1838
    1755   1   1   1   0   1   1798  1799  1840  1839
    1756   1   1   1   0   1   1799  1800  1841  1840
    1757   1   1   1   0   1   1800  1801  1842  1841
    1758   1   1   1   0   1   1801  1802  1843  1842
    1759   1   1   1   0   1   1802  1803  1844  1843
    1760   1   1   1   0   1   1803  1804  1845  1844
 
    ELEM MAT TYP REL ESY SEC        NODES
 
    1761   1   1   1   0   1   1805  1806  1847  1846
    1762   1   1   1   0   1   1806  1807  1848  1847
    1763   1   1   1   0   1   1807  1808  1849  1848
    1764   1   1   1   0   1   1808  1809  1850  1849
    1765   1   1   1   0   1   1809  1810  1851  1850
    1766   1   1   1   0   1   1810  1811  1852  1851
    1767   1   1   1   0   1   1811  1812  1853  1852
    1768   1   1   1   0   1   1812  1813  1854  1853
    1769   1   1   1   0   1   1813  1814  1855  1854
    1770   1   1   1   0   1   1814  1815  1856  1855
    1771   1   1   1   0   1   1815  1816  1857  1856
    1772   1   1   1   0   1   1816  1817  1858  1857
    1773   1   1   1   0   1   1817  1818  1859  1858
    1774   1   1   1   0   1   1818  1819  1860  1859
    1775   1   1   1   0   1   1819  1820  1861  1860
    1776   1   1   1   0   1   1820  1821  1862  1861
    1777   1   1   1   0   1   1821  1822  1863  1862
    1778   1   1   1   0   1   1822  1823  1864  1863
    1779   1   1   1   0   1   1823  1824  1865  1864
    1780   1   1   1   0   1   1824  1825  1866  1865
 
    ELEM MAT TYP REL ESY SEC        NODES
 
    1781   1   1   1   0   1   1825  1826  1867  1866
    1782   1   1   1   0   1   1826  1827  1868  1867
    1783   1   1   1   0   1   1827  1828  1869  1868
    1784   1   1   1   0   1   1828  1829  1870  1869
    1785   1   1   1   0   1   1829  1830  1871  1870
    1786   1   1   1   0   1   1830  1831  1872  1871
    1787   1   1   1   0   1   1831  1832  1873  1872
    1788   1   1   1   0   1   1832  1833  1874  1873
    1789   1   1   1   0   1   1833  1834  1875  1874
    1790   1   1   1   0   1   1834  1835  1876  1875
    1791   1   1   1   0   1   1835  1836  1877  1876
    1792   1   1   1   0   1   1836  1837  1878  1877
    1793   1   1   1   0   1   1837  1838  1879  1878
    1794   1   1   1   0   1   1838  1839  1880  1879
    1795   1   1   1   0   1   1839  1840  1881  1880
    1796   1   1   1   0   1   1840  1841  1882  1881
    1797   1   1   1   0   1   1841  1842  1883  1882
    1798   1   1   1   0   1   1842  1843  1884  1883
    1799   1   1   1   0   1   1843  1844  1885  1884
    1800   1   1   1   0   1   1844  1845  1886  1885
 
    ELEM MAT TYP REL ESY SEC        NODES
 
    1801   1   1   1   0   1   1846  1847  1888  1887
    1802   1   1   1   0   1   1847  1848  1889  1888
    1803   1   1   1   0   1   1848  1849  1890  1889
    1804   1   1   1   0   1   1849  1850  1891  1890
    1805   1   1   1   0   1   1850  1851  1892  1891
    1806   1   1   1   0   1   1851  1852  1893  1892
    1807   1   1   1   0   1   1852  1853  1894  1893
    1808   1   1   1   0   1   1853  1854  1895  1894
    1809   1   1   1   0   1   1854  1855  1896  1895
    1810   1   1   1   0   1   1855  1856  1897  1896
    1811   1   1   1   0   1   1856  1857  1898  1897
    1812   1   1   1   0   1   1857  1858  1899  1898
    1813   1   1   1   0   1   1858  1859  1900  1899
    1814   1   1   1   0   1   1859  1860  1901  1900
    1815   1   1   1   0   1   1860  1861  1902  1901
    1816   1   1   1   0   1   1861  1862  1903  1902
    1817   1   1   1   0   1   1862  1863  1904  1903
    1818   1   1   1   0   1   1863  1864  1905  1904
    1819   1   1   1   0   1   1864  1865  1906  1905
    1820   1   1   1   0   1   1865  1866  1907  1906
 
    ELEM MAT TYP REL ESY SEC        NODES
 
    1821   1   1   1   0   1   1866  1867  1908  1907
    1822   1   1   1   0   1   1867  1868  1909  1908
    1823   1   1   1   0   1   1868  1869  1910  1909
    1824   1   1   1   0   1   1869  1870  1911  1910
    1825   1   1   1   0   1   1870  1871  1912  1911
    1826   1   1   1   0   1   1871  1872  1913  1912
    1827   1   1   1   0   1   1872  1873  1914  1913
    1828   1   1   1   0   1   1873  1874  1915  1914
    1829   1   1   1   0   1   1874  1875  1916  1915
    1830   1   1   1   0   1   1875  1876  1917  1916
    1831   1   1   1   0   1   1876  1877  1918  1917
    1832   1   1   1   0   1   1877  1878  1919  1918
    1833   1   1   1   0   1   1878  1879  1920  1919
    1834   1   1   1   0   1   1879  1880  1921  1920
    1835   1   1   1   0   1   1880  1881  1922  1921
    1836   1   1   1   0   1   1881  1882  1923  1922
    1837   1   1   1   0   1   1882  1883  1924  1923
    1838   1   1   1   0   1   1883  1884  1925  1924
    1839   1   1   1   0   1   1884  1885  1926  1925
    1840   1   1   1   0   1   1885  1886  1927  1926
 
    ELEM MAT TYP REL ESY SEC        NODES
 
    1841   1   1   1   0   1   1887  1888  1929  1928
    1842   1   1   1   0   1   1888  1889  1930  1929
    1843   1   1   1   0   1   1889  1890  1931  1930
    1844   1   1   1   0   1   1890  1891  1932  1931
    1845   1   1   1   0   1   1891  1892  1933  1932
    1846   1   1   1   0   1   1892  1893  1934  1933
    1847   1   1   1   0   1   1893  1894  1935  1934
    1848   1   1   1   0   1   1894  1895  1936  1935
    1849   1   1   1   0   1   1895  1896  1937  1936
    1850   1   1   1   0   1   1896  1897  1938  1937
    1851   1   1   1   0   1   1897  1898  1939  1938
    1852   1   1   1   0   1   1898  1899  1940  1939
    1853   1   1   1   0   1   1899  1900  1941  1940
    1854   1   1   1   0   1   1900  1901  1942  1941
    1855   1   1   1   0   1   1901  1902  1943  1942
    1856   1   1   1   0   1   1902  1903  1944  1943
    1857   1   1   1   0   1   1903  1904  1945  1944
    1858   1   1   1   0   1   1904  1905  1946  1945
    1859   1   1   1   0   1   1905  1906  1947  1946
    1860   1   1   1   0   1   1906  1907  1948  1947
 
    ELEM MAT TYP REL ESY SEC        NODES
 
    1861   1   1   1   0   1   1907  1908  1949  1948
    1862   1   1   1   0   1   1908  1909  1950  1949
    1863   1   1   1   0   1   1909  1910  1951  1950
    1864   1   1   1   0   1   1910  1911  1952  1951
    1865   1   1   1   0   1   1911  1912  1953  1952
    1866   1   1   1   0   1   1912  1913  1954  1953
    1867   1   1   1   0   1   1913  1914  1955  1954
    1868   1   1   1   0   1   1914  1915  1956  1955
    1869   1   1   1   0   1   1915  1916  1957  1956
    1870   1   1   1   0   1   1916  1917  1958  1957
    1871   1   1   1   0   1   1917  1918  1959  1958
    1872   1   1   1   0   1   1918  1919  1960  1959
    1873   1   1   1   0   1   1919  1920  1961  1960
    1874   1   1   1   0   1   1920  1921  1962  1961
    1875   1   1   1   0   1   1921  1922  1963  1962
    1876   1   1   1   0   1   1922  1923  1964  1963
    1877   1   1   1   0   1   1923  1924  1965  1964
    1878   1   1   1   0   1   1924  1925  1966  1965
    1879   1   1   1   0   1   1925  1926  1967  1966
    1880   1   1   1   0   1   1926  1927  1968  1967
 
    ELEM MAT TYP REL ESY SEC        NODES
 
    1881   1   1   1   0   1   1928  1929  1970  1969
    1882   1   1   1   0   1   1929  1930  1971  1970
    1883   1   1   1   0   1   1930  1931  1972  1971
    1884   1   1   1   0   1   1931  1932  1973  1972
    1885   1   1   1   0   1   1932  1933  1974  1973
    1886   1   1   1   0   1   1933  1934  1975  1974
    1887   1   1   1   0   1   1934  1935  1976  1975
    1888   1   1   1   0   1   1935  1936  1977  1976
    1889   1   1   1   0   1   1936  1937  1978  1977
    1890   1   1   1   0   1   1937  1938  1979  1978
    1891   1   1   1   0   1   1938  1939  1980  1979
    1892   1   1   1   0   1   1939  1940  1981  1980
    1893   1   1   1   0   1   1940  1941  1982  1981
    1894   1   1   1   0   1   1941  1942  1983  1982
    1895   1   1   1   0   1   1942  1943  1984  1983
    1896   1   1   1   0   1   1943  1944  1985  1984
    1897   1   1   1   0   1   1944  1945  1986  1985
    1898   1   1   1   0   1   1945  1946  1987  1986
    1899   1   1   1   0   1   1946  1947  1988  1987
    1900   1   1   1   0   1   1947  1948  1989  1988
 
    ELEM MAT TYP REL ESY SEC        NODES
 
    1901   1   1   1   0   1   1948  1949  1990  1989
    1902   1   1   1   0   1   1949  1950  1991  1990
    1903   1   1   1   0   1   1950  1951  1992  1991
    1904   1   1   1   0   1   1951  1952  1993  1992
    1905   1   1   1   0   1   1952  1953  1994  1993
    1906   1   1   1   0   1   1953  1954  1995  1994
    1907   1   1   1   0   1   1954  1955  1996  1995
    1908   1   1   1   0   1   1955  1956  1997  1996
    1909   1   1   1   0   1   1956  1957  1998  1997
    1910   1   1   1   0   1   1957  1958  1999  1998
    1911   1   1   1   0   1   1958  1959  2000  1999
    1912   1   1   1   0   1   1959  1960  2001  2000
    1913   1   1   1   0   1   1960  1961  2002  2001
    1914   1   1   1   0   1   1961  1962  2003  2002
    1915   1   1   1   0   1   1962  1963  2004  2003
    1916   1   1   1   0   1   1963  1964  2005  2004
    1917   1   1   1   0   1   1964  1965  2006  2005
    1918   1   1   1   0   1   1965  1966  2007  2006
    1919   1   1   1   0   1   1966  1967  2008  2007
    1920   1   1   1   0   1   1967  1968  2009  2008
 
    ELEM MAT TYP REL ESY SEC        NODES
 
    1921   1   1   1   0   1   1969  1970  2011  2010
    1922   1   1   1   0   1   1970  1971  2012  2011
    1923   1   1   1   0   1   1971  1972  2013  2012
    1924   1   1   1   0   1   1972  1973  2014  2013
    1925   1   1   1   0   1   1973  1974  2015  2014
    1926   1   1   1   0   1   1974  1975  2016  2015
    1927   1   1   1   0   1   1975  1976  2017  2016
    1928   1   1   1   0   1   1976  1977  2018  2017
    1929   1   1   1   0   1   1977  1978  2019  2018
    1930   1   1   1   0   1   1978  1979  2020  2019
    1931   1   1   1   0   1   1979  1980  2021  2020
    1932   1   1   1   0   1   1980  1981  2022  2021
    1933   1   1   1   0   1   1981  1982  2023  2022
    1934   1   1   1   0   1   1982  1983  2024  2023
    1935   1   1   1   0   1   1983  1984  2025  2024
    1936   1   1   1   0   1   1984  1985  2026  2025
    1937   1   1   1   0   1   1985  1986  2027  2026
    1938   1   1   1   0   1   1986  1987  2028  2027
    1939   1   1   1   0   1   1987  1988  2029  2028
    1940   1   1   1   0   1   1988  1989  2030  2029
 
    ELEM MAT TYP REL ESY SEC        NODES
 
    1941   1   1   1   0   1   1989  1990  2031  2030
    1942   1   1   1   0   1   1990  1991  2032  2031
    1943   1   1   1   0   1   1991  1992  2033  2032
    1944   1   1   1   0   1   1992  1993  2034  2033
    1945   1   1   1   0   1   1993  1994  2035  2034
    1946   1   1   1   0   1   1994  1995  2036  2035
    1947   1   1   1   0   1   1995  1996  2037  2036
    1948   1   1   1   0   1   1996  1997  2038  2037
    1949   1   1   1   0   1   1997  1998  2039  2038
    1950   1   1   1   0   1   1998  1999  2040  2039
    1951   1   1   1   0   1   1999  2000  2041  2040
    1952   1   1   1   0   1   2000  2001  2042  2041
    1953   1   1   1   0   1   2001  2002  2043  2042
    1954   1   1   1   0   1   2002  2003  2044  2043
    1955   1   1   1   0   1   2003  2004  2045  2044
    1956   1   1   1   0   1   2004  2005  2046  2045
    1957   1   1   1   0   1   2005  2006  2047  2046
    1958   1   1   1   0   1   2006  2007  2048  2047
    1959   1   1   1   0   1   2007  2008  2049  2048
    1960   1   1   1   0   1   2008  2009  2050  2049
 
    ELEM MAT TYP REL ESY SEC        NODES
 
    1961   1   1   1   0   1   2010  2011  2052  2051
    1962   1   1   1   0   1   2011  2012  2053  2052
    1963   1   1   1   0   1   2012  2013  2054  2053
    1964   1   1   1   0   1   2013  2014  2055  2054
    1965   1   1   1   0   1   2014  2015  2056  2055
    1966   1   1   1   0   1   2015  2016  2057  2056
    1967   1   1   1   0   1   2016  2017  2058  2057
    1968   1   1   1   0   1   2017  2018  2059  2058
    1969   1   1   1   0   1   2018  2019  2060  2059
    1970   1   1   1   0   1   2019  2020  2061  2060
    1971   1   1   1   0   1   2020  2021  2062  2061
    1972   1   1   1   0   1   2021  2022  2063  2062
    1973   1   1   1   0   1   2022  2023  2064  2063
    1974   1   1   1   0   1   2023  2024  2065  2064
    1975   1   1   1   0   1   2024  2025  2066  2065
    1976   1   1   1   0   1   2025  2026  2067  2066
    1977   1   1   1   0   1   2026  2027  2068  2067
    1978   1   1   1   0   1   2027  2028  2069  2068
    1979   1   1   1   0   1   2028  2029  2070  2069
    1980   1   1   1   0   1   2029  2030  2071  2070
 
    ELEM MAT TYP REL ESY SEC        NODES
 
    1981   1   1   1   0   1   2030  2031  2072  2071
    1982   1   1   1   0   1   2031  2032  2073  2072
    1983   1   1   1   0   1   2032  2033  2074  2073
    1984   1   1   1   0   1   2033  2034  2075  2074
    1985   1   1   1   0   1   2034  2035  2076  2075
    1986   1   1   1   0   1   2035  2036  2077  2076
    1987   1   1   1   0   1   2036  2037  2078  2077
    1988   1   1   1   0   1   2037  2038  2079  2078
    1989   1   1   1   0   1   2038  2039  2080  2079
    1990   1   1   1   0   1   2039  2040  2081  2080
    1991   1   1   1   0   1   2040  2041  2082  2081
    1992   1   1   1   0   1   2041  2042  2083  2082
    1993   1   1   1   0   1   2042  2043  2084  2083
    1994   1   1   1   0   1   2043  2044  2085  2084
    1995   1   1   1   0   1   2044  2045  2086  2085
    1996   1   1   1   0   1   2045  2046  2087  2086
    1997   1   1   1   0   1   2046  2047  2088  2087
    1998   1   1   1   0   1   2047  2048  2089  2088
    1999   1   1   1   0   1   2048  2049  2090  2089
    2000   1   1   1   0   1   2049  2050  2091  2090
 
    ELEM MAT TYP REL ESY SEC        NODES
 
    2001   1   1   1   0   1   2051  2052  2093  2092
    2002   1   1   1   0   1   2052  2053  2094  2093
    2003   1   1   1   0   1   2053  2054  2095  2094
    2004   1   1   1   0   1   2054  2055  2096  2095
    2005   1   1   1   0   1   2055  2056  2097  2096
    2006   1   1   1   0   1   2056  2057  2098  2097
    2007   1   1   1   0   1   2057  2058  2099  2098
    2008   1   1   1   0   1   2058  2059  2100  2099
    2009   1   1   1   0   1   2059  2060  2101  2100
    2010   1   1   1   0   1   2060  2061  2102  2101
    2011   1   1   1   0   1   2061  2062  2103  2102
    2012   1   1   1   0   1   2062  2063  2104  2103
    2013   1   1   1   0   1   2063  2064  2105  2104
    2014   1   1   1   0   1   2064  2065  2106  2105
    2015   1   1   1   0   1   2065  2066  2107  2106
    2016   1   1   1   0   1   2066  2067  2108  2107
    2017   1   1   1   0   1   2067  2068  2109  2108
    2018   1   1   1   0   1   2068  2069  2110  2109
    2019   1   1   1   0   1   2069  2070  2111  2110
    2020   1   1   1   0   1   2070  2071  2112  2111
 
    ELEM MAT TYP REL ESY SEC        NODES
 
    2021   1   1   1   0   1   2071  2072  2113  2112
    2022   1   1   1   0   1   2072  2073  2114  2113
    2023   1   1   1   0   1   2073  2074  2115  2114
    2024   1   1   1   0   1   2074  2075  2116  2115
    2025   1   1   1   0   1   2075  2076  2117  2116
    2026   1   1   1   0   1   2076  2077  2118  2117
    2027   1   1   1   0   1   2077  2078  2119  2118
    2028   1   1   1   0   1   2078  2079  2120  2119
    2029   1   1   1   0   1   2079  2080  2121  2120
    2030   1   1   1   0   1   2080  2081  2122  2121
    2031   1   1   1   0   1   2081  2082  2123  2122
    2032   1   1   1   0   1   2082  2083  2124  2123
    2033   1   1   1   0   1   2083  2084  2125  2124
    2034   1   1   1   0   1   2084  2085  2126  2125
    2035   1   1   1   0   1   2085  2086  2127  2126
    2036   1   1   1   0   1   2086  2087  2128  2127
    2037   1   1   1   0   1   2087  2088  2129  2128
    2038   1   1   1   0   1   2088  2089  2130  2129
    2039   1   1   1   0   1   2089  2090  2131  2130
    2040   1   1   1   0   1   2090  2091  2132  2131
 
    ELEM MAT TYP REL ESY SEC        NODES
 
    2041   1   1   1   0   1   2092  2093  2134  2133
    2042   1   1   1   0   1   2093  2094  2135  2134
    2043   1   1   1   0   1   2094  2095  2136  2135
    2044   1   1   1   0   1   2095  2096  2137  2136
    2045   1   1   1   0   1   2096  2097  2138  2137
    2046   1   1   1   0   1   2097  2098  2139  2138
    2047   1   1   1   0   1   2098  2099  2140  2139
    2048   1   1   1   0   1   2099  2100  2141  2140
    2049   1   1   1   0   1   2100  2101  2142  2141
    2050   1   1   1   0   1   2101  2102  2143  2142
    2051   1   1   1   0   1   2102  2103  2144  2143
    2052   1   1   1   0   1   2103  2104  2145  2144
    2053   1   1   1   0   1   2104  2105  2146  2145
    2054   1   1   1   0   1   2105  2106  2147  2146
    2055   1   1   1   0   1   2106  2107  2148  2147
    2056   1   1   1   0   1   2107  2108  2149  2148
    2057   1   1   1   0   1   2108  2109  2150  2149
    2058   1   1   1   0   1   2109  2110  2151  2150
    2059   1   1   1   0   1   2110  2111  2152  2151
    2060   1   1   1   0   1   2111  2112  2153  2152
 
    ELEM MAT TYP REL ESY SEC        NODES
 
    2061   1   1   1   0   1   2112  2113  2154  2153
    2062   1   1   1   0   1   2113  2114  2155  2154
    2063   1   1   1   0   1   2114  2115  2156  2155
    2064   1   1   1   0   1   2115  2116  2157  2156
    2065   1   1   1   0   1   2116  2117  2158  2157
    2066   1   1   1   0   1   2117  2118  2159  2158
    2067   1   1   1   0   1   2118  2119  2160  2159
    2068   1   1   1   0   1   2119  2120  2161  2160
    2069   1   1   1   0   1   2120  2121  2162  2161
    2070   1   1   1   0   1   2121  2122  2163  2162
    2071   1   1   1   0   1   2122  2123  2164  2163
    2072   1   1   1   0   1   2123  2124  2165  2164
    2073   1   1   1   0   1   2124  2125  2166  2165
    2074   1   1   1   0   1   2125  2126  2167  2166
    2075   1   1   1   0   1   2126  2127  2168  2167
    2076   1   1   1   0   1   2127  2128  2169  2168
    2077   1   1   1   0   1   2128  2129  2170  2169
    2078   1   1   1   0   1   2129  2130  2171  2170
    2079   1   1   1   0   1   2130  2131  2172  2171
    2080   1   1   1   0   1   2131  2132  2173  2172
 
    ELEM MAT TYP REL ESY SEC        NODES
 
    2081   1   1   1   0   1   2133  2134  2175  2174
    2082   1   1   1   0   1   2134  2135  2176  2175
    2083   1   1   1   0   1   2135  2136  2177  2176
    2084   1   1   1   0   1   2136  2137  2178  2177
    2085   1   1   1   0   1   2137  2138  2179  2178
    2086   1   1   1   0   1   2138  2139  2180  2179
    2087   1   1   1   0   1   2139  2140  2181  2180
    2088   1   1   1   0   1   2140  2141  2182  2181
    2089   1   1   1   0   1   2141  2142  2183  2182
    2090   1   1   1   0   1   2142  2143  2184  2183
    2091   1   1   1   0   1   2143  2144  2185  2184
    2092   1   1   1   0   1   2144  2145  2186  2185
    2093   1   1   1   0   1   2145  2146  2187  2186
    2094   1   1   1   0   1   2146  2147  2188  2187
    2095   1   1   1   0   1   2147  2148  2189  2188
    2096   1   1   1   0   1   2148  2149  2190  2189
    2097   1   1   1   0   1   2149  2150  2191  2190
    2098   1   1   1   0   1   2150  2151  2192  2191
    2099   1   1   1   0   1   2151  2152  2193  2192
    2100   1   1   1   0   1   2152  2153  2194  2193
 
    ELEM MAT TYP REL ESY SEC        NODES
 
    2101   1   1   1   0   1   2153  2154  2195  2194
    2102   1   1   1   0   1   2154  2155  2196  2195
    2103   1   1   1   0   1   2155  2156  2197  2196
    2104   1   1   1   0   1   2156  2157  2198  2197
    2105   1   1   1   0   1   2157  2158  2199  2198
    2106   1   1   1   0   1   2158  2159  2200  2199
    2107   1   1   1   0   1   2159  2160  2201  2200
    2108   1   1   1   0   1   2160  2161  2202  2201
    2109   1   1   1   0   1   2161  2162  2203  2202
    2110   1   1   1   0   1   2162  2163  2204  2203
    2111   1   1   1   0   1   2163  2164  2205  2204
    2112   1   1   1   0   1   2164  2165  2206  2205
    2113   1   1   1   0   1   2165  2166  2207  2206
    2114   1   1   1   0   1   2166  2167  2208  2207
    2115   1   1   1   0   1   2167  2168  2209  2208
    2116   1   1   1   0   1   2168  2169  2210  2209
    2117   1   1   1   0   1   2169  2170  2211  2210
    2118   1   1   1   0   1   2170  2171  2212  2211
    2119   1   1   1   0   1   2171  2172  2213  2212
    2120   1   1   1   0   1   2172  2173  2214  2213
 
    ELEM MAT TYP REL ESY SEC        NODES
 
    2121   1   1   1   0   1   2174  2175  2216  2215
    2122   1   1   1   0   1   2175  2176  2217  2216
    2123   1   1   1   0   1   2176  2177  2218  2217
    2124   1   1   1   0   1   2177  2178  2219  2218
    2125   1   1   1   0   1   2178  2179  2220  2219
    2126   1   1   1   0   1   2179  2180  2221  2220
    2127   1   1   1   0   1   2180  2181  2222  2221
    2128   1   1   1   0   1   2181  2182  2223  2222
    2129   1   1   1   0   1   2182  2183  2224  2223
    2130   1   1   1   0   1   2183  2184  2225  2224
    2131   1   1   1   0   1   2184  2185  2226  2225
    2132   1   1   1   0   1   2185  2186  2227  2226
    2133   1   1   1   0   1   2186  2187  2228  2227
    2134   1   1   1   0   1   2187  2188  2229  2228
    2135   1   1   1   0   1   2188  2189  2230  2229
    2136   1   1   1   0   1   2189  2190  2231  2230
    2137   1   1   1   0   1   2190  2191  2232  2231
    2138   1   1   1   0   1   2191  2192  2233  2232
    2139   1   1   1   0   1   2192  2193  2234  2233
    2140   1   1   1   0   1   2193  2194  2235  2234
 
    ELEM MAT TYP REL ESY SEC        NODES
 
    2141   1   1   1   0   1   2194  2195  2236  2235
    2142   1   1   1   0   1   2195  2196  2237  2236
    2143   1   1   1   0   1   2196  2197  2238  2237
    2144   1   1   1   0   1   2197  2198  2239  2238
    2145   1   1   1   0   1   2198  2199  2240  2239
    2146   1   1   1   0   1   2199  2200  2241  2240
    2147   1   1   1   0   1   2200  2201  2242  2241
    2148   1   1   1   0   1   2201  2202  2243  2242
    2149   1   1   1   0   1   2202  2203  2244  2243
    2150   1   1   1   0   1   2203  2204  2245  2244
    2151   1   1   1   0   1   2204  2205  2246  2245
    2152   1   1   1   0   1   2205  2206  2247  2246
    2153   1   1   1   0   1   2206  2207  2248  2247
    2154   1   1   1   0   1   2207  2208  2249  2248
    2155   1   1   1   0   1   2208  2209  2250  2249
    2156   1   1   1   0   1   2209  2210  2251  2250
    2157   1   1   1   0   1   2210  2211  2252  2251
    2158   1   1   1   0   1   2211  2212  2253  2252
    2159   1   1   1   0   1   2212  2213  2254  2253
    2160   1   1   1   0   1   2213  2214  2255  2254
 
    ELEM MAT TYP REL ESY SEC        NODES
 
    2161   1   1   1   0   1   2215  2216  2257  2256
    2162   1   1   1   0   1   2216  2217  2258  2257
    2163   1   1   1   0   1   2217  2218  2259  2258
    2164   1   1   1   0   1   2218  2219  2260  2259
    2165   1   1   1   0   1   2219  2220  2261  2260
    2166   1   1   1   0   1   2220  2221  2262  2261
    2167   1   1   1   0   1   2221  2222  2263  2262
    2168   1   1   1   0   1   2222  2223  2264  2263
    2169   1   1   1   0   1   2223  2224  2265  2264
    2170   1   1   1   0   1   2224  2225  2266  2265
    2171   1   1   1   0   1   2225  2226  2267  2266
    2172   1   1   1   0   1   2226  2227  2268  2267
    2173   1   1   1   0   1   2227  2228  2269  2268
    2174   1   1   1   0   1   2228  2229  2270  2269
    2175   1   1   1   0   1   2229  2230  2271  2270
    2176   1   1   1   0   1   2230  2231  2272  2271
    2177   1   1   1   0   1   2231  2232  2273  2272
    2178   1   1   1   0   1   2232  2233  2274  2273
    2179   1   1   1   0   1   2233  2234  2275  2274
    2180   1   1   1   0   1   2234  2235  2276  2275
 
    ELEM MAT TYP REL ESY SEC        NODES
 
    2181   1   1   1   0   1   2235  2236  2277  2276
    2182   1   1   1   0   1   2236  2237  2278  2277
    2183   1   1   1   0   1   2237  2238  2279  2278
    2184   1   1   1   0   1   2238  2239  2280  2279
    2185   1   1   1   0   1   2239  2240  2281  2280
    2186   1   1   1   0   1   2240  2241  2282  2281
    2187   1   1   1   0   1   2241  2242  2283  2282
    2188   1   1   1   0   1   2242  2243  2284  2283
    2189   1   1   1   0   1   2243  2244  2285  2284
    2190   1   1   1   0   1   2244  2245  2286  2285
    2191   1   1   1   0   1   2245  2246  2287  2286
    2192   1   1   1   0   1   2246  2247  2288  2287
    2193   1   1   1   0   1   2247  2248  2289  2288
    2194   1   1   1   0   1   2248  2249  2290  2289
    2195   1   1   1   0   1   2249  2250  2291  2290
    2196   1   1   1   0   1   2250  2251  2292  2291
    2197   1   1   1   0   1   2251  2252  2293  2292
    2198   1   1   1   0   1   2252  2253  2294  2293
    2199   1   1   1   0   1   2253  2254  2295  2294
    2200   1   1   1   0   1   2254  2255  2296  2295
 
    ELEM MAT TYP REL ESY SEC        NODES
 
    2201   1   1   1   0   1   2256  2257  2298  2297
    2202   1   1   1   0   1   2257  2258  2299  2298
    2203   1   1   1   0   1   2258  2259  2300  2299
    2204   1   1   1   0   1   2259  2260  2301  2300
    2205   1   1   1   0   1   2260  2261  2302  2301
    2206   1   1   1   0   1   2261  2262  2303  2302
    2207   1   1   1   0   1   2262  2263  2304  2303
    2208   1   1   1   0   1   2263  2264  2305  2304
    2209   1   1   1   0   1   2264  2265  2306  2305
    2210   1   1   1   0   1   2265  2266  2307  2306
    2211   1   1   1   0   1   2266  2267  2308  2307
    2212   1   1   1   0   1   2267  2268  2309  2308
    2213   1   1   1   0   1   2268  2269  2310  2309
    2214   1   1   1   0   1   2269  2270  2311  2310
    2215   1   1   1   0   1   2270  2271  2312  2311
    2216   1   1   1   0   1   2271  2272  2313  2312
    2217   1   1   1   0   1   2272  2273  2314  2313
    2218   1   1   1   0   1   2273  2274  2315  2314
    2219   1   1   1   0   1   2274  2275  2316  2315
    2220   1   1   1   0   1   2275  2276  2317  2316
 
    ELEM MAT TYP REL ESY SEC        NODES
 
    2221   1   1   1   0   1   2276  2277  2318  2317
    2222   1   1   1   0   1   2277  2278  2319  2318
    2223   1   1   1   0   1   2278  2279  2320  2319
    2224   1   1   1   0   1   2279  2280  2321  2320
    2225   1   1   1   0   1   2280  2281  2322  2321
    2226   1   1   1   0   1   2281  2282  2323  2322
    2227   1   1   1   0   1   2282  2283  2324  2323
    2228   1   1   1   0   1   2283  2284  2325  2324
    2229   1   1   1   0   1   2284  2285  2326  2325
    2230   1   1   1   0   1   2285  2286  2327  2326
    2231   1   1   1   0   1   2286  2287  2328  2327
    2232   1   1   1   0   1   2287  2288  2329  2328
    2233   1   1   1   0   1   2288  2289  2330  2329
    2234   1   1   1   0   1   2289  2290  2331  2330
    2235   1   1   1   0   1   2290  2291  2332  2331
    2236   1   1   1   0   1   2291  2292  2333  2332
    2237   1   1   1   0   1   2292  2293  2334  2333
    2238   1   1   1   0   1   2293  2294  2335  2334
    2239   1   1   1   0   1   2294  2295  2336  2335
    2240   1   1   1   0   1   2295  2296  2337  2336
 
    ELEM MAT TYP REL ESY SEC        NODES
 
    2241   1   1   1   0   1   2297  2298  2339  2338
    2242   1   1   1   0   1   2298  2299  2340  2339
    2243   1   1   1   0   1   2299  2300  2341  2340
    2244   1   1   1   0   1   2300  2301  2342  2341
    2245   1   1   1   0   1   2301  2302  2343  2342
    2246   1   1   1   0   1   2302  2303  2344  2343
    2247   1   1   1   0   1   2303  2304  2345  2344
    2248   1   1   1   0   1   2304  2305  2346  2345
    2249   1   1   1   0   1   2305  2306  2347  2346
    2250   1   1   1   0   1   2306  2307  2348  2347
    2251   1   1   1   0   1   2307  2308  2349  2348
    2252   1   1   1   0   1   2308  2309  2350  2349
    2253   1   1   1   0   1   2309  2310  2351  2350
    2254   1   1   1   0   1   2310  2311  2352  2351
    2255   1   1   1   0   1   2311  2312  2353  2352
    2256   1   1   1   0   1   2312  2313  2354  2353
    2257   1   1   1   0   1   2313  2314  2355  2354
    2258   1   1   1   0   1   2314  2315  2356  2355
    2259   1   1   1   0   1   2315  2316  2357  2356
    2260   1   1   1   0   1   2316  2317  2358  2357
 
    ELEM MAT TYP REL ESY SEC        NODES
 
    2261   1   1   1   0   1   2317  2318  2359  2358
    2262   1   1   1   0   1   2318  2319  2360  2359
    2263   1   1   1   0   1   2319  2320  2361  2360
    2264   1   1   1   0   1   2320  2321  2362  2361
    2265   1   1   1   0   1   2321  2322  2363  2362
    2266   1   1   1   0   1   2322  2323  2364  2363
    2267   1   1   1   0   1   2323  2324  2365  2364
    2268   1   1   1   0   1   2324  2325  2366  2365
    2269   1   1   1   0   1   2325  2326  2367  2366
    2270   1   1   1   0   1   2326  2327  2368  2367
    2271   1   1   1   0   1   2327  2328  2369  2368
    2272   1   1   1   0   1   2328  2329  2370  2369
    2273   1   1   1   0   1   2329  2330  2371  2370
    2274   1   1   1   0   1   2330  2331  2372  2371
    2275   1   1   1   0   1   2331  2332  2373  2372
    2276   1   1   1   0   1   2332  2333  2374  2373
    2277   1   1   1   0   1   2333  2334  2375  2374
    2278   1   1   1   0   1   2334  2335  2376  2375
    2279   1   1   1   0   1   2335  2336  2377  2376
    2280   1   1   1   0   1   2336  2337  2378  2377
 
    ELEM MAT TYP REL ESY SEC        NODES
 
    2281   1   1   1   0   1   2338  2339  2380  2379
    2282   1   1   1   0   1   2339  2340  2381  2380
    2283   1   1   1   0   1   2340  2341  2382  2381
    2284   1   1   1   0   1   2341  2342  2383  2382
    2285   1   1   1   0   1   2342  2343  2384  2383
    2286   1   1   1   0   1   2343  2344  2385  2384
    2287   1   1   1   0   1   2344  2345  2386  2385
    2288   1   1   1   0   1   2345  2346  2387  2386
    2289   1   1   1   0   1   2346  2347  2388  2387
    2290   1   1   1   0   1   2347  2348  2389  2388
    2291   1   1   1   0   1   2348  2349  2390  2389
    2292   1   1   1   0   1   2349  2350  2391  2390
    2293   1   1   1   0   1   2350  2351  2392  2391
    2294   1   1   1   0   1   2351  2352  2393  2392
    2295   1   1   1   0   1   2352  2353  2394  2393
    2296   1   1   1   0   1   2353  2354  2395  2394
    2297   1   1   1   0   1   2354  2355  2396  2395
    2298   1   1   1   0   1   2355  2356  2397  2396
    2299   1   1   1   0   1   2356  2357  2398  2397
    2300   1   1   1   0   1   2357  2358  2399  2398
 
    ELEM MAT TYP REL ESY SEC        NODES
 
    2301   1   1   1   0   1   2358  2359  2400  2399
    2302   1   1   1   0   1   2359  2360  2401  2400
    2303   1   1   1   0   1   2360  2361  2402  2401
    2304   1   1   1   0   1   2361  2362  2403  2402
    2305   1   1   1   0   1   2362  2363  2404  2403
    2306   1   1   1   0   1   2363  2364  2405  2404
    2307   1   1   1   0   1   2364  2365  2406  2405
    2308   1   1   1   0   1   2365  2366  2407  2406
    2309   1   1   1   0   1   2366  2367  2408  2407
    2310   1   1   1   0   1   2367  2368  2409  2408
    2311   1   1   1   0   1   2368  2369  2410  2409
    2312   1   1   1   0   1   2369  2370  2411  2410
    2313   1   1   1   0   1   2370  2371  2412  2411
    2314   1   1   1   0   1   2371  2372  2413  2412
    2315   1   1   1   0   1   2372  2373  2414  2413
    2316   1   1   1   0   1   2373  2374  2415  2414
    2317   1   1   1   0   1   2374  2375  2416  2415
    2318   1   1   1   0   1   2375  2376  2417  2416
    2319   1   1   1   0   1   2376  2377  2418  2417
    2320   1   1   1   0   1   2377  2378  2419  2418
 
    ELEM MAT TYP REL ESY SEC        NODES
 
    2321   1   1   1   0   1   2379  2380  2421  2420
    2322   1   1   1   0   1   2380  2381  2422  2421
    2323   1   1   1   0   1   2381  2382  2423  2422
    2324   1   1   1   0   1   2382  2383  2424  2423
    2325   1   1   1   0   1   2383  2384  2425  2424
    2326   1   1   1   0   1   2384  2385  2426  2425
    2327   1   1   1   0   1   2385  2386  2427  2426
    2328   1   1   1   0   1   2386  2387  2428  2427
    2329   1   1   1   0   1   2387  2388  2429  2428
    2330   1   1   1   0   1   2388  2389  2430  2429
    2331   1   1   1   0   1   2389  2390  2431  2430
    2332   1   1   1   0   1   2390  2391  2432  2431
    2333   1   1   1   0   1   2391  2392  2433  2432
    2334   1   1   1   0   1   2392  2393  2434  2433
    2335   1   1   1   0   1   2393  2394  2435  2434
    2336   1   1   1   0   1   2394  2395  2436  2435
    2337   1   1   1   0   1   2395  2396  2437  2436
    2338   1   1   1   0   1   2396  2397  2438  2437
    2339   1   1   1   0   1   2397  2398  2439  2438
    2340   1   1   1   0   1   2398  2399  2440  2439
 
    ELEM MAT TYP REL ESY SEC        NODES
 
    2341   1   1   1   0   1   2399  2400  2441  2440
    2342   1   1   1   0   1   2400  2401  2442  2441
    2343   1   1   1   0   1   2401  2402  2443  2442
    2344   1   1   1   0   1   2402  2403  2444  2443
    2345   1   1   1   0   1   2403  2404  2445  2444
    2346   1   1   1   0   1   2404  2405  2446  2445
    2347   1   1   1   0   1   2405  2406  2447  2446
    2348   1   1   1   0   1   2406  2407  2448  2447
    2349   1   1   1   0   1   2407  2408  2449  2448
    2350   1   1   1   0   1   2408  2409  2450  2449
    2351   1   1   1   0   1   2409  2410  2451  2450
    2352   1   1   1   0   1   2410  2411  2452  2451
    2353   1   1   1   0   1   2411  2412  2453  2452
    2354   1   1   1   0   1   2412  2413  2454  2453
    2355   1   1   1   0   1   2413  2414  2455  2454
    2356   1   1   1   0   1   2414  2415  2456  2455
    2357   1   1   1   0   1   2415  2416  2457  2456
    2358   1   1   1   0   1   2416  2417  2458  2457
    2359   1   1   1   0   1   2417  2418  2459  2458
    2360   1   1   1   0   1   2418  2419  2460  2459
 
    ELEM MAT TYP REL ESY SEC        NODES
 
    2361   1   1   1   0   1   2420  2421  2462  2461
    2362   1   1   1   0   1   2421  2422  2463  2462
    2363   1   1   1   0   1   2422  2423  2464  2463
    2364   1   1   1   0   1   2423  2424  2465  2464
    2365   1   1   1   0   1   2424  2425  2466  2465
    2366   1   1   1   0   1   2425  2426  2467  2466
    2367   1   1   1   0   1   2426  2427  2468  2467
    2368   1   1   1   0   1   2427  2428  2469  2468
    2369   1   1   1   0   1   2428  2429  2470  2469
    2370   1   1   1   0   1   2429  2430  2471  2470
    2371   1   1   1   0   1   2430  2431  2472  2471
    2372   1   1   1   0   1   2431  2432  2473  2472
    2373   1   1   1   0   1   2432  2433  2474  2473
    2374   1   1   1   0   1   2433  2434  2475  2474
    2375   1   1   1   0   1   2434  2435  2476  2475
    2376   1   1   1   0   1   2435  2436  2477  2476
    2377   1   1   1   0   1   2436  2437  2478  2477
    2378   1   1   1   0   1   2437  2438  2479  2478
    2379   1   1   1   0   1   2438  2439  2480  2479
    2380   1   1   1   0   1   2439  2440  2481  2480
 
    ELEM MAT TYP REL ESY SEC        NODES
 
    2381   1   1   1   0   1   2440  2441  2482  2481
    2382   1   1   1   0   1   2441  2442  2483  2482
    2383   1   1   1   0   1   2442  2443  2484  2483
    2384   1   1   1   0   1   2443  2444  2485  2484
    2385   1   1   1   0   1   2444  2445  2486  2485
    2386   1   1   1   0   1   2445  2446  2487  2486
    2387   1   1   1   0   1   2446  2447  2488  2487
    2388   1   1   1   0   1   2447  2448  2489  2488
    2389   1   1   1   0   1   2448  2449  2490  2489
    2390   1   1   1   0   1   2449  2450  2491  2490
    2391   1   1   1   0   1   2450  2451  2492  2491
    2392   1   1   1   0   1   2451  2452  2493  2492
    2393   1   1   1   0   1   2452  2453  2494  2493
    2394   1   1   1   0   1   2453  2454  2495  2494
    2395   1   1   1   0   1   2454  2455  2496  2495
    2396   1   1   1   0   1   2455  2456  2497  2496
    2397   1   1   1   0   1   2456  2457  2498  2497
    2398   1   1   1   0   1   2457  2458  2499  2498
    2399   1   1   1   0   1   2458  2459  2500  2499
    2400   1   1   1   0   1   2459  2460  2501  2500
 
    ELEM MAT TYP REL ESY SEC        NODES
 
    2401   1   2   1   0   1      1    43
    2402   1   2   1   0   1      2    44
    2403   1   2   1   0   1      3    45
    2404   1   2   1   0   1      4    46
    2405   1   2   1   0   1      5    47
    2406   1   2   1   0   1      6    48
    2407   1   2   1   0   1      7    49
    2408   1   2   1   0   1      8    50
    2409   1   2   1   0   1      9    51
    2410   1   2   1   0   1     10    52
    2411   1   2   1   0   1     11    53
    2412   1   2   1   0   1     12    54
    2413   1   2   1   0   1     13    55
    2414   1   2   1   0   1     14    56
    2415   1   2   1   0   1     15    57
    2416   1   2   1   0   1     16    58
    2417   1   2   1   0   1     17    59
    2418   1   2   1   0   1     18    60
    2419   1   2   1   0   1     19    61
    2420   1   2   1   0   1     20    62
 
    ELEM MAT TYP REL ESY SEC        NODES
 
    2421   1   2   1   0   1     21    63
    2422   1   2   1   0   1     22    64
    2423   1   2   1   0   1     23    65
    2424   1   2   1   0   1     24    66
    2425   1   2   1   0   1     25    67
    2426   1   2   1   0   1     26    68
    2427   1   2   1   0   1     27    69
    2428   1   2   1   0   1     28    70
    2429   1   2   1   0   1     29    71
    2430   1   2   1   0   1     30    72
    2431   1   2   1   0   1     31    73
    2432   1   2   1   0   1     32    74
    2433   1   2   1   0   1     33    75
    2434   1   2   1   0   1     34    76
    2435   1   2   1   0   1     35    77
    2436   1   2   1   0   1     36    78
    2437   1   2   1   0   1     37    79
    2438   1   2   1   0   1     38    80
    2439   1   2   1   0   1     39    81
    2440   1   2   1   0   1     40    82
 
    ELEM MAT TYP REL ESY SEC        NODES
 
    2441   1   2   1   0   1     42    84
    2442   1   2   1   0   1     43    85
    2443   1   2   1   0   1     44    86
    2444   1   2   1   0   1     45    87
    2445   1   2   1   0   1     46    88
    2446   1   2   1   0   1     47    89
    2447   1   2   1   0   1     48    90
    2448   1   2   1   0   1     49    91
    2449   1   2   1   0   1     50    92
    2450   1   2   1   0   1     51    93
    2451   1   2   1   0   1     52    94
    2452   1   2   1   0   1     53    95
    2453   1   2   1   0   1     54    96
    2454   1   2   1   0   1     55    97
    2455   1   2   1   0   1     56    98
    2456   1   2   1   0   1     57    99
    2457   1   2   1   0   1     58   100
    2458   1   2   1   0   1     59   101
    2459   1   2   1   0   1     60   102
    2460   1   2   1   0   1     61   103
 
    ELEM MAT TYP REL ESY SEC        NODES
 
    2461   1   2   1   0   1     62   104
    2462   1   2   1   0   1     63   105
    2463   1   2   1   0   1     64   106
    2464   1   2   1   0   1     65   107
    2465   1   2   1   0   1     66   108
    2466   1   2   1   0   1     67   109
    2467   1   2   1   0   1     68   110
    2468   1   2   1   0   1     69   111
    2469   1   2   1   0   1     70   112
    2470   1   2   1   0   1     71   113
    2471   1   2   1   0   1     72   114
    2472   1   2   1   0   1     73   115
    2473   1   2   1   0   1     74   116
    2474   1   2   1   0   1     75   117
    2475   1   2   1   0   1     76   118
    2476   1   2   1   0   1     77   119
    2477   1   2   1   0   1     78   120
    2478   1   2   1   0   1     79   121
    2479   1   2   1   0   1     80   122
    2480   1   2   1   0   1     81   123
 
    ELEM MAT TYP REL ESY SEC        NODES
 
    2481   1   2   1   0   1     83   125
    2482   1   2   1   0   1     84   126
    2483   1   2   1   0   1     85   127
    2484   1   2   1   0   1     86   128
    2485   1   2   1   0   1     87   129
    2486   1   2   1   0   1     88   130
    2487   1   2   1   0   1     89   131
    2488   1   2   1   0   1     90   132
    2489   1   2   1   0   1     91   133
    2490   1   2   1   0   1     92   134
    2491   1   2   1   0   1     93   135
    2492   1   2   1   0   1     94   136
    2493   1   2   1   0   1     95   137
    2494   1   2   1   0   1     96   138
    2495   1   2   1   0   1     97   139
    2496   1   2   1   0   1     98   140
    2497   1   2   1   0   1     99   141
    2498   1   2   1   0   1    100   142
    2499   1   2   1   0   1    101   143
    2500   1   2   1   0   1    102   144
 
    ELEM MAT TYP REL ESY SEC        NODES
 
    2501   1   2   1   0   1    103   145
    2502   1   2   1   0   1    104   146
    2503   1   2   1   0   1    105   147
    2504   1   2   1   0   1    106   148
    2505   1   2   1   0   1    107   149
    2506   1   2   1   0   1    108   150
    2507   1   2   1   0   1    109   151
    2508   1   2   1   0   1    110   152
    2509   1   2   1   0   1    111   153
    2510   1   2   1   0   1    112   154
    2511   1   2   1   0   1    113   155
    2512   1   2   1   0   1    114   156
    2513   1   2   1   0   1    115   157
    2514   1   2   1   0   1    116   158
    2515   1   2   1   0   1    117   159
    2516   1   2   1   0   1    118   160
    2517   1   2   1   0   1    119   161
    2518   1   2   1   0   1    120   162
    2519   1   2   1   0   1    121   163
    2520   1   2   1   0   1    122   164
 
    ELEM MAT TYP REL ESY SEC        NODES
 
    2521   1   2   1   0   1    124   166
    2522   1   2   1   0   1    125   167
    2523   1   2   1   0   1    126   168
    2524   1   2   1   0   1    127   169
    2525   1   2   1   0   1    128   170
    2526   1   2   1   0   1    129   171
    2527   1   2   1   0   1    130   172
    2528   1   2   1   0   1    131   173
    2529   1   2   1   0   1    132   174
    2530   1   2   1   0   1    133   175
    2531   1   2   1   0   1    134   176
    2532   1   2   1   0   1    135   177
    2533   1   2   1   0   1    136   178
    2534   1   2   1   0   1    137   179
    2535   1   2   1   0   1    138   180
    2536   1   2   1   0   1    139   181
    2537   1   2   1   0   1    140   182
    2538   1   2   1   0   1    141   183
    2539   1   2   1   0   1    142   184
    2540   1   2   1   0   1    143   185
 
    ELEM MAT TYP REL ESY SEC        NODES
 
    2541   1   2   1   0   1    144   186
    2542   1   2   1   0   1    145   187
    2543   1   2   1   0   1    146   188
    2544   1   2   1   0   1    147   189
    2545   1   2   1   0   1    148   190
    2546   1   2   1   0   1    149   191
    2547   1   2   1   0   1    150   192
    2548   1   2   1   0   1    151   193
    2549   1   2   1   0   1    152   194
    2550   1   2   1   0   1    153   195
    2551   1   2   1   0   1    154   196
    2552   1   2   1   0   1    155   197
    2553   1   2   1   0   1    156   198
    2554   1   2   1   0   1    157   199
    2555   1   2   1   0   1    158   200
    2556   1   2   1   0   1    159   201
    2557   1   2   1   0   1    160   202
    2558   1   2   1   0   1    161   203
    2559   1   2   1   0   1    162   204
    2560   1   2   1   0   1    163   205
 
    ELEM MAT TYP REL ESY SEC        NODES
 
    2561   1   2   1   0   1    165   207
    2562   1   2   1   0   1    166   208
    2563   1   2   1   0   1    167   209
    2564   1   2   1   0   1    168   210
    2565   1   2   1   0   1    169   211
    2566   1   2   1   0   1    170   212
    2567   1   2   1   0   1    171   213
    2568   1   2   1   0   1    172   214
    2569   1   2   1   0   1    173   215
    2570   1   2   1   0   1    174   216
    2571   1   2   1   0   1    175   217
    2572   1   2   1   0   1    176   218
    2573   1   2   1   0   1    177   219
    2574   1   2   1   0   1    178   220
    2575   1   2   1   0   1    179   221
    2576   1   2   1   0   1    180   222
    2577   1   2   1   0   1    181   223
    2578   1   2   1   0   1    182   224
    2579   1   2   1   0   1    183   225
    2580   1   2   1   0   1    184   226
 
    ELEM MAT TYP REL ESY SEC        NODES
 
    2581   1   2   1   0   1    185   227
    2582   1   2   1   0   1    186   228
    2583   1   2   1   0   1    187   229
    2584   1   2   1   0   1    188   230
    2585   1   2   1   0   1    189   231
    2586   1   2   1   0   1    190   232
    2587   1   2   1   0   1    191   233
    2588   1   2   1   0   1    192   234
    2589   1   2   1   0   1    193   235
    2590   1   2   1   0   1    194   236
    2591   1   2   1   0   1    195   237
    2592   1   2   1   0   1    196   238
    2593   1   2   1   0   1    197   239
    2594   1   2   1   0   1    198   240
    2595   1   2   1   0   1    199   241
    2596   1   2   1   0   1    200   242
    2597   1   2   1   0   1    201   243
    2598   1   2   1   0   1    202   244
    2599   1   2   1   0   1    203   245
    2600   1   2   1   0   1    204   246
 
    ELEM MAT TYP REL ESY SEC        NODES
 
    2601   1   2   1   0   1    206   248
    2602   1   2   1   0   1    207   249
    2603   1   2   1   0   1    208   250
    2604   1   2   1   0   1    209   251
    2605   1   2   1   0   1    210   252
    2606   1   2   1   0   1    211   253
    2607   1   2   1   0   1    212   254
    2608   1   2   1   0   1    213   255
    2609   1   2   1   0   1    214   256
    2610   1   2   1   0   1    215   257
    2611   1   2   1   0   1    216   258
    2612   1   2   1   0   1    217   259
    2613   1   2   1   0   1    218   260
    2614   1   2   1   0   1    219   261
    2615   1   2   1   0   1    220   262
    2616   1   2   1   0   1    221   263
    2617   1   2   1   0   1    222   264
    2618   1   2   1   0   1    223   265
    2619   1   2   1   0   1    224   266
    2620   1   2   1   0   1    225   267
 
    ELEM MAT TYP REL ESY SEC        NODES
 
    2621   1   2   1   0   1    226   268
    2622   1   2   1   0   1    227   269
    2623   1   2   1   0   1    228   270
    2624   1   2   1   0   1    229   271
    2625   1   2   1   0   1    230   272
    2626   1   2   1   0   1    231   273
    2627   1   2   1   0   1    232   274
    2628   1   2   1   0   1    233   275
    2629   1   2   1   0   1    234   276
    2630   1   2   1   0   1    235   277
    2631   1   2   1   0   1    236   278
    2632   1   2   1   0   1    237   279
    2633   1   2   1   0   1    238   280
    2634   1   2   1   0   1    239   281
    2635   1   2   1   0   1    240   282
    2636   1   2   1   0   1    241   283
    2637   1   2   1   0   1    242   284
    2638   1   2   1   0   1    243   285
    2639   1   2   1   0   1    244   286
    2640   1   2   1   0   1    245   287
 
    ELEM MAT TYP REL ESY SEC        NODES
 
    2641   1   2   1   0   1    247   289
    2642   1   2   1   0   1    248   290
    2643   1   2   1   0   1    249   291
    2644   1   2   1   0   1    250   292
    2645   1   2   1   0   1    251   293
    2646   1   2   1   0   1    252   294
    2647   1   2   1   0   1    253   295
    2648   1   2   1   0   1    254   296
    2649   1   2   1   0   1    255   297
    2650   1   2   1   0   1    256   298
    2651   1   2   1   0   1    257   299
    2652   1   2   1   0   1    258   300
    2653   1   2   1   0   1    259   301
    2654   1   2   1   0   1    260   302
    2655   1   2   1   0   1    261   303
    2656   1   2   1   0   1    262   304
    2657   1   2   1   0   1    263   305
    2658   1   2   1   0   1    264   306
    2659   1   2   1   0   1    265   307
    2660   1   2   1   0   1    266   308
 
    ELEM MAT TYP REL ESY SEC        NODES
 
    2661   1   2   1   0   1    267   309
    2662   1   2   1   0   1    268   310
    2663   1   2   1   0   1    269   311
    2664   1   2   1   0   1    270   312
    2665   1   2   1   0   1    271   313
    2666   1   2   1   0   1    272   314
    2667   1   2   1   0   1    273   315
    2668   1   2   1   0   1    274   316
    2669   1   2   1   0   1    275   317
    2670   1   2   1   0   1    276   318
    2671   1   2   1   0   1    277   319
    2672   1   2   1   0   1    278   320
    2673   1   2   1   0   1    279   321
    2674   1   2   1   0   1    280   322
    2675   1   2   1   0   1    281   323
    2676   1   2   1   0   1    282   324
    2677   1   2   1   0   1    283   325
    2678   1   2   1   0   1    284   326
    2679   1   2   1   0   1    285   327
    2680   1   2   1   0   1    286   328
 
    ELEM MAT TYP REL ESY SEC        NODES
 
    2681   1   2   1   0   1    288   330
    2682   1   2   1   0   1    289   331
    2683   1   2   1   0   1    290   332
    2684   1   2   1   0   1    291   333
    2685   1   2   1   0   1    292   334
    2686   1   2   1   0   1    293   335
    2687   1   2   1   0   1    294   336
    2688   1   2   1   0   1    295   337
    2689   1   2   1   0   1    296   338
    2690   1   2   1   0   1    297   339
    2691   1   2   1   0   1    298   340
    2692   1   2   1   0   1    299   341
    2693   1   2   1   0   1    300   342
    2694   1   2   1   0   1    301   343
    2695   1   2   1   0   1    302   344
    2696   1   2   1   0   1    303   345
    2697   1   2   1   0   1    304   346
    2698   1   2   1   0   1    305   347
    2699   1   2   1   0   1    306   348
    2700   1   2   1   0   1    307   349
 
    ELEM MAT TYP REL ESY SEC        NODES
 
    2701   1   2   1   0   1    308   350
    2702   1   2   1   0   1    309   351
    2703   1   2   1   0   1    310   352
    2704   1   2   1   0   1    311   353
    2705   1   2   1   0   1    312   354
    2706   1   2   1   0   1    313   355
    2707   1   2   1   0   1    314   356
    2708   1   2   1   0   1    315   357
    2709   1   2   1   0   1    316   358
    2710   1   2   1   0   1    317   359
    2711   1   2   1   0   1    318   360
    2712   1   2   1   0   1    319   361
    2713   1   2   1   0   1    320   362
    2714   1   2   1   0   1    321   363
    2715   1   2   1   0   1    322   364
    2716   1   2   1   0   1    323   365
    2717   1   2   1   0   1    324   366
    2718   1   2   1   0   1    325   367
    2719   1   2   1   0   1    326   368
    2720   1   2   1   0   1    327   369
 
    ELEM MAT TYP REL ESY SEC        NODES
 
    2721   1   2   1   0   1    329   371
    2722   1   2   1   0   1    330   372
    2723   1   2   1   0   1    331   373
    2724   1   2   1   0   1    332   374
    2725   1   2   1   0   1    333   375
    2726   1   2   1   0   1    334   376
    2727   1   2   1   0   1    335   377
    2728   1   2   1   0   1    336   378
    2729   1   2   1   0   1    337   379
    2730   1   2   1   0   1    338   380
    2731   1   2   1   0   1    339   381
    2732   1   2   1   0   1    340   382
    2733   1   2   1   0   1    341   383
    2734   1   2   1   0   1    342   384
    2735   1   2   1   0   1    343   385
    2736   1   2   1   0   1    344   386
    2737   1   2   1   0   1    345   387
    2738   1   2   1   0   1    346   388
    2739   1   2   1   0   1    347   389
    2740   1   2   1   0   1    348   390
 
    ELEM MAT TYP REL ESY SEC        NODES
 
    2741   1   2   1   0   1    349   391
    2742   1   2   1   0   1    350   392
    2743   1   2   1   0   1    351   393
    2744   1   2   1   0   1    352   394
    2745   1   2   1   0   1    353   395
    2746   1   2   1   0   1    354   396
    2747   1   2   1   0   1    355   397
    2748   1   2   1   0   1    356   398
    2749   1   2   1   0   1    357   399
    2750   1   2   1   0   1    358   400
    2751   1   2   1   0   1    359   401
    2752   1   2   1   0   1    360   402
    2753   1   2   1   0   1    361   403
    2754   1   2   1   0   1    362   404
    2755   1   2   1   0   1    363   405
    2756   1   2   1   0   1    364   406
    2757   1   2   1   0   1    365   407
    2758   1   2   1   0   1    366   408
    2759   1   2   1   0   1    367   409
    2760   1   2   1   0   1    368   410
 
    ELEM MAT TYP REL ESY SEC        NODES
 
    2761   1   2   1   0   1    370   412
    2762   1   2   1   0   1    371   413
    2763   1   2   1   0   1    372   414
    2764   1   2   1   0   1    373   415
    2765   1   2   1   0   1    374   416
    2766   1   2   1   0   1    375   417
    2767   1   2   1   0   1    376   418
    2768   1   2   1   0   1    377   419
    2769   1   2   1   0   1    378   420
    2770   1   2   1   0   1    379   421
    2771   1   2   1   0   1    380   422
    2772   1   2   1   0   1    381   423
    2773   1   2   1   0   1    382   424
    2774   1   2   1   0   1    383   425
    2775   1   2   1   0   1    384   426
    2776   1   2   1   0   1    385   427
    2777   1   2   1   0   1    386   428
    2778   1   2   1   0   1    387   429
    2779   1   2   1   0   1    388   430
    2780   1   2   1   0   1    389   431
 
    ELEM MAT TYP REL ESY SEC        NODES
 
    2781   1   2   1   0   1    390   432
    2782   1   2   1   0   1    391   433
    2783   1   2   1   0   1    392   434
    2784   1   2   1   0   1    393   435
    2785   1   2   1   0   1    394   436
    2786   1   2   1   0   1    395   437
    2787   1   2   1   0   1    396   438
    2788   1   2   1   0   1    397   439
    2789   1   2   1   0   1    398   440
    2790   1   2   1   0   1    399   441
    2791   1   2   1   0   1    400   442
    2792   1   2   1   0   1    401   443
    2793   1   2   1   0   1    402   444
    2794   1   2   1   0   1    403   445
    2795   1   2   1   0   1    404   446
    2796   1   2   1   0   1    405   447
    2797   1   2   1   0   1    406   448
    2798   1   2   1   0   1    407   449
    2799   1   2   1   0   1    408   450
    2800   1   2   1   0   1    409   451
 
    ELEM MAT TYP REL ESY SEC        NODES
 
    2801   1   2   1   0   1    411   453
    2802   1   2   1   0   1    412   454
    2803   1   2   1   0   1    413   455
    2804   1   2   1   0   1    414   456
    2805   1   2   1   0   1    415   457
    2806   1   2   1   0   1    416   458
    2807   1   2   1   0   1    417   459
    2808   1   2   1   0   1    418   460
    2809   1   2   1   0   1    419   461
    2810   1   2   1   0   1    420   462
    2811   1   2   1   0   1    421   463
    2812   1   2   1   0   1    422   464
    2813   1   2   1   0   1    423   465
    2814   1   2   1   0   1    424   466
    2815   1   2   1   0   1    425   467
    2816   1   2   1   0   1    426   468
    2817   1   2   1   0   1    427   469
    2818   1   2   1   0   1    428   470
    2819   1   2   1   0   1    429   471
    2820   1   2   1   0   1    430   472
 
    ELEM MAT TYP REL ESY SEC        NODES
 
    2821   1   2   1   0   1    431   473
    2822   1   2   1   0   1    432   474
    2823   1   2   1   0   1    433   475
    2824   1   2   1   0   1    434   476
    2825   1   2   1   0   1    435   477
    2826   1   2   1   0   1    436   478
    2827   1   2   1   0   1    437   479
    2828   1   2   1   0   1    438   480
    2829   1   2   1   0   1    439   481
    2830   1   2   1   0   1    440   482
    2831   1   2   1   0   1    441   483
    2832   1   2   1   0   1    442   484
    2833   1   2   1   0   1    443   485
    2834   1   2   1   0   1    444   486
    2835   1   2   1   0   1    445   487
    2836   1   2   1   0   1    446   488
    2837   1   2   1   0   1    447   489
    2838   1   2   1   0   1    448   490
    2839   1   2   1   0   1    449   491
    2840   1   2   1   0   1    450   492
 
    ELEM MAT TYP REL ESY SEC        NODES
 
    2841   1   2   1   0   1    452   494
    2842   1   2   1   0   1    453   495
    2843   1   2   1   0   1    454   496
    2844   1   2   1   0   1    455   497
    2845   1   2   1   0   1    456   498
    2846   1   2   1   0   1    457   499
    2847   1   2   1   0   1    458   500
    2848   1   2   1   0   1    459   501
    2849   1   2   1   0   1    460   502
    2850   1   2   1   0   1    461   503
    2851   1   2   1   0   1    462   504
    2852   1   2   1   0   1    463   505
    2853   1   2   1   0   1    464   506
    2854   1   2   1   0   1    465   507
    2855   1   2   1   0   1    466   508
    2856   1   2   1   0   1    467   509
    2857   1   2   1   0   1    468   510
    2858   1   2   1   0   1    469   511
    2859   1   2   1   0   1    470   512
    2860   1   2   1   0   1    471   513
 
    ELEM MAT TYP REL ESY SEC        NODES
 
    2861   1   2   1   0   1    472   514
    2862   1   2   1   0   1    473   515
    2863   1   2   1   0   1    474   516
    2864   1   2   1   0   1    475   517
    2865   1   2   1   0   1    476   518
    2866   1   2   1   0   1    477   519
    2867   1   2   1   0   1    478   520
    2868   1   2   1   0   1    479   521
    2869   1   2   1   0   1    480   522
    2870   1   2   1   0   1    481   523
    2871   1   2   1   0   1    482   524
    2872   1   2   1   0   1    483   525
    2873   1   2   1   0   1    484   526
    2874   1   2   1   0   1    485   527
    2875   1   2   1   0   1    486   528
    2876   1   2   1   0   1    487   529
    2877   1   2   1   0   1    488   530
    2878   1   2   1   0   1    489   531
    2879   1   2   1   0   1    490   532
    2880   1   2   1   0   1    491   533
 
    ELEM MAT TYP REL ESY SEC        NODES
 
    2881   1   2   1   0   1    493   535
    2882   1   2   1   0   1    494   536
    2883   1   2   1   0   1    495   537
    2884   1   2   1   0   1    496   538
    2885   1   2   1   0   1    497   539
    2886   1   2   1   0   1    498   540
    2887   1   2   1   0   1    499   541
    2888   1   2   1   0   1    500   542
    2889   1   2   1   0   1    501   543
    2890   1   2   1   0   1    502   544
    2891   1   2   1   0   1    503   545
    2892   1   2   1   0   1    504   546
    2893   1   2   1   0   1    505   547
    2894   1   2   1   0   1    506   548
    2895   1   2   1   0   1    507   549
    2896   1   2   1   0   1    508   550
    2897   1   2   1   0   1    509   551
    2898   1   2   1   0   1    510   552
    2899   1   2   1   0   1    511   553
    2900   1   2   1   0   1    512   554
 
    ELEM MAT TYP REL ESY SEC        NODES
 
    2901   1   2   1   0   1    513   555
    2902   1   2   1   0   1    514   556
    2903   1   2   1   0   1    515   557
    2904   1   2   1   0   1    516   558
    2905   1   2   1   0   1    517   559
    2906   1   2   1   0   1    518   560
    2907   1   2   1   0   1    519   561
    2908   1   2   1   0   1    520   562
    2909   1   2   1   0   1    521   563
    2910   1   2   1   0   1    522   564
    2911   1   2   1   0   1    523   565
    2912   1   2   1   0   1    524   566
    2913   1   2   1   0   1    525   567
    2914   1   2   1   0   1    526   568
    2915   1   2   1   0   1    527   569
    2916   1   2   1   0   1    528   570
    2917   1   2   1   0   1    529   571
    2918   1   2   1   0   1    530   572
    2919   1   2   1   0   1    531   573
    2920   1   2   1   0   1    532   574
 
    ELEM MAT TYP REL ESY SEC        NODES
 
    2921   1   2   1   0   1    534   576
    2922   1   2   1   0   1    535   577
    2923   1   2   1   0   1    536   578
    2924   1   2   1   0   1    537   579
    2925   1   2   1   0   1    538   580
    2926   1   2   1   0   1    539   581
    2927   1   2   1   0   1    540   582
    2928   1   2   1   0   1    541   583
    2929   1   2   1   0   1    542   584
    2930   1   2   1   0   1    543   585
    2931   1   2   1   0   1    544   586
    2932   1   2   1   0   1    545   587
    2933   1   2   1   0   1    546   588
    2934   1   2   1   0   1    547   589
    2935   1   2   1   0   1    548   590
    2936   1   2   1   0   1    549   591
    2937   1   2   1   0   1    550   592
    2938   1   2   1   0   1    551   593
    2939   1   2   1   0   1    552   594
    2940   1   2   1   0   1    553   595
 
    ELEM MAT TYP REL ESY SEC        NODES
 
    2941   1   2   1   0   1    554   596
    2942   1   2   1   0   1    555   597
    2943   1   2   1   0   1    556   598
    2944   1   2   1   0   1    557   599
    2945   1   2   1   0   1    558   600
    2946   1   2   1   0   1    559   601
    2947   1   2   1   0   1    560   602
    2948   1   2   1   0   1    561   603
    2949   1   2   1   0   1    562   604
    2950   1   2   1   0   1    563   605
    2951   1   2   1   0   1    564   606
    2952   1   2   1   0   1    565   607
    2953   1   2   1   0   1    566   608
    2954   1   2   1   0   1    567   609
    2955   1   2   1   0   1    568   610
    2956   1   2   1   0   1    569   611
    2957   1   2   1   0   1    570   612
    2958   1   2   1   0   1    571   613
    2959   1   2   1   0   1    572   614
    2960   1   2   1   0   1    573   615
 
    ELEM MAT TYP REL ESY SEC        NODES
 
    2961   1   2   1   0   1    575   617
    2962   1   2   1   0   1    576   618
    2963   1   2   1   0   1    577   619
    2964   1   2   1   0   1    578   620
    2965   1   2   1   0   1    579   621
    2966   1   2   1   0   1    580   622
    2967   1   2   1   0   1    581   623
    2968   1   2   1   0   1    582   624
    2969   1   2   1   0   1    583   625
    2970   1   2   1   0   1    584   626
    2971   1   2   1   0   1    585   627
    2972   1   2   1   0   1    586   628
    2973   1   2   1   0   1    587   629
    2974   1   2   1   0   1    588   630
    2975   1   2   1   0   1    589   631
    2976   1   2   1   0   1    590   632
    2977   1   2   1   0   1    591   633
    2978   1   2   1   0   1    592   634
    2979   1   2   1   0   1    593   635
    2980   1   2   1   0   1    594   636
 
    ELEM MAT TYP REL ESY SEC        NODES
 
    2981   1   2   1   0   1    595   637
    2982   1   2   1   0   1    596   638
    2983   1   2   1   0   1    597   639
    2984   1   2   1   0   1    598   640
    2985   1   2   1   0   1    599   641
    2986   1   2   1   0   1    600   642
    2987   1   2   1   0   1    601   643
    2988   1   2   1   0   1    602   644
    2989   1   2   1   0   1    603   645
    2990   1   2   1   0   1    604   646
    2991   1   2   1   0   1    605   647
    2992   1   2   1   0   1    606   648
    2993   1   2   1   0   1    607   649
    2994   1   2   1   0   1    608   650
    2995   1   2   1   0   1    609   651
    2996   1   2   1   0   1    610   652
    2997   1   2   1   0   1    611   653
    2998   1   2   1   0   1    612   654
    2999   1   2   1   0   1    613   655
    3000   1   2   1   0   1    614   656
 
    ELEM MAT TYP REL ESY SEC        NODES
 
    3001   1   2   1   0   1    616   658
    3002   1   2   1   0   1    617   659
    3003   1   2   1   0   1    618   660
    3004   1   2   1   0   1    619   661
    3005   1   2   1   0   1    620   662
    3006   1   2   1   0   1    621   663
    3007   1   2   1   0   1    622   664
    3008   1   2   1   0   1    623   665
    3009   1   2   1   0   1    624   666
    3010   1   2   1   0   1    625   667
    3011   1   2   1   0   1    626   668
    3012   1   2   1   0   1    627   669
    3013   1   2   1   0   1    628   670
    3014   1   2   1   0   1    629   671
    3015   1   2   1   0   1    630   672
    3016   1   2   1   0   1    631   673
    3017   1   2   1   0   1    632   674
    3018   1   2   1   0   1    633   675
    3019   1   2   1   0   1    634   676
    3020   1   2   1   0   1    635   677
 
    ELEM MAT TYP REL ESY SEC        NODES
 
    3021   1   2   1   0   1    636   678
    3022   1   2   1   0   1    637   679
    3023   1   2   1   0   1    638   680
    3024   1   2   1   0   1    639   681
    3025   1   2   1   0   1    640   682
    3026   1   2   1   0   1    641   683
    3027   1   2   1   0   1    642   684
    3028   1   2   1   0   1    643   685
    3029   1   2   1   0   1    644   686
    3030   1   2   1   0   1    645   687
    3031   1   2   1   0   1    646   688
    3032   1   2   1   0   1    647   689
    3033   1   2   1   0   1    648   690
    3034   1   2   1   0   1    649   691
    3035   1   2   1   0   1    650   692
    3036   1   2   1   0   1    651   693
    3037   1   2   1   0   1    652   694
    3038   1   2   1   0   1    653   695
    3039   1   2   1   0   1    654   696
    3040   1   2   1   0   1    655   697
 
    ELEM MAT TYP REL ESY SEC        NODES
 
    3041   1   2   1   0   1    657   699
    3042   1   2   1   0   1    658   700
    3043   1   2   1   0   1    659   701
    3044   1   2   1   0   1    660   702
    3045   1   2   1   0   1    661   703
    3046   1   2   1   0   1    662   704
    3047   1   2   1   0   1    663   705
    3048   1   2   1   0   1    664   706
    3049   1   2   1   0   1    665   707
    3050   1   2   1   0   1    666   708
    3051   1   2   1   0   1    667   709
    3052   1   2   1   0   1    668   710
    3053   1   2   1   0   1    669   711
    3054   1   2   1   0   1    670   712
    3055   1   2   1   0   1    671   713
    3056   1   2   1   0   1    672   714
    3057   1   2   1   0   1    673   715
    3058   1   2   1   0   1    674   716
    3059   1   2   1   0   1    675   717
    3060   1   2   1   0   1    676   718
 
    ELEM MAT TYP REL ESY SEC        NODES
 
    3061   1   2   1   0   1    677   719
    3062   1   2   1   0   1    678   720
    3063   1   2   1   0   1    679   721
    3064   1   2   1   0   1    680   722
    3065   1   2   1   0   1    681   723
    3066   1   2   1   0   1    682   724
    3067   1   2   1   0   1    683   725
    3068   1   2   1   0   1    684   726
    3069   1   2   1   0   1    685   727
    3070   1   2   1   0   1    686   728
    3071   1   2   1   0   1    687   729
    3072   1   2   1   0   1    688   730
    3073   1   2   1   0   1    689   731
    3074   1   2   1   0   1    690   732
    3075   1   2   1   0   1    691   733
    3076   1   2   1   0   1    692   734
    3077   1   2   1   0   1    693   735
    3078   1   2   1   0   1    694   736
    3079   1   2   1   0   1    695   737
    3080   1   2   1   0   1    696   738
 
    ELEM MAT TYP REL ESY SEC        NODES
 
    3081   1   2   1   0   1    698   740
    3082   1   2   1   0   1    699   741
    3083   1   2   1   0   1    700   742
    3084   1   2   1   0   1    701   743
    3085   1   2   1   0   1    702   744
    3086   1   2   1   0   1    703   745
    3087   1   2   1   0   1    704   746
    3088   1   2   1   0   1    705   747
    3089   1   2   1   0   1    706   748
    3090   1   2   1   0   1    707   749
    3091   1   2   1   0   1    708   750
    3092   1   2   1   0   1    709   751
    3093   1   2   1   0   1    710   752
    3094   1   2   1   0   1    711   753
    3095   1   2   1   0   1    712   754
    3096   1   2   1   0   1    713   755
    3097   1   2   1   0   1    714   756
    3098   1   2   1   0   1    715   757
    3099   1   2   1   0   1    716   758
    3100   1   2   1   0   1    717   759
 
    ELEM MAT TYP REL ESY SEC        NODES
 
    3101   1   2   1   0   1    718   760
    3102   1   2   1   0   1    719   761
    3103   1   2   1   0   1    720   762
    3104   1   2   1   0   1    721   763
    3105   1   2   1   0   1    722   764
    3106   1   2   1   0   1    723   765
    3107   1   2   1   0   1    724   766
    3108   1   2   1   0   1    725   767
    3109   1   2   1   0   1    726   768
    3110   1   2   1   0   1    727   769
    3111   1   2   1   0   1    728   770
    3112   1   2   1   0   1    729   771
    3113   1   2   1   0   1    730   772
    3114   1   2   1   0   1    731   773
    3115   1   2   1   0   1    732   774
    3116   1   2   1   0   1    733   775
    3117   1   2   1   0   1    734   776
    3118   1   2   1   0   1    735   777
    3119   1   2   1   0   1    736   778
    3120   1   2   1   0   1    737   779
 
    ELEM MAT TYP REL ESY SEC        NODES
 
    3121   1   2   1   0   1    739   781
    3122   1   2   1   0   1    740   782
    3123   1   2   1   0   1    741   783
    3124   1   2   1   0   1    742   784
    3125   1   2   1   0   1    743   785
    3126   1   2   1   0   1    744   786
    3127   1   2   1   0   1    745   787
    3128   1   2   1   0   1    746   788
    3129   1   2   1   0   1    747   789
    3130   1   2   1   0   1    748   790
    3131   1   2   1   0   1    749   791
    3132   1   2   1   0   1    750   792
    3133   1   2   1   0   1    751   793
    3134   1   2   1   0   1    752   794
    3135   1   2   1   0   1    753   795
    3136   1   2   1   0   1    754   796
    3137   1   2   1   0   1    755   797
    3138   1   2   1   0   1    756   798
    3139   1   2   1   0   1    757   799
    3140   1   2   1   0   1    758   800
 
    ELEM MAT TYP REL ESY SEC        NODES
 
    3141   1   2   1   0   1    759   801
    3142   1   2   1   0   1    760   802
    3143   1   2   1   0   1    761   803
    3144   1   2   1   0   1    762   804
    3145   1   2   1   0   1    763   805
    3146   1   2   1   0   1    764   806
    3147   1   2   1   0   1    765   807
    3148   1   2   1   0   1    766   808
    3149   1   2   1   0   1    767   809
    3150   1   2   1   0   1    768   810
    3151   1   2   1   0   1    769   811
    3152   1   2   1   0   1    770   812
    3153   1   2   1   0   1    771   813
    3154   1   2   1   0   1    772   814
    3155   1   2   1   0   1    773   815
    3156   1   2   1   0   1    774   816
    3157   1   2   1   0   1    775   817
    3158   1   2   1   0   1    776   818
    3159   1   2   1   0   1    777   819
    3160   1   2   1   0   1    778   820
 
    ELEM MAT TYP REL ESY SEC        NODES
 
    3161   1   2   1   0   1    780   822
    3162   1   2   1   0   1    781   823
    3163   1   2   1   0   1    782   824
    3164   1   2   1   0   1    783   825
    3165   1   2   1   0   1    784   826
    3166   1   2   1   0   1    785   827
    3167   1   2   1   0   1    786   828
    3168   1   2   1   0   1    787   829
    3169   1   2   1   0   1    788   830
    3170   1   2   1   0   1    789   831
    3171   1   2   1   0   1    790   832
    3172   1   2   1   0   1    791   833
    3173   1   2   1   0   1    792   834
    3174   1   2   1   0   1    793   835
    3175   1   2   1   0   1    794   836
    3176   1   2   1   0   1    795   837
    3177   1   2   1   0   1    796   838
    3178   1   2   1   0   1    797   839
    3179   1   2   1   0   1    798   840
    3180   1   2   1   0   1    799   841
 
    ELEM MAT TYP REL ESY SEC        NODES
 
    3181   1   2   1   0   1    800   842
    3182   1   2   1   0   1    801   843
    3183   1   2   1   0   1    802   844
    3184   1   2   1   0   1    803   845
    3185   1   2   1   0   1    804   846
    3186   1   2   1   0   1    805   847
    3187   1   2   1   0   1    806   848
    3188   1   2   1   0   1    807   849
    3189   1   2   1   0   1    808   850
    3190   1   2   1   0   1    809   851
    3191   1   2   1   0   1    810   852
    3192   1   2   1   0   1    811   853
    3193   1   2   1   0   1    812   854
    3194   1   2   1   0   1    813   855
    3195   1   2   1   0   1    814   856
    3196   1   2   1   0   1    815   857
    3197   1   2   1   0   1    816   858
    3198   1   2   1   0   1    817   859
    3199   1   2   1   0   1    818   860
    3200   1   2   1   0   1    819   861
 
    ELEM MAT TYP REL ESY SEC        NODES
 
    3201   1   2   1   0   1    821   863
    3202   1   2   1   0   1    822   864
    3203   1   2   1   0   1    823   865
    3204   1   2   1   0   1    824   866
    3205   1   2   1   0   1    825   867
    3206   1   2   1   0   1    826   868
    3207   1   2   1   0   1    827   869
    3208   1   2   1   0   1    828   870
    3209   1   2   1   0   1    829   871
    3210   1   2   1   0   1    830   872
    3211   1   2   1   0   1    831   873
    3212   1   2   1   0   1    832   874
    3213   1   2   1   0   1    833   875
    3214   1   2   1   0   1    834   876
    3215   1   2   1   0   1    835   877
    3216   1   2   1   0   1    836   878
    3217   1   2   1   0   1    837   879
    3218   1   2   1   0   1    838   880
    3219   1   2   1   0   1    839   881
    3220   1   2   1   0   1    840   882
 
    ELEM MAT TYP REL ESY SEC        NODES
 
    3221   1   2   1   0   1    841   883
    3222   1   2   1   0   1    842   884
    3223   1   2   1   0   1    843   885
    3224   1   2   1   0   1    844   886
    3225   1   2   1   0   1    845   887
    3226   1   2   1   0   1    846   888
    3227   1   2   1   0   1    847   889
    3228   1   2   1   0   1    848   890
    3229   1   2   1   0   1    849   891
    3230   1   2   1   0   1    850   892
    3231   1   2   1   0   1    851   893
    3232   1   2   1   0   1    852   894
    3233   1   2   1   0   1    853   895
    3234   1   2   1   0   1    854   896
    3235   1   2   1   0   1    855   897
    3236   1   2   1   0   1    856   898
    3237   1   2   1   0   1    857   899
    3238   1   2   1   0   1    858   900
    3239   1   2   1   0   1    859   901
    3240   1   2   1   0   1    860   902
 
    ELEM MAT TYP REL ESY SEC        NODES
 
    3241   1   2   1   0   1    862   904
    3242   1   2   1   0   1    863   905
    3243   1   2   1   0   1    864   906
    3244   1   2   1   0   1    865   907
    3245   1   2   1   0   1    866   908
    3246   1   2   1   0   1    867   909
    3247   1   2   1   0   1    868   910
    3248   1   2   1   0   1    869   911
    3249   1   2   1   0   1    870   912
    3250   1   2   1   0   1    871   913
    3251   1   2   1   0   1    872   914
    3252   1   2   1   0   1    873   915
    3253   1   2   1   0   1    874   916
    3254   1   2   1   0   1    875   917
    3255   1   2   1   0   1    876   918
    3256   1   2   1   0   1    877   919
    3257   1   2   1   0   1    878   920
    3258   1   2   1   0   1    879   921
    3259   1   2   1   0   1    880   922
    3260   1   2   1   0   1    881   923
 
    ELEM MAT TYP REL ESY SEC        NODES
 
    3261   1   2   1   0   1    882   924
    3262   1   2   1   0   1    883   925
    3263   1   2   1   0   1    884   926
    3264   1   2   1   0   1    885   927
    3265   1   2   1   0   1    886   928
    3266   1   2   1   0   1    887   929
    3267   1   2   1   0   1    888   930
    3268   1   2   1   0   1    889   931
    3269   1   2   1   0   1    890   932
    3270   1   2   1   0   1    891   933
    3271   1   2   1   0   1    892   934
    3272   1   2   1   0   1    893   935
    3273   1   2   1   0   1    894   936
    3274   1   2   1   0   1    895   937
    3275   1   2   1   0   1    896   938
    3276   1   2   1   0   1    897   939
    3277   1   2   1   0   1    898   940
    3278   1   2   1   0   1    899   941
    3279   1   2   1   0   1    900   942
    3280   1   2   1   0   1    901   943
 
    ELEM MAT TYP REL ESY SEC        NODES
 
    3281   1   2   1   0   1    903   945
    3282   1   2   1   0   1    904   946
    3283   1   2   1   0   1    905   947
    3284   1   2   1   0   1    906   948
    3285   1   2   1   0   1    907   949
    3286   1   2   1   0   1    908   950
    3287   1   2   1   0   1    909   951
    3288   1   2   1   0   1    910   952
    3289   1   2   1   0   1    911   953
    3290   1   2   1   0   1    912   954
    3291   1   2   1   0   1    913   955
    3292   1   2   1   0   1    914   956
    3293   1   2   1   0   1    915   957
    3294   1   2   1   0   1    916   958
    3295   1   2   1   0   1    917   959
    3296   1   2   1   0   1    918   960
    3297   1   2   1   0   1    919   961
    3298   1   2   1   0   1    920   962
    3299   1   2   1   0   1    921   963
    3300   1   2   1   0   1    922   964
 
    ELEM MAT TYP REL ESY SEC        NODES
 
    3301   1   2   1   0   1    923   965
    3302   1   2   1   0   1    924   966
    3303   1   2   1   0   1    925   967
    3304   1   2   1   0   1    926   968
    3305   1   2   1   0   1    927   969
    3306   1   2   1   0   1    928   970
    3307   1   2   1   0   1    929   971
    3308   1   2   1   0   1    930   972
    3309   1   2   1   0   1    931   973
    3310   1   2   1   0   1    932   974
    3311   1   2   1   0   1    933   975
    3312   1   2   1   0   1    934   976
    3313   1   2   1   0   1    935   977
    3314   1   2   1   0   1    936   978
    3315   1   2   1   0   1    937   979
    3316   1   2   1   0   1    938   980
    3317   1   2   1   0   1    939   981
    3318   1   2   1   0   1    940   982
    3319   1   2   1   0   1    941   983
    3320   1   2   1   0   1    942   984
 
    ELEM MAT TYP REL ESY SEC        NODES
 
    3321   1   2   1   0   1    944   986
    3322   1   2   1   0   1    945   987
    3323   1   2   1   0   1    946   988
    3324   1   2   1   0   1    947   989
    3325   1   2   1   0   1    948   990
    3326   1   2   1   0   1    949   991
    3327   1   2   1   0   1    950   992
    3328   1   2   1   0   1    951   993
    3329   1   2   1   0   1    952   994
    3330   1   2   1   0   1    953   995
    3331   1   2   1   0   1    954   996
    3332   1   2   1   0   1    955   997
    3333   1   2   1   0   1    956   998
    3334   1   2   1   0   1    957   999
    3335   1   2   1   0   1    958  1000
    3336   1   2   1   0   1    959  1001
    3337   1   2   1   0   1    960  1002
    3338   1   2   1   0   1    961  1003
    3339   1   2   1   0   1    962  1004
    3340   1   2   1   0   1    963  1005
 
    ELEM MAT TYP REL ESY SEC        NODES
 
    3341   1   2   1   0   1    964  1006
    3342   1   2   1   0   1    965  1007
    3343   1   2   1   0   1    966  1008
    3344   1   2   1   0   1    967  1009
    3345   1   2   1   0   1    968  1010
    3346   1   2   1   0   1    969  1011
    3347   1   2   1   0   1    970  1012
    3348   1   2   1   0   1    971  1013
    3349   1   2   1   0   1    972  1014
    3350   1   2   1   0   1    973  1015
    3351   1   2   1   0   1    974  1016
    3352   1   2   1   0   1    975  1017
    3353   1   2   1   0   1    976  1018
    3354   1   2   1   0   1    977  1019
    3355   1   2   1   0   1    978  1020
    3356   1   2   1   0   1    979  1021
    3357   1   2   1   0   1    980  1022
    3358   1   2   1   0   1    981  1023
    3359   1   2   1   0   1    982  1024
    3360   1   2   1   0   1    983  1025
 
    ELEM MAT TYP REL ESY SEC        NODES
 
    3361   1   2   1   0   1    985  1027
    3362   1   2   1   0   1    986  1028
    3363   1   2   1   0   1    987  1029
    3364   1   2   1   0   1    988  1030
    3365   1   2   1   0   1    989  1031
    3366   1   2   1   0   1    990  1032
    3367   1   2   1   0   1    991  1033
    3368   1   2   1   0   1    992  1034
    3369   1   2   1   0   1    993  1035
    3370   1   2   1   0   1    994  1036
    3371   1   2   1   0   1    995  1037
    3372   1   2   1   0   1    996  1038
    3373   1   2   1   0   1    997  1039
    3374   1   2   1   0   1    998  1040
    3375   1   2   1   0   1    999  1041
    3376   1   2   1   0   1   1000  1042
    3377   1   2   1   0   1   1001  1043
    3378   1   2   1   0   1   1002  1044
    3379   1   2   1   0   1   1003  1045
    3380   1   2   1   0   1   1004  1046
 
    ELEM MAT TYP REL ESY SEC        NODES
 
    3381   1   2   1   0   1   1005  1047
    3382   1   2   1   0   1   1006  1048
    3383   1   2   1   0   1   1007  1049
    3384   1   2   1   0   1   1008  1050
    3385   1   2   1   0   1   1009  1051
    3386   1   2   1   0   1   1010  1052
    3387   1   2   1   0   1   1011  1053
    3388   1   2   1   0   1   1012  1054
    3389   1   2   1   0   1   1013  1055
    3390   1   2   1   0   1   1014  1056
    3391   1   2   1   0   1   1015  1057
    3392   1   2   1   0   1   1016  1058
    3393   1   2   1   0   1   1017  1059
    3394   1   2   1   0   1   1018  1060
    3395   1   2   1   0   1   1019  1061
    3396   1   2   1   0   1   1020  1062
    3397   1   2   1   0   1   1021  1063
    3398   1   2   1   0   1   1022  1064
    3399   1   2   1   0   1   1023  1065
    3400   1   2   1   0   1   1024  1066
 
    ELEM MAT TYP REL ESY SEC        NODES
 
    3401   1   2   1   0   1   1026  1068
    3402   1   2   1   0   1   1027  1069
    3403   1   2   1   0   1   1028  1070
    3404   1   2   1   0   1   1029  1071
    3405   1   2   1   0   1   1030  1072
    3406   1   2   1   0   1   1031  1073
    3407   1   2   1   0   1   1032  1074
    3408   1   2   1   0   1   1033  1075
    3409   1   2   1   0   1   1034  1076
    3410   1   2   1   0   1   1035  1077
    3411   1   2   1   0   1   1036  1078
    3412   1   2   1   0   1   1037  1079
    3413   1   2   1   0   1   1038  1080
    3414   1   2   1   0   1   1039  1081
    3415   1   2   1   0   1   1040  1082
    3416   1   2   1   0   1   1041  1083
    3417   1   2   1   0   1   1042  1084
    3418   1   2   1   0   1   1043  1085
    3419   1   2   1   0   1   1044  1086
    3420   1   2   1   0   1   1045  1087
 
    ELEM MAT TYP REL ESY SEC        NODES
 
    3421   1   2   1   0   1   1046  1088
    3422   1   2   1   0   1   1047  1089
    3423   1   2   1   0   1   1048  1090
    3424   1   2   1   0   1   1049  1091
    3425   1   2   1   0   1   1050  1092
    3426   1   2   1   0   1   1051  1093
    3427   1   2   1   0   1   1052  1094
    3428   1   2   1   0   1   1053  1095
    3429   1   2   1   0   1   1054  1096
    3430   1   2   1   0   1   1055  1097
    3431   1   2   1   0   1   1056  1098
    3432   1   2   1   0   1   1057  1099
    3433   1   2   1   0   1   1058  1100
    3434   1   2   1   0   1   1059  1101
    3435   1   2   1   0   1   1060  1102
    3436   1   2   1   0   1   1061  1103
    3437   1   2   1   0   1   1062  1104
    3438   1   2   1   0   1   1063  1105
    3439   1   2   1   0   1   1064  1106
    3440   1   2   1   0   1   1065  1107
 
    ELEM MAT TYP REL ESY SEC        NODES
 
    3441   1   2   1   0   1   1067  1109
    3442   1   2   1   0   1   1068  1110
    3443   1   2   1   0   1   1069  1111
    3444   1   2   1   0   1   1070  1112
    3445   1   2   1   0   1   1071  1113
    3446   1   2   1   0   1   1072  1114
    3447   1   2   1   0   1   1073  1115
    3448   1   2   1   0   1   1074  1116
    3449   1   2   1   0   1   1075  1117
    3450   1   2   1   0   1   1076  1118
    3451   1   2   1   0   1   1077  1119
    3452   1   2   1   0   1   1078  1120
    3453   1   2   1   0   1   1079  1121
    3454   1   2   1   0   1   1080  1122
    3455   1   2   1   0   1   1081  1123
    3456   1   2   1   0   1   1082  1124
    3457   1   2   1   0   1   1083  1125
    3458   1   2   1   0   1   1084  1126
    3459   1   2   1   0   1   1085  1127
    3460   1   2   1   0   1   1086  1128
 
    ELEM MAT TYP REL ESY SEC        NODES
 
    3461   1   2   1   0   1   1087  1129
    3462   1   2   1   0   1   1088  1130
    3463   1   2   1   0   1   1089  1131
    3464   1   2   1   0   1   1090  1132
    3465   1   2   1   0   1   1091  1133
    3466   1   2   1   0   1   1092  1134
    3467   1   2   1   0   1   1093  1135
    3468   1   2   1   0   1   1094  1136
    3469   1   2   1   0   1   1095  1137
    3470   1   2   1   0   1   1096  1138
    3471   1   2   1   0   1   1097  1139
    3472   1   2   1   0   1   1098  1140
    3473   1   2   1   0   1   1099  1141
    3474   1   2   1   0   1   1100  1142
    3475   1   2   1   0   1   1101  1143
    3476   1   2   1   0   1   1102  1144
    3477   1   2   1   0   1   1103  1145
    3478   1   2   1   0   1   1104  1146
    3479   1   2   1   0   1   1105  1147
    3480   1   2   1   0   1   1106  1148
 
    ELEM MAT TYP REL ESY SEC        NODES
 
    3481   1   2   1   0   1   1108  1150
    3482   1   2   1   0   1   1109  1151
    3483   1   2   1   0   1   1110  1152
    3484   1   2   1   0   1   1111  1153
    3485   1   2   1   0   1   1112  1154
    3486   1   2   1   0   1   1113  1155
    3487   1   2   1   0   1   1114  1156
    3488   1   2   1   0   1   1115  1157
    3489   1   2   1   0   1   1116  1158
    3490   1   2   1   0   1   1117  1159
    3491   1   2   1   0   1   1118  1160
    3492   1   2   1   0   1   1119  1161
    3493   1   2   1   0   1   1120  1162
    3494   1   2   1   0   1   1121  1163
    3495   1   2   1   0   1   1122  1164
    3496   1   2   1   0   1   1123  1165
    3497   1   2   1   0   1   1124  1166
    3498   1   2   1   0   1   1125  1167
    3499   1   2   1   0   1   1126  1168
    3500   1   2   1   0   1   1127  1169
 
    ELEM MAT TYP REL ESY SEC        NODES
 
    3501   1   2   1   0   1   1128  1170
    3502   1   2   1   0   1   1129  1171
    3503   1   2   1   0   1   1130  1172
    3504   1   2   1   0   1   1131  1173
    3505   1   2   1   0   1   1132  1174
    3506   1   2   1   0   1   1133  1175
    3507   1   2   1   0   1   1134  1176
    3508   1   2   1   0   1   1135  1177
    3509   1   2   1   0   1   1136  1178
    3510   1   2   1   0   1   1137  1179
    3511   1   2   1   0   1   1138  1180
    3512   1   2   1   0   1   1139  1181
    3513   1   2   1   0   1   1140  1182
    3514   1   2   1   0   1   1141  1183
    3515   1   2   1   0   1   1142  1184
    3516   1   2   1   0   1   1143  1185
    3517   1   2   1   0   1   1144  1186
    3518   1   2   1   0   1   1145  1187
    3519   1   2   1   0   1   1146  1188
    3520   1   2   1   0   1   1147  1189
 
    ELEM MAT TYP REL ESY SEC        NODES
 
    3521   1   2   1   0   1   1149  1191
    3522   1   2   1   0   1   1150  1192
    3523   1   2   1   0   1   1151  1193
    3524   1   2   1   0   1   1152  1194
    3525   1   2   1   0   1   1153  1195
    3526   1   2   1   0   1   1154  1196
    3527   1   2   1   0   1   1155  1197
    3528   1   2   1   0   1   1156  1198
    3529   1   2   1   0   1   1157  1199
    3530   1   2   1   0   1   1158  1200
    3531   1   2   1   0   1   1159  1201
    3532   1   2   1   0   1   1160  1202
    3533   1   2   1   0   1   1161  1203
    3534   1   2   1   0   1   1162  1204
    3535   1   2   1   0   1   1163  1205
    3536   1   2   1   0   1   1164  1206
    3537   1   2   1   0   1   1165  1207
    3538   1   2   1   0   1   1166  1208
    3539   1   2   1   0   1   1167  1209
    3540   1   2   1   0   1   1168  1210
 
    ELEM MAT TYP REL ESY SEC        NODES
 
    3541   1   2   1   0   1   1169  1211
    3542   1   2   1   0   1   1170  1212
    3543   1   2   1   0   1   1171  1213
    3544   1   2   1   0   1   1172  1214
    3545   1   2   1   0   1   1173  1215
    3546   1   2   1   0   1   1174  1216
    3547   1   2   1   0   1   1175  1217
    3548   1   2   1   0   1   1176  1218
    3549   1   2   1   0   1   1177  1219
    3550   1   2   1   0   1   1178  1220
    3551   1   2   1   0   1   1179  1221
    3552   1   2   1   0   1   1180  1222
    3553   1   2   1   0   1   1181  1223
    3554   1   2   1   0   1   1182  1224
    3555   1   2   1   0   1   1183  1225
    3556   1   2   1   0   1   1184  1226
    3557   1   2   1   0   1   1185  1227
    3558   1   2   1   0   1   1186  1228
    3559   1   2   1   0   1   1187  1229
    3560   1   2   1   0   1   1188  1230
 
    ELEM MAT TYP REL ESY SEC        NODES
 
    3561   1   2   1   0   1   1190  1232
    3562   1   2   1   0   1   1191  1233
    3563   1   2   1   0   1   1192  1234
    3564   1   2   1   0   1   1193  1235
    3565   1   2   1   0   1   1194  1236
    3566   1   2   1   0   1   1195  1237
    3567   1   2   1   0   1   1196  1238
    3568   1   2   1   0   1   1197  1239
    3569   1   2   1   0   1   1198  1240
    3570   1   2   1   0   1   1199  1241
    3571   1   2   1   0   1   1200  1242
    3572   1   2   1   0   1   1201  1243
    3573   1   2   1   0   1   1202  1244
    3574   1   2   1   0   1   1203  1245
    3575   1   2   1   0   1   1204  1246
    3576   1   2   1   0   1   1205  1247
    3577   1   2   1   0   1   1206  1248
    3578   1   2   1   0   1   1207  1249
    3579   1   2   1   0   1   1208  1250
    3580   1   2   1   0   1   1209  1251
 
    ELEM MAT TYP REL ESY SEC        NODES
 
    3581   1   2   1   0   1   1210  1252
    3582   1   2   1   0   1   1211  1253
    3583   1   2   1   0   1   1212  1254
    3584   1   2   1   0   1   1213  1255
    3585   1   2   1   0   1   1214  1256
    3586   1   2   1   0   1   1215  1257
    3587   1   2   1   0   1   1216  1258
    3588   1   2   1   0   1   1217  1259
    3589   1   2   1   0   1   1218  1260
    3590   1   2   1   0   1   1219  1261
    3591   1   2   1   0   1   1220  1262
    3592   1   2   1   0   1   1221  1263
    3593   1   2   1   0   1   1222  1264
    3594   1   2   1   0   1   1223  1265
    3595   1   2   1   0   1   1224  1266
    3596   1   2   1   0   1   1225  1267
    3597   1   2   1   0   1   1226  1268
    3598   1   2   1   0   1   1227  1269
    3599   1   2   1   0   1   1228  1270
    3600   1   2   1   0   1   1229  1271
 
    ELEM MAT TYP REL ESY SEC        NODES
 
    3601   1   2   1   0   1   1231  1273
    3602   1   2   1   0   1   1232  1274
    3603   1   2   1   0   1   1233  1275
    3604   1   2   1   0   1   1234  1276
    3605   1   2   1   0   1   1235  1277
    3606   1   2   1   0   1   1236  1278
    3607   1   2   1   0   1   1237  1279
    3608   1   2   1   0   1   1238  1280
    3609   1   2   1   0   1   1239  1281
    3610   1   2   1   0   1   1240  1282
    3611   1   2   1   0   1   1241  1283
    3612   1   2   1   0   1   1242  1284
    3613   1   2   1   0   1   1243  1285
    3614   1   2   1   0   1   1244  1286
    3615   1   2   1   0   1   1245  1287
    3616   1   2   1   0   1   1246  1288
    3617   1   2   1   0   1   1247  1289
    3618   1   2   1   0   1   1248  1290
    3619   1   2   1   0   1   1249  1291
    3620   1   2   1   0   1   1250  1292
 
    ELEM MAT TYP REL ESY SEC        NODES
 
    3621   1   2   1   0   1   1251  1293
    3622   1   2   1   0   1   1252  1294
    3623   1   2   1   0   1   1253  1295
    3624   1   2   1   0   1   1254  1296
    3625   1   2   1   0   1   1255  1297
    3626   1   2   1   0   1   1256  1298
    3627   1   2   1   0   1   1257  1299
    3628   1   2   1   0   1   1258  1300
    3629   1   2   1   0   1   1259  1301
    3630   1   2   1   0   1   1260  1302
    3631   1   2   1   0   1   1261  1303
    3632   1   2   1   0   1   1262  1304
    3633   1   2   1   0   1   1263  1305
    3634   1   2   1   0   1   1264  1306
    3635   1   2   1   0   1   1265  1307
    3636   1   2   1   0   1   1266  1308
    3637   1   2   1   0   1   1267  1309
    3638   1   2   1   0   1   1268  1310
    3639   1   2   1   0   1   1269  1311
    3640   1   2   1   0   1   1270  1312
 
    ELEM MAT TYP REL ESY SEC        NODES
 
    3641   1   2   1   0   1   1272  1314
    3642   1   2   1   0   1   1273  1315
    3643   1   2   1   0   1   1274  1316
    3644   1   2   1   0   1   1275  1317
    3645   1   2   1   0   1   1276  1318
    3646   1   2   1   0   1   1277  1319
    3647   1   2   1   0   1   1278  1320
    3648   1   2   1   0   1   1279  1321
    3649   1   2   1   0   1   1280  1322
    3650   1   2   1   0   1   1281  1323
    3651   1   2   1   0   1   1282  1324
    3652   1   2   1   0   1   1283  1325
    3653   1   2   1   0   1   1284  1326
    3654   1   2   1   0   1   1285  1327
    3655   1   2   1   0   1   1286  1328
    3656   1   2   1   0   1   1287  1329
    3657   1   2   1   0   1   1288  1330
    3658   1   2   1   0   1   1289  1331
    3659   1   2   1   0   1   1290  1332
    3660   1   2   1   0   1   1291  1333
 
    ELEM MAT TYP REL ESY SEC        NODES
 
    3661   1   2   1   0   1   1292  1334
    3662   1   2   1   0   1   1293  1335
    3663   1   2   1   0   1   1294  1336
    3664   1   2   1   0   1   1295  1337
    3665   1   2   1   0   1   1296  1338
    3666   1   2   1   0   1   1297  1339
    3667   1   2   1   0   1   1298  1340
    3668   1   2   1   0   1   1299  1341
    3669   1   2   1   0   1   1300  1342
    3670   1   2   1   0   1   1301  1343
    3671   1   2   1   0   1   1302  1344
    3672   1   2   1   0   1   1303  1345
    3673   1   2   1   0   1   1304  1346
    3674   1   2   1   0   1   1305  1347
    3675   1   2   1   0   1   1306  1348
    3676   1   2   1   0   1   1307  1349
    3677   1   2   1   0   1   1308  1350
    3678   1   2   1   0   1   1309  1351
    3679   1   2   1   0   1   1310  1352
    3680   1   2   1   0   1   1311  1353
 
    ELEM MAT TYP REL ESY SEC        NODES
 
    3681   1   2   1   0   1   1313  1355
    3682   1   2   1   0   1   1314  1356
    3683   1   2   1   0   1   1315  1357
    3684   1   2   1   0   1   1316  1358
    3685   1   2   1   0   1   1317  1359
    3686   1   2   1   0   1   1318  1360
    3687   1   2   1   0   1   1319  1361
    3688   1   2   1   0   1   1320  1362
    3689   1   2   1   0   1   1321  1363
    3690   1   2   1   0   1   1322  1364
    3691   1   2   1   0   1   1323  1365
    3692   1   2   1   0   1   1324  1366
    3693   1   2   1   0   1   1325  1367
    3694   1   2   1   0   1   1326  1368
    3695   1   2   1   0   1   1327  1369
    3696   1   2   1   0   1   1328  1370
    3697   1   2   1   0   1   1329  1371
    3698   1   2   1   0   1   1330  1372
    3699   1   2   1   0   1   1331  1373
    3700   1   2   1   0   1   1332  1374
 
    ELEM MAT TYP REL ESY SEC        NODES
 
    3701   1   2   1   0   1   1333  1375
    3702   1   2   1   0   1   1334  1376
    3703   1   2   1   0   1   1335  1377
    3704   1   2   1   0   1   1336  1378
    3705   1   2   1   0   1   1337  1379
    3706   1   2   1   0   1   1338  1380
    3707   1   2   1   0   1   1339  1381
    3708   1   2   1   0   1   1340  1382
    3709   1   2   1   0   1   1341  1383
    3710   1   2   1   0   1   1342  1384
    3711   1   2   1   0   1   1343  1385
    3712   1   2   1   0   1   1344  1386
    3713   1   2   1   0   1   1345  1387
    3714   1   2   1   0   1   1346  1388
    3715   1   2   1   0   1   1347  1389
    3716   1   2   1   0   1   1348  1390
    3717   1   2   1   0   1   1349  1391
    3718   1   2   1   0   1   1350  1392
    3719   1   2   1   0   1   1351  1393
    3720   1   2   1   0   1   1352  1394
 
    ELEM MAT TYP REL ESY SEC        NODES
 
    3721   1   2   1   0   1   1354  1396
    3722   1   2   1   0   1   1355  1397
    3723   1   2   1   0   1   1356  1398
    3724   1   2   1   0   1   1357  1399
    3725   1   2   1   0   1   1358  1400
    3726   1   2   1   0   1   1359  1401
    3727   1   2   1   0   1   1360  1402
    3728   1   2   1   0   1   1361  1403
    3729   1   2   1   0   1   1362  1404
    3730   1   2   1   0   1   1363  1405
    3731   1   2   1   0   1   1364  1406
    3732   1   2   1   0   1   1365  1407
    3733   1   2   1   0   1   1366  1408
    3734   1   2   1   0   1   1367  1409
    3735   1   2   1   0   1   1368  1410
    3736   1   2   1   0   1   1369  1411
    3737   1   2   1   0   1   1370  1412
    3738   1   2   1   0   1   1371  1413
    3739   1   2   1   0   1   1372  1414
    3740   1   2   1   0   1   1373  1415
 
    ELEM MAT TYP REL ESY SEC        NODES
 
    3741   1   2   1   0   1   1374  1416
    3742   1   2   1   0   1   1375  1417
    3743   1   2   1   0   1   1376  1418
    3744   1   2   1   0   1   1377  1419
    3745   1   2   1   0   1   1378  1420
    3746   1   2   1   0   1   1379  1421
    3747   1   2   1   0   1   1380  1422
    3748   1   2   1   0   1   1381  1423
    3749   1   2   1   0   1   1382  1424
    3750   1   2   1   0   1   1383  1425
    3751   1   2   1   0   1   1384  1426
    3752   1   2   1   0   1   1385  1427
    3753   1   2   1   0   1   1386  1428
    3754   1   2   1   0   1   1387  1429
    3755   1   2   1   0   1   1388  1430
    3756   1   2   1   0   1   1389  1431
    3757   1   2   1   0   1   1390  1432
    3758   1   2   1   0   1   1391  1433
    3759   1   2   1   0   1   1392  1434
    3760   1   2   1   0   1   1393  1435
 
    ELEM MAT TYP REL ESY SEC        NODES
 
    3761   1   2   1   0   1   1395  1437
    3762   1   2   1   0   1   1396  1438
    3763   1   2   1   0   1   1397  1439
    3764   1   2   1   0   1   1398  1440
    3765   1   2   1   0   1   1399  1441
    3766   1   2   1   0   1   1400  1442
    3767   1   2   1   0   1   1401  1443
    3768   1   2   1   0   1   1402  1444
    3769   1   2   1   0   1   1403  1445
    3770   1   2   1   0   1   1404  1446
    3771   1   2   1   0   1   1405  1447
    3772   1   2   1   0   1   1406  1448
    3773   1   2   1   0   1   1407  1449
    3774   1   2   1   0   1   1408  1450
    3775   1   2   1   0   1   1409  1451
    3776   1   2   1   0   1   1410  1452
    3777   1   2   1   0   1   1411  1453
    3778   1   2   1   0   1   1412  1454
    3779   1   2   1   0   1   1413  1455
    3780   1   2   1   0   1   1414  1456
 
    ELEM MAT TYP REL ESY SEC        NODES
 
    3781   1   2   1   0   1   1415  1457
    3782   1   2   1   0   1   1416  1458
    3783   1   2   1   0   1   1417  1459
    3784   1   2   1   0   1   1418  1460
    3785   1   2   1   0   1   1419  1461
    3786   1   2   1   0   1   1420  1462
    3787   1   2   1   0   1   1421  1463
    3788   1   2   1   0   1   1422  1464
    3789   1   2   1   0   1   1423  1465
    3790   1   2   1   0   1   1424  1466
    3791   1   2   1   0   1   1425  1467
    3792   1   2   1   0   1   1426  1468
    3793   1   2   1   0   1   1427  1469
    3794   1   2   1   0   1   1428  1470
    3795   1   2   1   0   1   1429  1471
    3796   1   2   1   0   1   1430  1472
    3797   1   2   1   0   1   1431  1473
    3798   1   2   1   0   1   1432  1474
    3799   1   2   1   0   1   1433  1475
    3800   1   2   1   0   1   1434  1476
 
    ELEM MAT TYP REL ESY SEC        NODES
 
    3801   1   2   1   0   1   1436  1478
    3802   1   2   1   0   1   1437  1479
    3803   1   2   1   0   1   1438  1480
    3804   1   2   1   0   1   1439  1481
    3805   1   2   1   0   1   1440  1482
    3806   1   2   1   0   1   1441  1483
    3807   1   2   1   0   1   1442  1484
    3808   1   2   1   0   1   1443  1485
    3809   1   2   1   0   1   1444  1486
    3810   1   2   1   0   1   1445  1487
    3811   1   2   1   0   1   1446  1488
    3812   1   2   1   0   1   1447  1489
    3813   1   2   1   0   1   1448  1490
    3814   1   2   1   0   1   1449  1491
    3815   1   2   1   0   1   1450  1492
    3816   1   2   1   0   1   1451  1493
    3817   1   2   1   0   1   1452  1494
    3818   1   2   1   0   1   1453  1495
    3819   1   2   1   0   1   1454  1496
    3820   1   2   1   0   1   1455  1497
 
    ELEM MAT TYP REL ESY SEC        NODES
 
    3821   1   2   1   0   1   1456  1498
    3822   1   2   1   0   1   1457  1499
    3823   1   2   1   0   1   1458  1500
    3824   1   2   1   0   1   1459  1501
    3825   1   2   1   0   1   1460  1502
    3826   1   2   1   0   1   1461  1503
    3827   1   2   1   0   1   1462  1504
    3828   1   2   1   0   1   1463  1505
    3829   1   2   1   0   1   1464  1506
    3830   1   2   1   0   1   1465  1507
    3831   1   2   1   0   1   1466  1508
    3832   1   2   1   0   1   1467  1509
    3833   1   2   1   0   1   1468  1510
    3834   1   2   1   0   1   1469  1511
    3835   1   2   1   0   1   1470  1512
    3836   1   2   1   0   1   1471  1513
    3837   1   2   1   0   1   1472  1514
    3838   1   2   1   0   1   1473  1515
    3839   1   2   1   0   1   1474  1516
    3840   1   2   1   0   1   1475  1517
 
    ELEM MAT TYP REL ESY SEC        NODES
 
    3841   1   2   1   0   1   1477  1519
    3842   1   2   1   0   1   1478  1520
    3843   1   2   1   0   1   1479  1521
    3844   1   2   1   0   1   1480  1522
    3845   1   2   1   0   1   1481  1523
    3846   1   2   1   0   1   1482  1524
    3847   1   2   1   0   1   1483  1525
    3848   1   2   1   0   1   1484  1526
    3849   1   2   1   0   1   1485  1527
    3850   1   2   1   0   1   1486  1528
    3851   1   2   1   0   1   1487  1529
    3852   1   2   1   0   1   1488  1530
    3853   1   2   1   0   1   1489  1531
    3854   1   2   1   0   1   1490  1532
    3855   1   2   1   0   1   1491  1533
    3856   1   2   1   0   1   1492  1534
    3857   1   2   1   0   1   1493  1535
    3858   1   2   1   0   1   1494  1536
    3859   1   2   1   0   1   1495  1537
    3860   1   2   1   0   1   1496  1538
 
    ELEM MAT TYP REL ESY SEC        NODES
 
    3861   1   2   1   0   1   1497  1539
    3862   1   2   1   0   1   1498  1540
    3863   1   2   1   0   1   1499  1541
    3864   1   2   1   0   1   1500  1542
    3865   1   2   1   0   1   1501  1543
    3866   1   2   1   0   1   1502  1544
    3867   1   2   1   0   1   1503  1545
    3868   1   2   1   0   1   1504  1546
    3869   1   2   1   0   1   1505  1547
    3870   1   2   1   0   1   1506  1548
    3871   1   2   1   0   1   1507  1549
    3872   1   2   1   0   1   1508  1550
    3873   1   2   1   0   1   1509  1551
    3874   1   2   1   0   1   1510  1552
    3875   1   2   1   0   1   1511  1553
    3876   1   2   1   0   1   1512  1554
    3877   1   2   1   0   1   1513  1555
    3878   1   2   1   0   1   1514  1556
    3879   1   2   1   0   1   1515  1557
    3880   1   2   1   0   1   1516  1558
 
    ELEM MAT TYP REL ESY SEC        NODES
 
    3881   1   2   1   0   1   1518  1560
    3882   1   2   1   0   1   1519  1561
    3883   1   2   1   0   1   1520  1562
    3884   1   2   1   0   1   1521  1563
    3885   1   2   1   0   1   1522  1564
    3886   1   2   1   0   1   1523  1565
    3887   1   2   1   0   1   1524  1566
    3888   1   2   1   0   1   1525  1567
    3889   1   2   1   0   1   1526  1568
    3890   1   2   1   0   1   1527  1569
    3891   1   2   1   0   1   1528  1570
    3892   1   2   1   0   1   1529  1571
    3893   1   2   1   0   1   1530  1572
    3894   1   2   1   0   1   1531  1573
    3895   1   2   1   0   1   1532  1574
    3896   1   2   1   0   1   1533  1575
    3897   1   2   1   0   1   1534  1576
    3898   1   2   1   0   1   1535  1577
    3899   1   2   1   0   1   1536  1578
    3900   1   2   1   0   1   1537  1579
 
    ELEM MAT TYP REL ESY SEC        NODES
 
    3901   1   2   1   0   1   1538  1580
    3902   1   2   1   0   1   1539  1581
    3903   1   2   1   0   1   1540  1582
    3904   1   2   1   0   1   1541  1583
    3905   1   2   1   0   1   1542  1584
    3906   1   2   1   0   1   1543  1585
    3907   1   2   1   0   1   1544  1586
    3908   1   2   1   0   1   1545  1587
    3909   1   2   1   0   1   1546  1588
    3910   1   2   1   0   1   1547  1589
    3911   1   2   1   0   1   1548  1590
    3912   1   2   1   0   1   1549  1591
    3913   1   2   1   0   1   1550  1592
    3914   1   2   1   0   1   1551  1593
    3915   1   2   1   0   1   1552  1594
    3916   1   2   1   0   1   1553  1595
    3917   1   2   1   0   1   1554  1596
    3918   1   2   1   0   1   1555  1597
    3919   1   2   1   0   1   1556  1598
    3920   1   2   1   0   1   1557  1599
 
    ELEM MAT TYP REL ESY SEC        NODES
 
    3921   1   2   1   0   1   1559  1601
    3922   1   2   1   0   1   1560  1602
    3923   1   2   1   0   1   1561  1603
    3924   1   2   1   0   1   1562  1604
    3925   1   2   1   0   1   1563  1605
    3926   1   2   1   0   1   1564  1606
    3927   1   2   1   0   1   1565  1607
    3928   1   2   1   0   1   1566  1608
    3929   1   2   1   0   1   1567  1609
    3930   1   2   1   0   1   1568  1610
    3931   1   2   1   0   1   1569  1611
    3932   1   2   1   0   1   1570  1612
    3933   1   2   1   0   1   1571  1613
    3934   1   2   1   0   1   1572  1614
    3935   1   2   1   0   1   1573  1615
    3936   1   2   1   0   1   1574  1616
    3937   1   2   1   0   1   1575  1617
    3938   1   2   1   0   1   1576  1618
    3939   1   2   1   0   1   1577  1619
    3940   1   2   1   0   1   1578  1620
 
    ELEM MAT TYP REL ESY SEC        NODES
 
    3941   1   2   1   0   1   1579  1621
    3942   1   2   1   0   1   1580  1622
    3943   1   2   1   0   1   1581  1623
    3944   1   2   1   0   1   1582  1624
    3945   1   2   1   0   1   1583  1625
    3946   1   2   1   0   1   1584  1626
    3947   1   2   1   0   1   1585  1627
    3948   1   2   1   0   1   1586  1628
    3949   1   2   1   0   1   1587  1629
    3950   1   2   1   0   1   1588  1630
    3951   1   2   1   0   1   1589  1631
    3952   1   2   1   0   1   1590  1632
    3953   1   2   1   0   1   1591  1633
    3954   1   2   1   0   1   1592  1634
    3955   1   2   1   0   1   1593  1635
    3956   1   2   1   0   1   1594  1636
    3957   1   2   1   0   1   1595  1637
    3958   1   2   1   0   1   1596  1638
    3959   1   2   1   0   1   1597  1639
    3960   1   2   1   0   1   1598  1640
 
    ELEM MAT TYP REL ESY SEC        NODES
 
    3961   1   2   1   0   1   1600  1642
    3962   1   2   1   0   1   1601  1643
    3963   1   2   1   0   1   1602  1644
    3964   1   2   1   0   1   1603  1645
    3965   1   2   1   0   1   1604  1646
    3966   1   2   1   0   1   1605  1647
    3967   1   2   1   0   1   1606  1648
    3968   1   2   1   0   1   1607  1649
    3969   1   2   1   0   1   1608  1650
    3970   1   2   1   0   1   1609  1651
    3971   1   2   1   0   1   1610  1652
    3972   1   2   1   0   1   1611  1653
    3973   1   2   1   0   1   1612  1654
    3974   1   2   1   0   1   1613  1655
    3975   1   2   1   0   1   1614  1656
    3976   1   2   1   0   1   1615  1657
    3977   1   2   1   0   1   1616  1658
    3978   1   2   1   0   1   1617  1659
    3979   1   2   1   0   1   1618  1660
    3980   1   2   1   0   1   1619  1661
 
    ELEM MAT TYP REL ESY SEC        NODES
 
    3981   1   2   1   0   1   1620  1662
    3982   1   2   1   0   1   1621  1663
    3983   1   2   1   0   1   1622  1664
    3984   1   2   1   0   1   1623  1665
    3985   1   2   1   0   1   1624  1666
    3986   1   2   1   0   1   1625  1667
    3987   1   2   1   0   1   1626  1668
    3988   1   2   1   0   1   1627  1669
    3989   1   2   1   0   1   1628  1670
    3990   1   2   1   0   1   1629  1671
    3991   1   2   1   0   1   1630  1672
    3992   1   2   1   0   1   1631  1673
    3993   1   2   1   0   1   1632  1674
    3994   1   2   1   0   1   1633  1675
    3995   1   2   1   0   1   1634  1676
    3996   1   2   1   0   1   1635  1677
    3997   1   2   1   0   1   1636  1678
    3998   1   2   1   0   1   1637  1679
    3999   1   2   1   0   1   1638  1680
    4000   1   2   1   0   1   1639  1681
 
    ELEM MAT TYP REL ESY SEC        NODES
 
    4001   1   2   1   0   1   1641  1683
    4002   1   2   1   0   1   1642  1684
    4003   1   2   1   0   1   1643  1685
    4004   1   2   1   0   1   1644  1686
    4005   1   2   1   0   1   1645  1687
    4006   1   2   1   0   1   1646  1688
    4007   1   2   1   0   1   1647  1689
    4008   1   2   1   0   1   1648  1690
    4009   1   2   1   0   1   1649  1691
    4010   1   2   1   0   1   1650  1692
    4011   1   2   1   0   1   1651  1693
    4012   1   2   1   0   1   1652  1694
    4013   1   2   1   0   1   1653  1695
    4014   1   2   1   0   1   1654  1696
    4015   1   2   1   0   1   1655  1697
    4016   1   2   1   0   1   1656  1698
    4017   1   2   1   0   1   1657  1699
    4018   1   2   1   0   1   1658  1700
    4019   1   2   1   0   1   1659  1701
    4020   1   2   1   0   1   1660  1702
 
    ELEM MAT TYP REL ESY SEC        NODES
 
    4021   1   2   1   0   1   1661  1703
    4022   1   2   1   0   1   1662  1704
    4023   1   2   1   0   1   1663  1705
    4024   1   2   1   0   1   1664  1706
    4025   1   2   1   0   1   1665  1707
    4026   1   2   1   0   1   1666  1708
    4027   1   2   1   0   1   1667  1709
    4028   1   2   1   0   1   1668  1710
    4029   1   2   1   0   1   1669  1711
    4030   1   2   1   0   1   1670  1712
    4031   1   2   1   0   1   1671  1713
    4032   1   2   1   0   1   1672  1714
    4033   1   2   1   0   1   1673  1715
    4034   1   2   1   0   1   1674  1716
    4035   1   2   1   0   1   1675  1717
    4036   1   2   1   0   1   1676  1718
    4037   1   2   1   0   1   1677  1719
    4038   1   2   1   0   1   1678  1720
    4039   1   2   1   0   1   1679  1721
    4040   1   2   1   0   1   1680  1722
 
    ELEM MAT TYP REL ESY SEC        NODES
 
    4041   1   2   1   0   1   1682  1724
    4042   1   2   1   0   1   1683  1725
    4043   1   2   1   0   1   1684  1726
    4044   1   2   1   0   1   1685  1727
    4045   1   2   1   0   1   1686  1728
    4046   1   2   1   0   1   1687  1729
    4047   1   2   1   0   1   1688  1730
    4048   1   2   1   0   1   1689  1731
    4049   1   2   1   0   1   1690  1732
    4050   1   2   1   0   1   1691  1733
    4051   1   2   1   0   1   1692  1734
    4052   1   2   1   0   1   1693  1735
    4053   1   2   1   0   1   1694  1736
    4054   1   2   1   0   1   1695  1737
    4055   1   2   1   0   1   1696  1738
    4056   1   2   1   0   1   1697  1739
    4057   1   2   1   0   1   1698  1740
    4058   1   2   1   0   1   1699  1741
    4059   1   2   1   0   1   1700  1742
    4060   1   2   1   0   1   1701  1743
 
    ELEM MAT TYP REL ESY SEC        NODES
 
    4061   1   2   1   0   1   1702  1744
    4062   1   2   1   0   1   1703  1745
    4063   1   2   1   0   1   1704  1746
    4064   1   2   1   0   1   1705  1747
    4065   1   2   1   0   1   1706  1748
    4066   1   2   1   0   1   1707  1749
    4067   1   2   1   0   1   1708  1750
    4068   1   2   1   0   1   1709  1751
    4069   1   2   1   0   1   1710  1752
    4070   1   2   1   0   1   1711  1753
    4071   1   2   1   0   1   1712  1754
    4072   1   2   1   0   1   1713  1755
    4073   1   2   1   0   1   1714  1756
    4074   1   2   1   0   1   1715  1757
    4075   1   2   1   0   1   1716  1758
    4076   1   2   1   0   1   1717  1759
    4077   1   2   1   0   1   1718  1760
    4078   1   2   1   0   1   1719  1761
    4079   1   2   1   0   1   1720  1762
    4080   1   2   1   0   1   1721  1763
 
    ELEM MAT TYP REL ESY SEC        NODES
 
    4081   1   2   1   0   1   1723  1765
    4082   1   2   1   0   1   1724  1766
    4083   1   2   1   0   1   1725  1767
    4084   1   2   1   0   1   1726  1768
    4085   1   2   1   0   1   1727  1769
    4086   1   2   1   0   1   1728  1770
    4087   1   2   1   0   1   1729  1771
    4088   1   2   1   0   1   1730  1772
    4089   1   2   1   0   1   1731  1773
    4090   1   2   1   0   1   1732  1774
    4091   1   2   1   0   1   1733  1775
    4092   1   2   1   0   1   1734  1776
    4093   1   2   1   0   1   1735  1777
    4094   1   2   1   0   1   1736  1778
    4095   1   2   1   0   1   1737  1779
    4096   1   2   1   0   1   1738  1780
    4097   1   2   1   0   1   1739  1781
    4098   1   2   1   0   1   1740  1782
    4099   1   2   1   0   1   1741  1783
    4100   1   2   1   0   1   1742  1784
 
    ELEM MAT TYP REL ESY SEC        NODES
 
    4101   1   2   1   0   1   1743  1785
    4102   1   2   1   0   1   1744  1786
    4103   1   2   1   0   1   1745  1787
    4104   1   2   1   0   1   1746  1788
    4105   1   2   1   0   1   1747  1789
    4106   1   2   1   0   1   1748  1790
    4107   1   2   1   0   1   1749  1791
    4108   1   2   1   0   1   1750  1792
    4109   1   2   1   0   1   1751  1793
    4110   1   2   1   0   1   1752  1794
    4111   1   2   1   0   1   1753  1795
    4112   1   2   1   0   1   1754  1796
    4113   1   2   1   0   1   1755  1797
    4114   1   2   1   0   1   1756  1798
    4115   1   2   1   0   1   1757  1799
    4116   1   2   1   0   1   1758  1800
    4117   1   2   1   0   1   1759  1801
    4118   1   2   1   0   1   1760  1802
    4119   1   2   1   0   1   1761  1803
    4120   1   2   1   0   1   1762  1804
 
    ELEM MAT TYP REL ESY SEC        NODES
 
    4121   1   2   1   0   1   1764  1806
    4122   1   2   1   0   1   1765  1807
    4123   1   2   1   0   1   1766  1808
    4124   1   2   1   0   1   1767  1809
    4125   1   2   1   0   1   1768  1810
    4126   1   2   1   0   1   1769  1811
    4127   1   2   1   0   1   1770  1812
    4128   1   2   1   0   1   1771  1813
    4129   1   2   1   0   1   1772  1814
    4130   1   2   1   0   1   1773  1815
    4131   1   2   1   0   1   1774  1816
    4132   1   2   1   0   1   1775  1817
    4133   1   2   1   0   1   1776  1818
    4134   1   2   1   0   1   1777  1819
    4135   1   2   1   0   1   1778  1820
    4136   1   2   1   0   1   1779  1821
    4137   1   2   1   0   1   1780  1822
    4138   1   2   1   0   1   1781  1823
    4139   1   2   1   0   1   1782  1824
    4140   1   2   1   0   1   1783  1825
 
    ELEM MAT TYP REL ESY SEC        NODES
 
    4141   1   2   1   0   1   1784  1826
    4142   1   2   1   0   1   1785  1827
    4143   1   2   1   0   1   1786  1828
    4144   1   2   1   0   1   1787  1829
    4145   1   2   1   0   1   1788  1830
    4146   1   2   1   0   1   1789  1831
    4147   1   2   1   0   1   1790  1832
    4148   1   2   1   0   1   1791  1833
    4149   1   2   1   0   1   1792  1834
    4150   1   2   1   0   1   1793  1835
    4151   1   2   1   0   1   1794  1836
    4152   1   2   1   0   1   1795  1837
    4153   1   2   1   0   1   1796  1838
    4154   1   2   1   0   1   1797  1839
    4155   1   2   1   0   1   1798  1840
    4156   1   2   1   0   1   1799  1841
    4157   1   2   1   0   1   1800  1842
    4158   1   2   1   0   1   1801  1843
    4159   1   2   1   0   1   1802  1844
    4160   1   2   1   0   1   1803  1845
 
    ELEM MAT TYP REL ESY SEC        NODES
 
    4161   1   2   1   0   1   1805  1847
    4162   1   2   1   0   1   1806  1848
    4163   1   2   1   0   1   1807  1849
    4164   1   2   1   0   1   1808  1850
    4165   1   2   1   0   1   1809  1851
    4166   1   2   1   0   1   1810  1852
    4167   1   2   1   0   1   1811  1853
    4168   1   2   1   0   1   1812  1854
    4169   1   2   1   0   1   1813  1855
    4170   1   2   1   0   1   1814  1856
    4171   1   2   1   0   1   1815  1857
    4172   1   2   1   0   1   1816  1858
    4173   1   2   1   0   1   1817  1859
    4174   1   2   1   0   1   1818  1860
    4175   1   2   1   0   1   1819  1861
    4176   1   2   1   0   1   1820  1862
    4177   1   2   1   0   1   1821  1863
    4178   1   2   1   0   1   1822  1864
    4179   1   2   1   0   1   1823  1865
    4180   1   2   1   0   1   1824  1866
 
    ELEM MAT TYP REL ESY SEC        NODES
 
    4181   1   2   1   0   1   1825  1867
    4182   1   2   1   0   1   1826  1868
    4183   1   2   1   0   1   1827  1869
    4184   1   2   1   0   1   1828  1870
    4185   1   2   1   0   1   1829  1871
    4186   1   2   1   0   1   1830  1872
    4187   1   2   1   0   1   1831  1873
    4188   1   2   1   0   1   1832  1874
    4189   1   2   1   0   1   1833  1875
    4190   1   2   1   0   1   1834  1876
    4191   1   2   1   0   1   1835  1877
    4192   1   2   1   0   1   1836  1878
    4193   1   2   1   0   1   1837  1879
    4194   1   2   1   0   1   1838  1880
    4195   1   2   1   0   1   1839  1881
    4196   1   2   1   0   1   1840  1882
    4197   1   2   1   0   1   1841  1883
    4198   1   2   1   0   1   1842  1884
    4199   1   2   1   0   1   1843  1885
    4200   1   2   1   0   1   1844  1886
 
    ELEM MAT TYP REL ESY SEC        NODES
 
    4201   1   2   1   0   1   1846  1888
    4202   1   2   1   0   1   1847  1889
    4203   1   2   1   0   1   1848  1890
    4204   1   2   1   0   1   1849  1891
    4205   1   2   1   0   1   1850  1892
    4206   1   2   1   0   1   1851  1893
    4207   1   2   1   0   1   1852  1894
    4208   1   2   1   0   1   1853  1895
    4209   1   2   1   0   1   1854  1896
    4210   1   2   1   0   1   1855  1897
    4211   1   2   1   0   1   1856  1898
    4212   1   2   1   0   1   1857  1899
    4213   1   2   1   0   1   1858  1900
    4214   1   2   1   0   1   1859  1901
    4215   1   2   1   0   1   1860  1902
    4216   1   2   1   0   1   1861  1903
    4217   1   2   1   0   1   1862  1904
    4218   1   2   1   0   1   1863  1905
    4219   1   2   1   0   1   1864  1906
    4220   1   2   1   0   1   1865  1907
 
    ELEM MAT TYP REL ESY SEC        NODES
 
    4221   1   2   1   0   1   1866  1908
    4222   1   2   1   0   1   1867  1909
    4223   1   2   1   0   1   1868  1910
    4224   1   2   1   0   1   1869  1911
    4225   1   2   1   0   1   1870  1912
    4226   1   2   1   0   1   1871  1913
    4227   1   2   1   0   1   1872  1914
    4228   1   2   1   0   1   1873  1915
    4229   1   2   1   0   1   1874  1916
    4230   1   2   1   0   1   1875  1917
    4231   1   2   1   0   1   1876  1918
    4232   1   2   1   0   1   1877  1919
    4233   1   2   1   0   1   1878  1920
    4234   1   2   1   0   1   1879  1921
    4235   1   2   1   0   1   1880  1922
    4236   1   2   1   0   1   1881  1923
    4237   1   2   1   0   1   1882  1924
    4238   1   2   1   0   1   1883  1925
    4239   1   2   1   0   1   1884  1926
    4240   1   2   1   0   1   1885  1927
 
    ELEM MAT TYP REL ESY SEC        NODES
 
    4241   1   2   1   0   1   1887  1929
    4242   1   2   1   0   1   1888  1930
    4243   1   2   1   0   1   1889  1931
    4244   1   2   1   0   1   1890  1932
    4245   1   2   1   0   1   1891  1933
    4246   1   2   1   0   1   1892  1934
    4247   1   2   1   0   1   1893  1935
    4248   1   2   1   0   1   1894  1936
    4249   1   2   1   0   1   1895  1937
    4250   1   2   1   0   1   1896  1938
    4251   1   2   1   0   1   1897  1939
    4252   1   2   1   0   1   1898  1940
    4253   1   2   1   0   1   1899  1941
    4254   1   2   1   0   1   1900  1942
    4255   1   2   1   0   1   1901  1943
    4256   1   2   1   0   1   1902  1944
    4257   1   2   1   0   1   1903  1945
    4258   1   2   1   0   1   1904  1946
    4259   1   2   1   0   1   1905  1947
    4260   1   2   1   0   1   1906  1948
 
    ELEM MAT TYP REL ESY SEC        NODES
 
    4261   1   2   1   0   1   1907  1949
    4262   1   2   1   0   1   1908  1950
    4263   1   2   1   0   1   1909  1951
    4264   1   2   1   0   1   1910  1952
    4265   1   2   1   0   1   1911  1953
    4266   1   2   1   0   1   1912  1954
    4267   1   2   1   0   1   1913  1955
    4268   1   2   1   0   1   1914  1956
    4269   1   2   1   0   1   1915  1957
    4270   1   2   1   0   1   1916  1958
    4271   1   2   1   0   1   1917  1959
    4272   1   2   1   0   1   1918  1960
    4273   1   2   1   0   1   1919  1961
    4274   1   2   1   0   1   1920  1962
    4275   1   2   1   0   1   1921  1963
    4276   1   2   1   0   1   1922  1964
    4277   1   2   1   0   1   1923  1965
    4278   1   2   1   0   1   1924  1966
    4279   1   2   1   0   1   1925  1967
    4280   1   2   1   0   1   1926  1968
 
    ELEM MAT TYP REL ESY SEC        NODES
 
    4281   1   2   1   0   1   1928  1970
    4282   1   2   1   0   1   1929  1971
    4283   1   2   1   0   1   1930  1972
    4284   1   2   1   0   1   1931  1973
    4285   1   2   1   0   1   1932  1974
    4286   1   2   1   0   1   1933  1975
    4287   1   2   1   0   1   1934  1976
    4288   1   2   1   0   1   1935  1977
    4289   1   2   1   0   1   1936  1978
    4290   1   2   1   0   1   1937  1979
    4291   1   2   1   0   1   1938  1980
    4292   1   2   1   0   1   1939  1981
    4293   1   2   1   0   1   1940  1982
    4294   1   2   1   0   1   1941  1983
    4295   1   2   1   0   1   1942  1984
    4296   1   2   1   0   1   1943  1985
    4297   1   2   1   0   1   1944  1986
    4298   1   2   1   0   1   1945  1987
    4299   1   2   1   0   1   1946  1988
    4300   1   2   1   0   1   1947  1989
 
    ELEM MAT TYP REL ESY SEC        NODES
 
    4301   1   2   1   0   1   1948  1990
    4302   1   2   1   0   1   1949  1991
    4303   1   2   1   0   1   1950  1992
    4304   1   2   1   0   1   1951  1993
    4305   1   2   1   0   1   1952  1994
    4306   1   2   1   0   1   1953  1995
    4307   1   2   1   0   1   1954  1996
    4308   1   2   1   0   1   1955  1997
    4309   1   2   1   0   1   1956  1998
    4310   1   2   1   0   1   1957  1999
    4311   1   2   1   0   1   1958  2000
    4312   1   2   1   0   1   1959  2001
    4313   1   2   1   0   1   1960  2002
    4314   1   2   1   0   1   1961  2003
    4315   1   2   1   0   1   1962  2004
    4316   1   2   1   0   1   1963  2005
    4317   1   2   1   0   1   1964  2006
    4318   1   2   1   0   1   1965  2007
    4319   1   2   1   0   1   1966  2008
    4320   1   2   1   0   1   1967  2009
 
    ELEM MAT TYP REL ESY SEC        NODES
 
    4321   1   2   1   0   1   1969  2011
    4322   1   2   1   0   1   1970  2012
    4323   1   2   1   0   1   1971  2013
    4324   1   2   1   0   1   1972  2014
    4325   1   2   1   0   1   1973  2015
    4326   1   2   1   0   1   1974  2016
    4327   1   2   1   0   1   1975  2017
    4328   1   2   1   0   1   1976  2018
    4329   1   2   1   0   1   1977  2019
    4330   1   2   1   0   1   1978  2020
    4331   1   2   1   0   1   1979  2021
    4332   1   2   1   0   1   1980  2022
    4333   1   2   1   0   1   1981  2023
    4334   1   2   1   0   1   1982  2024
    4335   1   2   1   0   1   1983  2025
    4336   1   2   1   0   1   1984  2026
    4337   1   2   1   0   1   1985  2027
    4338   1   2   1   0   1   1986  2028
    4339   1   2   1   0   1   1987  2029
    4340   1   2   1   0   1   1988  2030
 
    ELEM MAT TYP REL ESY SEC        NODES
 
    4341   1   2   1   0   1   1989  2031
    4342   1   2   1   0   1   1990  2032
    4343   1   2   1   0   1   1991  2033
    4344   1   2   1   0   1   1992  2034
    4345   1   2   1   0   1   1993  2035
    4346   1   2   1   0   1   1994  2036
    4347   1   2   1   0   1   1995  2037
    4348   1   2   1   0   1   1996  2038
    4349   1   2   1   0   1   1997  2039
    4350   1   2   1   0   1   1998  2040
    4351   1   2   1   0   1   1999  2041
    4352   1   2   1   0   1   2000  2042
    4353   1   2   1   0   1   2001  2043
    4354   1   2   1   0   1   2002  2044
    4355   1   2   1   0   1   2003  2045
    4356   1   2   1   0   1   2004  2046
    4357   1   2   1   0   1   2005  2047
    4358   1   2   1   0   1   2006  2048
    4359   1   2   1   0   1   2007  2049
    4360   1   2   1   0   1   2008  2050
 
    ELEM MAT TYP REL ESY SEC        NODES
 
    4361   1   2   1   0   1   2010  2052
    4362   1   2   1   0   1   2011  2053
    4363   1   2   1   0   1   2012  2054
    4364   1   2   1   0   1   2013  2055
    4365   1   2   1   0   1   2014  2056
    4366   1   2   1   0   1   2015  2057
    4367   1   2   1   0   1   2016  2058
    4368   1   2   1   0   1   2017  2059
    4369   1   2   1   0   1   2018  2060
    4370   1   2   1   0   1   2019  2061
    4371   1   2   1   0   1   2020  2062
    4372   1   2   1   0   1   2021  2063
    4373   1   2   1   0   1   2022  2064
    4374   1   2   1   0   1   2023  2065
    4375   1   2   1   0   1   2024  2066
    4376   1   2   1   0   1   2025  2067
    4377   1   2   1   0   1   2026  2068
    4378   1   2   1   0   1   2027  2069
    4379   1   2   1   0   1   2028  2070
    4380   1   2   1   0   1   2029  2071
 
    ELEM MAT TYP REL ESY SEC        NODES
 
    4381   1   2   1   0   1   2030  2072
    4382   1   2   1   0   1   2031  2073
    4383   1   2   1   0   1   2032  2074
    4384   1   2   1   0   1   2033  2075
    4385   1   2   1   0   1   2034  2076
    4386   1   2   1   0   1   2035  2077
    4387   1   2   1   0   1   2036  2078
    4388   1   2   1   0   1   2037  2079
    4389   1   2   1   0   1   2038  2080
    4390   1   2   1   0   1   2039  2081
    4391   1   2   1   0   1   2040  2082
    4392   1   2   1   0   1   2041  2083
    4393   1   2   1   0   1   2042  2084
    4394   1   2   1   0   1   2043  2085
    4395   1   2   1   0   1   2044  2086
    4396   1   2   1   0   1   2045  2087
    4397   1   2   1   0   1   2046  2088
    4398   1   2   1   0   1   2047  2089
    4399   1   2   1   0   1   2048  2090
    4400   1   2   1   0   1   2049  2091
 
    ELEM MAT TYP REL ESY SEC        NODES
 
    4401   1   2   1   0   1   2051  2093
    4402   1   2   1   0   1   2052  2094
    4403   1   2   1   0   1   2053  2095
    4404   1   2   1   0   1   2054  2096
    4405   1   2   1   0   1   2055  2097
    4406   1   2   1   0   1   2056  2098
    4407   1   2   1   0   1   2057  2099
    4408   1   2   1   0   1   2058  2100
    4409   1   2   1   0   1   2059  2101
    4410   1   2   1   0   1   2060  2102
    4411   1   2   1   0   1   2061  2103
    4412   1   2   1   0   1   2062  2104
    4413   1   2   1   0   1   2063  2105
    4414   1   2   1   0   1   2064  2106
    4415   1   2   1   0   1   2065  2107
    4416   1   2   1   0   1   2066  2108
    4417   1   2   1   0   1   2067  2109
    4418   1   2   1   0   1   2068  2110
    4419   1   2   1   0   1   2069  2111
    4420   1   2   1   0   1   2070  2112
 
    ELEM MAT TYP REL ESY SEC        NODES
 
    4421   1   2   1   0   1   2071  2113
    4422   1   2   1   0   1   2072  2114
    4423   1   2   1   0   1   2073  2115
    4424   1   2   1   0   1   2074  2116
    4425   1   2   1   0   1   2075  2117
    4426   1   2   1   0   1   2076  2118
    4427   1   2   1   0   1   2077  2119
    4428   1   2   1   0   1   2078  2120
    4429   1   2   1   0   1   2079  2121
    4430   1   2   1   0   1   2080  2122
    4431   1   2   1   0   1   2081  2123
    4432   1   2   1   0   1   2082  2124
    4433   1   2   1   0   1   2083  2125
    4434   1   2   1   0   1   2084  2126
    4435   1   2   1   0   1   2085  2127
    4436   1   2   1   0   1   2086  2128
    4437   1   2   1   0   1   2087  2129
    4438   1   2   1   0   1   2088  2130
    4439   1   2   1   0   1   2089  2131
    4440   1   2   1   0   1   2090  2132
 
    ELEM MAT TYP REL ESY SEC        NODES
 
    4441   1   2   1   0   1   2092  2134
    4442   1   2   1   0   1   2093  2135
    4443   1   2   1   0   1   2094  2136
    4444   1   2   1   0   1   2095  2137
    4445   1   2   1   0   1   2096  2138
    4446   1   2   1   0   1   2097  2139
    4447   1   2   1   0   1   2098  2140
    4448   1   2   1   0   1   2099  2141
    4449   1   2   1   0   1   2100  2142
    4450   1   2   1   0   1   2101  2143
    4451   1   2   1   0   1   2102  2144
    4452   1   2   1   0   1   2103  2145
    4453   1   2   1   0   1   2104  2146
    4454   1   2   1   0   1   2105  2147
    4455   1   2   1   0   1   2106  2148
    4456   1   2   1   0   1   2107  2149
    4457   1   2   1   0   1   2108  2150
    4458   1   2   1   0   1   2109  2151
    4459   1   2   1   0   1   2110  2152
    4460   1   2   1   0   1   2111  2153
 
    ELEM MAT TYP REL ESY SEC        NODES
 
    4461   1   2   1   0   1   2112  2154
    4462   1   2   1   0   1   2113  2155
    4463   1   2   1   0   1   2114  2156
    4464   1   2   1   0   1   2115  2157
    4465   1   2   1   0   1   2116  2158
    4466   1   2   1   0   1   2117  2159
    4467   1   2   1   0   1   2118  2160
    4468   1   2   1   0   1   2119  2161
    4469   1   2   1   0   1   2120  2162
    4470   1   2   1   0   1   2121  2163
    4471   1   2   1   0   1   2122  2164
    4472   1   2   1   0   1   2123  2165
    4473   1   2   1   0   1   2124  2166
    4474   1   2   1   0   1   2125  2167
    4475   1   2   1   0   1   2126  2168
    4476   1   2   1   0   1   2127  2169
    4477   1   2   1   0   1   2128  2170
    4478   1   2   1   0   1   2129  2171
    4479   1   2   1   0   1   2130  2172
    4480   1   2   1   0   1   2131  2173
 
    ELEM MAT TYP REL ESY SEC        NODES
 
    4481   1   2   1   0   1   2133  2175
    4482   1   2   1   0   1   2134  2176
    4483   1   2   1   0   1   2135  2177
    4484   1   2   1   0   1   2136  2178
    4485   1   2   1   0   1   2137  2179
    4486   1   2   1   0   1   2138  2180
    4487   1   2   1   0   1   2139  2181
    4488   1   2   1   0   1   2140  2182
    4489   1   2   1   0   1   2141  2183
    4490   1   2   1   0   1   2142  2184
    4491   1   2   1   0   1   2143  2185
    4492   1   2   1   0   1   2144  2186
    4493   1   2   1   0   1   2145  2187
    4494   1   2   1   0   1   2146  2188
    4495   1   2   1   0   1   2147  2189
    4496   1   2   1   0   1   2148  2190
    4497   1   2   1   0   1   2149  2191
    4498   1   2   1   0   1   2150  2192
    4499   1   2   1   0   1   2151  2193
    4500   1   2   1   0   1   2152  2194
 
    ELEM MAT TYP REL ESY SEC        NODES
 
    4501   1   2   1   0   1   2153  2195
    4502   1   2   1   0   1   2154  2196
    4503   1   2   1   0   1   2155  2197
    4504   1   2   1   0   1   2156  2198
    4505   1   2   1   0   1   2157  2199
    4506   1   2   1   0   1   2158  2200
    4507   1   2   1   0   1   2159  2201
    4508   1   2   1   0   1   2160  2202
    4509   1   2   1   0   1   2161  2203
    4510   1   2   1   0   1   2162  2204
    4511   1   2   1   0   1   2163  2205
    4512   1   2   1   0   1   2164  2206
    4513   1   2   1   0   1   2165  2207
    4514   1   2   1   0   1   2166  2208
    4515   1   2   1   0   1   2167  2209
    4516   1   2   1   0   1   2168  2210
    4517   1   2   1   0   1   2169  2211
    4518   1   2   1   0   1   2170  2212
    4519   1   2   1   0   1   2171  2213
    4520   1   2   1   0   1   2172  2214
 
    ELEM MAT TYP REL ESY SEC        NODES
 
    4521   1   2   1   0   1   2174  2216
    4522   1   2   1   0   1   2175  2217
    4523   1   2   1   0   1   2176  2218
    4524   1   2   1   0   1   2177  2219
    4525   1   2   1   0   1   2178  2220
    4526   1   2   1   0   1   2179  2221
    4527   1   2   1   0   1   2180  2222
    4528   1   2   1   0   1   2181  2223
    4529   1   2   1   0   1   2182  2224
    4530   1   2   1   0   1   2183  2225
    4531   1   2   1   0   1   2184  2226
    4532   1   2   1   0   1   2185  2227
    4533   1   2   1   0   1   2186  2228
    4534   1   2   1   0   1   2187  2229
    4535   1   2   1   0   1   2188  2230
    4536   1   2   1   0   1   2189  2231
    4537   1   2   1   0   1   2190  2232
    4538   1   2   1   0   1   2191  2233
    4539   1   2   1   0   1   2192  2234
    4540   1   2   1   0   1   2193  2235
 
    ELEM MAT TYP REL ESY SEC        NODES
 
    4541   1   2   1   0   1   2194  2236
    4542   1   2   1   0   1   2195  2237
    4543   1   2   1   0   1   2196  2238
    4544   1   2   1   0   1   2197  2239
    4545   1   2   1   0   1   2198  2240
    4546   1   2   1   0   1   2199  2241
    4547   1   2   1   0   1   2200  2242
    4548   1   2   1   0   1   2201  2243
    4549   1   2   1   0   1   2202  2244
    4550   1   2   1   0   1   2203  2245
    4551   1   2   1   0   1   2204  2246
    4552   1   2   1   0   1   2205  2247
    4553   1   2   1   0   1   2206  2248
    4554   1   2   1   0   1   2207  2249
    4555   1   2   1   0   1   2208  2250
    4556   1   2   1   0   1   2209  2251
    4557   1   2   1   0   1   2210  2252
    4558   1   2   1   0   1   2211  2253
    4559   1   2   1   0   1   2212  2254
    4560   1   2   1   0   1   2213  2255
 
    ELEM MAT TYP REL ESY SEC        NODES
 
    4561   1   2   1   0   1   2215  2257
    4562   1   2   1   0   1   2216  2258
    4563   1   2   1   0   1   2217  2259
    4564   1   2   1   0   1   2218  2260
    4565   1   2   1   0   1   2219  2261
    4566   1   2   1   0   1   2220  2262
    4567   1   2   1   0   1   2221  2263
    4568   1   2   1   0   1   2222  2264
    4569   1   2   1   0   1   2223  2265
    4570   1   2   1   0   1   2224  2266
    4571   1   2   1   0   1   2225  2267
    4572   1   2   1   0   1   2226  2268
    4573   1   2   1   0   1   2227  2269
    4574   1   2   1   0   1   2228  2270
    4575   1   2   1   0   1   2229  2271
    4576   1   2   1   0   1   2230  2272
    4577   1   2   1   0   1   2231  2273
    4578   1   2   1   0   1   2232  2274
    4579   1   2   1   0   1   2233  2275
    4580   1   2   1   0   1   2234  2276
 
    ELEM MAT TYP REL ESY SEC        NODES
 
    4581   1   2   1   0   1   2235  2277
    4582   1   2   1   0   1   2236  2278
    4583   1   2   1   0   1   2237  2279
    4584   1   2   1   0   1   2238  2280
    4585   1   2   1   0   1   2239  2281
    4586   1   2   1   0   1   2240  2282
    4587   1   2   1   0   1   2241  2283
    4588   1   2   1   0   1   2242  2284
    4589   1   2   1   0   1   2243  2285
    4590   1   2   1   0   1   2244  2286
    4591   1   2   1   0   1   2245  2287
    4592   1   2   1   0   1   2246  2288
    4593   1   2   1   0   1   2247  2289
    4594   1   2   1   0   1   2248  2290
    4595   1   2   1   0   1   2249  2291
    4596   1   2   1   0   1   2250  2292
    4597   1   2   1   0   1   2251  2293
    4598   1   2   1   0   1   2252  2294
    4599   1   2   1   0   1   2253  2295
    4600   1   2   1   0   1   2254  2296
 
    ELEM MAT TYP REL ESY SEC        NODES
 
    4601   1   2   1   0   1   2256  2298
    4602   1   2   1   0   1   2257  2299
    4603   1   2   1   0   1   2258  2300
    4604   1   2   1   0   1   2259  2301
    4605   1   2   1   0   1   2260  2302
    4606   1   2   1   0   1   2261  2303
    4607   1   2   1   0   1   2262  2304
    4608   1   2   1   0   1   2263  2305
    4609   1   2   1   0   1   2264  2306
    4610   1   2   1   0   1   2265  2307
    4611   1   2   1   0   1   2266  2308
    4612   1   2   1   0   1   2267  2309
    4613   1   2   1   0   1   2268  2310
    4614   1   2   1   0   1   2269  2311
    4615   1   2   1   0   1   2270  2312
    4616   1   2   1   0   1   2271  2313
    4617   1   2   1   0   1   2272  2314
    4618   1   2   1   0   1   2273  2315
    4619   1   2   1   0   1   2274  2316
    4620   1   2   1   0   1   2275  2317
 
    ELEM MAT TYP REL ESY SEC        NODES
 
    4621   1   2   1   0   1   2276  2318
    4622   1   2   1   0   1   2277  2319
    4623   1   2   1   0   1   2278  2320
    4624   1   2   1   0   1   2279  2321
    4625   1   2   1   0   1   2280  2322
    4626   1   2   1   0   1   2281  2323
    4627   1   2   1   0   1   2282  2324
    4628   1   2   1   0   1   2283  2325
    4629   1   2   1   0   1   2284  2326
    4630   1   2   1   0   1   2285  2327
    4631   1   2   1   0   1   2286  2328
    4632   1   2   1   0   1   2287  2329
    4633   1   2   1   0   1   2288  2330
    4634   1   2   1   0   1   2289  2331
    4635   1   2   1   0   1   2290  2332
    4636   1   2   1   0   1   2291  2333
    4637   1   2   1   0   1   2292  2334
    4638   1   2   1   0   1   2293  2335
    4639   1   2   1   0   1   2294  2336
    4640   1   2   1   0   1   2295  2337
 
    ELEM MAT TYP REL ESY SEC        NODES
 
    4641   1   2   1   0   1   2297  2339
    4642   1   2   1   0   1   2298  2340
    4643   1   2   1   0   1   2299  2341
    4644   1   2   1   0   1   2300  2342
    4645   1   2   1   0   1   2301  2343
    4646   1   2   1   0   1   2302  2344
    4647   1   2   1   0   1   2303  2345
    4648   1   2   1   0   1   2304  2346
    4649   1   2   1   0   1   2305  2347
    4650   1   2   1   0   1   2306  2348
    4651   1   2   1   0   1   2307  2349
    4652   1   2   1   0   1   2308  2350
    4653   1   2   1   0   1   2309  2351
    4654   1   2   1   0   1   2310  2352
    4655   1   2   1   0   1   2311  2353
    4656   1   2   1   0   1   2312  2354
    4657   1   2   1   0   1   2313  2355
    4658   1   2   1   0   1   2314  2356
    4659   1   2   1   0   1   2315  2357
    4660   1   2   1   0   1   2316  2358
 
    ELEM MAT TYP REL ESY SEC        NODES
 
    4661   1   2   1   0   1   2317  2359
    4662   1   2   1   0   1   2318  2360
    4663   1   2   1   0   1   2319  2361
    4664   1   2   1   0   1   2320  2362
    4665   1   2   1   0   1   2321  2363
    4666   1   2   1   0   1   2322  2364
    4667   1   2   1   0   1   2323  2365
    4668   1   2   1   0   1   2324  2366
    4669   1   2   1   0   1   2325  2367
    4670   1   2   1   0   1   2326  2368
    4671   1   2   1   0   1   2327  2369
    4672   1   2   1   0   1   2328  2370
    4673   1   2   1   0   1   2329  2371
    4674   1   2   1   0   1   2330  2372
    4675   1   2   1   0   1   2331  2373
    4676   1   2   1   0   1   2332  2374
    4677   1   2   1   0   1   2333  2375
    4678   1   2   1   0   1   2334  2376
    4679   1   2   1   0   1   2335  2377
    4680   1   2   1   0   1   2336  2378
 
    ELEM MAT TYP REL ESY SEC        NODES
 
    4681   1   2   1   0   1   2338  2380
    4682   1   2   1   0   1   2339  2381
    4683   1   2   1   0   1   2340  2382
    4684   1   2   1   0   1   2341  2383
    4685   1   2   1   0   1   2342  2384
    4686   1   2   1   0   1   2343  2385
    4687   1   2   1   0   1   2344  2386
    4688   1   2   1   0   1   2345  2387
    4689   1   2   1   0   1   2346  2388
    4690   1   2   1   0   1   2347  2389
    4691   1   2   1   0   1   2348  2390
    4692   1   2   1   0   1   2349  2391
    4693   1   2   1   0   1   2350  2392
    4694   1   2   1   0   1   2351  2393
    4695   1   2   1   0   1   2352  2394
    4696   1   2   1   0   1   2353  2395
    4697   1   2   1   0   1   2354  2396
    4698   1   2   1   0   1   2355  2397
    4699   1   2   1   0   1   2356  2398
    4700   1   2   1   0   1   2357  2399
 
    ELEM MAT TYP REL ESY SEC        NODES
 
    4701   1   2   1   0   1   2358  2400
    4702   1   2   1   0   1   2359  2401
    4703   1   2   1   0   1   2360  2402
    4704   1   2   1   0   1   2361  2403
    4705   1   2   1   0   1   2362  2404
    4706   1   2   1   0   1   2363  2405
    4707   1   2   1   0   1   2364  2406
    4708   1   2   1   0   1   2365  2407
    4709   1   2   1   0   1   2366  2408
    4710   1   2   1   0   1   2367  2409
    4711   1   2   1   0   1   2368  2410
    4712   1   2   1   0   1   2369  2411
    4713   1   2   1   0   1   2370  2412
    4714   1   2   1   0   1   2371  2413
    4715   1   2   1   0   1   2372  2414
    4716   1   2   1   0   1   2373  2415
    4717   1   2   1   0   1   2374  2416
    4718   1   2   1   0   1   2375  2417
    4719   1   2   1   0   1   2376  2418
    4720   1   2   1   0   1   2377  2419
 
    ELEM MAT TYP REL ESY SEC        NODES
 
    4721   1   2   1   0   1   2379  2421
    4722   1   2   1   0   1   2380  2422
    4723   1   2   1   0   1   2381  2423
    4724   1   2   1   0   1   2382  2424
    4725   1   2   1   0   1   2383  2425
    4726   1   2   1   0   1   2384  2426
    4727   1   2   1   0   1   2385  2427
    4728   1   2   1   0   1   2386  2428
    4729   1   2   1   0   1   2387  2429
    4730   1   2   1   0   1   2388  2430
    4731   1   2   1   0   1   2389  2431
    4732   1   2   1   0   1   2390  2432
    4733   1   2   1   0   1   2391  2433
    4734   1   2   1   0   1   2392  2434
    4735   1   2   1   0   1   2393  2435
    4736   1   2   1   0   1   2394  2436
    4737   1   2   1   0   1   2395  2437
    4738   1   2   1   0   1   2396  2438
    4739   1   2   1   0   1   2397  2439
    4740   1   2   1   0   1   2398  2440
 
    ELEM MAT TYP REL ESY SEC        NODES
 
    4741   1   2   1   0   1   2399  2441
    4742   1   2   1   0   1   2400  2442
    4743   1   2   1   0   1   2401  2443
    4744   1   2   1   0   1   2402  2444
    4745   1   2   1   0   1   2403  2445
    4746   1   2   1   0   1   2404  2446
    4747   1   2   1   0   1   2405  2447
    4748   1   2   1   0   1   2406  2448
    4749   1   2   1   0   1   2407  2449
    4750   1   2   1   0   1   2408  2450
    4751   1   2   1   0   1   2409  2451
    4752   1   2   1   0   1   2410  2452
    4753   1   2   1   0   1   2411  2453
    4754   1   2   1   0   1   2412  2454
    4755   1   2   1   0   1   2413  2455
    4756   1   2   1   0   1   2414  2456
    4757   1   2   1   0   1   2415  2457
    4758   1   2   1   0   1   2416  2458
    4759   1   2   1   0   1   2417  2459
    4760   1   2   1   0   1   2418  2460
 
    ELEM MAT TYP REL ESY SEC        NODES
 
    4761   1   2   1   0   1   2420  2462
    4762   1   2   1   0   1   2421  2463
    4763   1   2   1   0   1   2422  2464
    4764   1   2   1   0   1   2423  2465
    4765   1   2   1   0   1   2424  2466
    4766   1   2   1   0   1   2425  2467
    4767   1   2   1   0   1   2426  2468
    4768   1   2   1   0   1   2427  2469
    4769   1   2   1   0   1   2428  2470
    4770   1   2   1   0   1   2429  2471
    4771   1   2   1   0   1   2430  2472
    4772   1   2   1   0   1   2431  2473
    4773   1   2   1   0   1   2432  2474
    4774   1   2   1   0   1   2433  2475
    4775   1   2   1   0   1   2434  2476
    4776   1   2   1   0   1   2435  2477
    4777   1   2   1   0   1   2436  2478
    4778   1   2   1   0   1   2437  2479
    4779   1   2   1   0   1   2438  2480
    4780   1   2   1   0   1   2439  2481
 
    ELEM MAT TYP REL ESY SEC        NODES
 
    4781   1   2   1   0   1   2440  2482
    4782   1   2   1   0   1   2441  2483
    4783   1   2   1   0   1   2442  2484
    4784   1   2   1   0   1   2443  2485
    4785   1   2   1   0   1   2444  2486
    4786   1   2   1   0   1   2445  2487
    4787   1   2   1   0   1   2446  2488
    4788   1   2   1   0   1   2447  2489
    4789   1   2   1   0   1   2448  2490
    4790   1   2   1   0   1   2449  2491
    4791   1   2   1   0   1   2450  2492
    4792   1   2   1   0   1   2451  2493
    4793   1   2   1   0   1   2452  2494
    4794   1   2   1   0   1   2453  2495
    4795   1   2   1   0   1   2454  2496
    4796   1   2   1   0   1   2455  2497
    4797   1   2   1   0   1   2456  2498
    4798   1   2   1   0   1   2457  2499
    4799   1   2   1   0   1   2458  2500
    4800   1   2   1   0   1   2459  2501
 
    ELEM MAT TYP REL ESY SEC        NODES
 
    4801   1   2   1   0   1      2    42
    4802   1   2   1   0   1      3    43
    4803   1   2   1   0   1      4    44
    4804   1   2   1   0   1      5    45
    4805   1   2   1   0   1      6    46
    4806   1   2   1   0   1      7    47
    4807   1   2   1   0   1      8    48
    4808   1   2   1   0   1      9    49
    4809   1   2   1   0   1     10    50
    4810   1   2   1   0   1     11    51
    4811   1   2   1   0   1     12    52
    4812   1   2   1   0   1     13    53
    4813   1   2   1   0   1     14    54
    4814   1   2   1   0   1     15    55
    4815   1   2   1   0   1     16    56
    4816   1   2   1   0   1     17    57
    4817   1   2   1   0   1     18    58
    4818   1   2   1   0   1     19    59
    4819   1   2   1   0   1     20    60
    4820   1   2   1   0   1     21    61
 
    ELEM MAT TYP REL ESY SEC        NODES
 
    4821   1   2   1   0   1     22    62
    4822   1   2   1   0   1     23    63
    4823   1   2   1   0   1     24    64
    4824   1   2   1   0   1     25    65
    4825   1   2   1   0   1     26    66
    4826   1   2   1   0   1     27    67
    4827   1   2   1   0   1     28    68
    4828   1   2   1   0   1     29    69
    4829   1   2   1   0   1     30    70
    4830   1   2   1   0   1     31    71
    4831   1   2   1   0   1     32    72
    4832   1   2   1   0   1     33    73
    4833   1   2   1   0   1     34    74
    4834   1   2   1   0   1     35    75
    4835   1   2   1   0   1     36    76
    4836   1   2   1   0   1     37    77
    4837   1   2   1   0   1     38    78
    4838   1   2   1   0   1     39    79
    4839   1   2   1   0   1     40    80
    4840   1   2   1   0   1     41    81
 
    ELEM MAT TYP REL ESY SEC        NODES
 
    4841   1   2   1   0   1     43    83
    4842   1   2   1   0   1     44    84
    4843   1   2   1   0   1     45    85
    4844   1   2   1   0   1     46    86
    4845   1   2   1   0   1     47    87
    4846   1   2   1   0   1     48    88
    4847   1   2   1   0   1     49    89
    4848   1   2   1   0   1     50    90
    4849   1   2   1   0   1     51    91
    4850   1   2   1   0   1     52    92
    4851   1   2   1   0   1     53    93
    4852   1   2   1   0   1     54    94
    4853   1   2   1   0   1     55    95
    4854   1   2   1   0   1     56    96
    4855   1   2   1   0   1     57    97
    4856   1   2   1   0   1     58    98
    4857   1   2   1   0   1     59    99
    4858   1   2   1   0   1     60   100
    4859   1   2   1   0   1     61   101
    4860   1   2   1   0   1     62   102
 
    ELEM MAT TYP REL ESY SEC        NODES
 
    4861   1   2   1   0   1     63   103
    4862   1   2   1   0   1     64   104
    4863   1   2   1   0   1     65   105
    4864   1   2   1   0   1     66   106
    4865   1   2   1   0   1     67   107
    4866   1   2   1   0   1     68   108
    4867   1   2   1   0   1     69   109
    4868   1   2   1   0   1     70   110
    4869   1   2   1   0   1     71   111
    4870   1   2   1   0   1     72   112
    4871   1   2   1   0   1     73   113
    4872   1   2   1   0   1     74   114
    4873   1   2   1   0   1     75   115
    4874   1   2   1   0   1     76   116
    4875   1   2   1   0   1     77   117
    4876   1   2   1   0   1     78   118
    4877   1   2   1   0   1     79   119
    4878   1   2   1   0   1     80   120
    4879   1   2   1   0   1     81   121
    4880   1   2   1   0   1     82   122
 
    ELEM MAT TYP REL ESY SEC        NODES
 
    4881   1   2   1   0   1     84   124
    4882   1   2   1   0   1     85   125
    4883   1   2   1   0   1     86   126
    4884   1   2   1   0   1     87   127
    4885   1   2   1   0   1     88   128
    4886   1   2   1   0   1     89   129
    4887   1   2   1   0   1     90   130
    4888   1   2   1   0   1     91   131
    4889   1   2   1   0   1     92   132
    4890   1   2   1   0   1     93   133
    4891   1   2   1   0   1     94   134
    4892   1   2   1   0   1     95   135
    4893   1   2   1   0   1     96   136
    4894   1   2   1   0   1     97   137
    4895   1   2   1   0   1     98   138
    4896   1   2   1   0   1     99   139
    4897   1   2   1   0   1    100   140
    4898   1   2   1   0   1    101   141
    4899   1   2   1   0   1    102   142
    4900   1   2   1   0   1    103   143
 
    ELEM MAT TYP REL ESY SEC        NODES
 
    4901   1   2   1   0   1    104   144
    4902   1   2   1   0   1    105   145
    4903   1   2   1   0   1    106   146
    4904   1   2   1   0   1    107   147
    4905   1   2   1   0   1    108   148
    4906   1   2   1   0   1    109   149
    4907   1   2   1   0   1    110   150
    4908   1   2   1   0   1    111   151
    4909   1   2   1   0   1    112   152
    4910   1   2   1   0   1    113   153
    4911   1   2   1   0   1    114   154
    4912   1   2   1   0   1    115   155
    4913   1   2   1   0   1    116   156
    4914   1   2   1   0   1    117   157
    4915   1   2   1   0   1    118   158
    4916   1   2   1   0   1    119   159
    4917   1   2   1   0   1    120   160
    4918   1   2   1   0   1    121   161
    4919   1   2   1   0   1    122   162
    4920   1   2   1   0   1    123   163
 
    ELEM MAT TYP REL ESY SEC        NODES
 
    4921   1   2   1   0   1    125   165
    4922   1   2   1   0   1    126   166
    4923   1   2   1   0   1    127   167
    4924   1   2   1   0   1    128   168
    4925   1   2   1   0   1    129   169
    4926   1   2   1   0   1    130   170
    4927   1   2   1   0   1    131   171
    4928   1   2   1   0   1    132   172
    4929   1   2   1   0   1    133   173
    4930   1   2   1   0   1    134   174
    4931   1   2   1   0   1    135   175
    4932   1   2   1   0   1    136   176
    4933   1   2   1   0   1    137   177
    4934   1   2   1   0   1    138   178
    4935   1   2   1   0   1    139   179
    4936   1   2   1   0   1    140   180
    4937   1   2   1   0   1    141   181
    4938   1   2   1   0   1    142   182
    4939   1   2   1   0   1    143   183
    4940   1   2   1   0   1    144   184
 
    ELEM MAT TYP REL ESY SEC        NODES
 
    4941   1   2   1   0   1    145   185
    4942   1   2   1   0   1    146   186
    4943   1   2   1   0   1    147   187
    4944   1   2   1   0   1    148   188
    4945   1   2   1   0   1    149   189
    4946   1   2   1   0   1    150   190
    4947   1   2   1   0   1    151   191
    4948   1   2   1   0   1    152   192
    4949   1   2   1   0   1    153   193
    4950   1   2   1   0   1    154   194
    4951   1   2   1   0   1    155   195
    4952   1   2   1   0   1    156   196
    4953   1   2   1   0   1    157   197
    4954   1   2   1   0   1    158   198
    4955   1   2   1   0   1    159   199
    4956   1   2   1   0   1    160   200
    4957   1   2   1   0   1    161   201
    4958   1   2   1   0   1    162   202
    4959   1   2   1   0   1    163   203
    4960   1   2   1   0   1    164   204
 
    ELEM MAT TYP REL ESY SEC        NODES
 
    4961   1   2   1   0   1    166   206
    4962   1   2   1   0   1    167   207
    4963   1   2   1   0   1    168   208
    4964   1   2   1   0   1    169   209
    4965   1   2   1   0   1    170   210
    4966   1   2   1   0   1    171   211
    4967   1   2   1   0   1    172   212
    4968   1   2   1   0   1    173   213
    4969   1   2   1   0   1    174   214
    4970   1   2   1   0   1    175   215
    4971   1   2   1   0   1    176   216
    4972   1   2   1   0   1    177   217
    4973   1   2   1   0   1    178   218
    4974   1   2   1   0   1    179   219
    4975   1   2   1   0   1    180   220
    4976   1   2   1   0   1    181   221
    4977   1   2   1   0   1    182   222
    4978   1   2   1   0   1    183   223
    4979   1   2   1   0   1    184   224
    4980   1   2   1   0   1    185   225
 
    ELEM MAT TYP REL ESY SEC        NODES
 
    4981   1   2   1   0   1    186   226
    4982   1   2   1   0   1    187   227
    4983   1   2   1   0   1    188   228
    4984   1   2   1   0   1    189   229
    4985   1   2   1   0   1    190   230
    4986   1   2   1   0   1    191   231
    4987   1   2   1   0   1    192   232
    4988   1   2   1   0   1    193   233
    4989   1   2   1   0   1    194   234
    4990   1   2   1   0   1    195   235
    4991   1   2   1   0   1    196   236
    4992   1   2   1   0   1    197   237
    4993   1   2   1   0   1    198   238
    4994   1   2   1   0   1    199   239
    4995   1   2   1   0   1    200   240
    4996   1   2   1   0   1    201   241
    4997   1   2   1   0   1    202   242
    4998   1   2   1   0   1    203   243
    4999   1   2   1   0   1    204   244
    5000   1   2   1   0   1    205   245
 
    ELEM MAT TYP REL ESY SEC        NODES
 
    5001   1   2   1   0   1    207   247
    5002   1   2   1   0   1    208   248
    5003   1   2   1   0   1    209   249
    5004   1   2   1   0   1    210   250
    5005   1   2   1   0   1    211   251
    5006   1   2   1   0   1    212   252
    5007   1   2   1   0   1    213   253
    5008   1   2   1   0   1    214   254
    5009   1   2   1   0   1    215   255
    5010   1   2   1   0   1    216   256
    5011   1   2   1   0   1    217   257
    5012   1   2   1   0   1    218   258
    5013   1   2   1   0   1    219   259
    5014   1   2   1   0   1    220   260
    5015   1   2   1   0   1    221   261
    5016   1   2   1   0   1    222   262
    5017   1   2   1   0   1    223   263
    5018   1   2   1   0   1    224   264
    5019   1   2   1   0   1    225   265
    5020   1   2   1   0   1    226   266
 
    ELEM MAT TYP REL ESY SEC        NODES
 
    5021   1   2   1   0   1    227   267
    5022   1   2   1   0   1    228   268
    5023   1   2   1   0   1    229   269
    5024   1   2   1   0   1    230   270
    5025   1   2   1   0   1    231   271
    5026   1   2   1   0   1    232   272
    5027   1   2   1   0   1    233   273
    5028   1   2   1   0   1    234   274
    5029   1   2   1   0   1    235   275
    5030   1   2   1   0   1    236   276
    5031   1   2   1   0   1    237   277
    5032   1   2   1   0   1    238   278
    5033   1   2   1   0   1    239   279
    5034   1   2   1   0   1    240   280
    5035   1   2   1   0   1    241   281
    5036   1   2   1   0   1    242   282
    5037   1   2   1   0   1    243   283
    5038   1   2   1   0   1    244   284
    5039   1   2   1   0   1    245   285
    5040   1   2   1   0   1    246   286
 
    ELEM MAT TYP REL ESY SEC        NODES
 
    5041   1   2   1   0   1    248   288
    5042   1   2   1   0   1    249   289
    5043   1   2   1   0   1    250   290
    5044   1   2   1   0   1    251   291
    5045   1   2   1   0   1    252   292
    5046   1   2   1   0   1    253   293
    5047   1   2   1   0   1    254   294
    5048   1   2   1   0   1    255   295
    5049   1   2   1   0   1    256   296
    5050   1   2   1   0   1    257   297
    5051   1   2   1   0   1    258   298
    5052   1   2   1   0   1    259   299
    5053   1   2   1   0   1    260   300
    5054   1   2   1   0   1    261   301
    5055   1   2   1   0   1    262   302
    5056   1   2   1   0   1    263   303
    5057   1   2   1   0   1    264   304
    5058   1   2   1   0   1    265   305
    5059   1   2   1   0   1    266   306
    5060   1   2   1   0   1    267   307
 
    ELEM MAT TYP REL ESY SEC        NODES
 
    5061   1   2   1   0   1    268   308
    5062   1   2   1   0   1    269   309
    5063   1   2   1   0   1    270   310
    5064   1   2   1   0   1    271   311
    5065   1   2   1   0   1    272   312
    5066   1   2   1   0   1    273   313
    5067   1   2   1   0   1    274   314
    5068   1   2   1   0   1    275   315
    5069   1   2   1   0   1    276   316
    5070   1   2   1   0   1    277   317
    5071   1   2   1   0   1    278   318
    5072   1   2   1   0   1    279   319
    5073   1   2   1   0   1    280   320
    5074   1   2   1   0   1    281   321
    5075   1   2   1   0   1    282   322
    5076   1   2   1   0   1    283   323
    5077   1   2   1   0   1    284   324
    5078   1   2   1   0   1    285   325
    5079   1   2   1   0   1    286   326
    5080   1   2   1   0   1    287   327
 
    ELEM MAT TYP REL ESY SEC        NODES
 
    5081   1   2   1   0   1    289   329
    5082   1   2   1   0   1    290   330
    5083   1   2   1   0   1    291   331
    5084   1   2   1   0   1    292   332
    5085   1   2   1   0   1    293   333
    5086   1   2   1   0   1    294   334
    5087   1   2   1   0   1    295   335
    5088   1   2   1   0   1    296   336
    5089   1   2   1   0   1    297   337
    5090   1   2   1   0   1    298   338
    5091   1   2   1   0   1    299   339
    5092   1   2   1   0   1    300   340
    5093   1   2   1   0   1    301   341
    5094   1   2   1   0   1    302   342
    5095   1   2   1   0   1    303   343
    5096   1   2   1   0   1    304   344
    5097   1   2   1   0   1    305   345
    5098   1   2   1   0   1    306   346
    5099   1   2   1   0   1    307   347
    5100   1   2   1   0   1    308   348
 
    ELEM MAT TYP REL ESY SEC        NODES
 
    5101   1   2   1   0   1    309   349
    5102   1   2   1   0   1    310   350
    5103   1   2   1   0   1    311   351
    5104   1   2   1   0   1    312   352
    5105   1   2   1   0   1    313   353
    5106   1   2   1   0   1    314   354
    5107   1   2   1   0   1    315   355
    5108   1   2   1   0   1    316   356
    5109   1   2   1   0   1    317   357
    5110   1   2   1   0   1    318   358
    5111   1   2   1   0   1    319   359
    5112   1   2   1   0   1    320   360
    5113   1   2   1   0   1    321   361
    5114   1   2   1   0   1    322   362
    5115   1   2   1   0   1    323   363
    5116   1   2   1   0   1    324   364
    5117   1   2   1   0   1    325   365
    5118   1   2   1   0   1    326   366
    5119   1   2   1   0   1    327   367
    5120   1   2   1   0   1    328   368
 
    ELEM MAT TYP REL ESY SEC        NODES
 
    5121   1   2   1   0   1    330   370
    5122   1   2   1   0   1    331   371
    5123   1   2   1   0   1    332   372
    5124   1   2   1   0   1    333   373
    5125   1   2   1   0   1    334   374
    5126   1   2   1   0   1    335   375
    5127   1   2   1   0   1    336   376
    5128   1   2   1   0   1    337   377
    5129   1   2   1   0   1    338   378
    5130   1   2   1   0   1    339   379
    5131   1   2   1   0   1    340   380
    5132   1   2   1   0   1    341   381
    5133   1   2   1   0   1    342   382
    5134   1   2   1   0   1    343   383
    5135   1   2   1   0   1    344   384
    5136   1   2   1   0   1    345   385
    5137   1   2   1   0   1    346   386
    5138   1   2   1   0   1    347   387
    5139   1   2   1   0   1    348   388
    5140   1   2   1   0   1    349   389
 
    ELEM MAT TYP REL ESY SEC        NODES
 
    5141   1   2   1   0   1    350   390
    5142   1   2   1   0   1    351   391
    5143   1   2   1   0   1    352   392
    5144   1   2   1   0   1    353   393
    5145   1   2   1   0   1    354   394
    5146   1   2   1   0   1    355   395
    5147   1   2   1   0   1    356   396
    5148   1   2   1   0   1    357   397
    5149   1   2   1   0   1    358   398
    5150   1   2   1   0   1    359   399
    5151   1   2   1   0   1    360   400
    5152   1   2   1   0   1    361   401
    5153   1   2   1   0   1    362   402
    5154   1   2   1   0   1    363   403
    5155   1   2   1   0   1    364   404
    5156   1   2   1   0   1    365   405
    5157   1   2   1   0   1    366   406
    5158   1   2   1   0   1    367   407
    5159   1   2   1   0   1    368   408
    5160   1   2   1   0   1    369   409
 
    ELEM MAT TYP REL ESY SEC        NODES
 
    5161   1   2   1   0   1    371   411
    5162   1   2   1   0   1    372   412
    5163   1   2   1   0   1    373   413
    5164   1   2   1   0   1    374   414
    5165   1   2   1   0   1    375   415
    5166   1   2   1   0   1    376   416
    5167   1   2   1   0   1    377   417
    5168   1   2   1   0   1    378   418
    5169   1   2   1   0   1    379   419
    5170   1   2   1   0   1    380   420
    5171   1   2   1   0   1    381   421
    5172   1   2   1   0   1    382   422
    5173   1   2   1   0   1    383   423
    5174   1   2   1   0   1    384   424
    5175   1   2   1   0   1    385   425
    5176   1   2   1   0   1    386   426
    5177   1   2   1   0   1    387   427
    5178   1   2   1   0   1    388   428
    5179   1   2   1   0   1    389   429
    5180   1   2   1   0   1    390   430
 
    ELEM MAT TYP REL ESY SEC        NODES
 
    5181   1   2   1   0   1    391   431
    5182   1   2   1   0   1    392   432
    5183   1   2   1   0   1    393   433
    5184   1   2   1   0   1    394   434
    5185   1   2   1   0   1    395   435
    5186   1   2   1   0   1    396   436
    5187   1   2   1   0   1    397   437
    5188   1   2   1   0   1    398   438
    5189   1   2   1   0   1    399   439
    5190   1   2   1   0   1    400   440
    5191   1   2   1   0   1    401   441
    5192   1   2   1   0   1    402   442
    5193   1   2   1   0   1    403   443
    5194   1   2   1   0   1    404   444
    5195   1   2   1   0   1    405   445
    5196   1   2   1   0   1    406   446
    5197   1   2   1   0   1    407   447
    5198   1   2   1   0   1    408   448
    5199   1   2   1   0   1    409   449
    5200   1   2   1   0   1    410   450
 
    ELEM MAT TYP REL ESY SEC        NODES
 
    5201   1   2   1   0   1    412   452
    5202   1   2   1   0   1    413   453
    5203   1   2   1   0   1    414   454
    5204   1   2   1   0   1    415   455
    5205   1   2   1   0   1    416   456
    5206   1   2   1   0   1    417   457
    5207   1   2   1   0   1    418   458
    5208   1   2   1   0   1    419   459
    5209   1   2   1   0   1    420   460
    5210   1   2   1   0   1    421   461
    5211   1   2   1   0   1    422   462
    5212   1   2   1   0   1    423   463
    5213   1   2   1   0   1    424   464
    5214   1   2   1   0   1    425   465
    5215   1   2   1   0   1    426   466
    5216   1   2   1   0   1    427   467
    5217   1   2   1   0   1    428   468
    5218   1   2   1   0   1    429   469
    5219   1   2   1   0   1    430   470
    5220   1   2   1   0   1    431   471
 
    ELEM MAT TYP REL ESY SEC        NODES
 
    5221   1   2   1   0   1    432   472
    5222   1   2   1   0   1    433   473
    5223   1   2   1   0   1    434   474
    5224   1   2   1   0   1    435   475
    5225   1   2   1   0   1    436   476
    5226   1   2   1   0   1    437   477
    5227   1   2   1   0   1    438   478
    5228   1   2   1   0   1    439   479
    5229   1   2   1   0   1    440   480
    5230   1   2   1   0   1    441   481
    5231   1   2   1   0   1    442   482
    5232   1   2   1   0   1    443   483
    5233   1   2   1   0   1    444   484
    5234   1   2   1   0   1    445   485
    5235   1   2   1   0   1    446   486
    5236   1   2   1   0   1    447   487
    5237   1   2   1   0   1    448   488
    5238   1   2   1   0   1    449   489
    5239   1   2   1   0   1    450   490
    5240   1   2   1   0   1    451   491
 
    ELEM MAT TYP REL ESY SEC        NODES
 
    5241   1   2   1   0   1    453   493
    5242   1   2   1   0   1    454   494
    5243   1   2   1   0   1    455   495
    5244   1   2   1   0   1    456   496
    5245   1   2   1   0   1    457   497
    5246   1   2   1   0   1    458   498
    5247   1   2   1   0   1    459   499
    5248   1   2   1   0   1    460   500
    5249   1   2   1   0   1    461   501
    5250   1   2   1   0   1    462   502
    5251   1   2   1   0   1    463   503
    5252   1   2   1   0   1    464   504
    5253   1   2   1   0   1    465   505
    5254   1   2   1   0   1    466   506
    5255   1   2   1   0   1    467   507
    5256   1   2   1   0   1    468   508
    5257   1   2   1   0   1    469   509
    5258   1   2   1   0   1    470   510
    5259   1   2   1   0   1    471   511
    5260   1   2   1   0   1    472   512
 
    ELEM MAT TYP REL ESY SEC        NODES
 
    5261   1   2   1   0   1    473   513
    5262   1   2   1   0   1    474   514
    5263   1   2   1   0   1    475   515
    5264   1   2   1   0   1    476   516
    5265   1   2   1   0   1    477   517
    5266   1   2   1   0   1    478   518
    5267   1   2   1   0   1    479   519
    5268   1   2   1   0   1    480   520
    5269   1   2   1   0   1    481   521
    5270   1   2   1   0   1    482   522
    5271   1   2   1   0   1    483   523
    5272   1   2   1   0   1    484   524
    5273   1   2   1   0   1    485   525
    5274   1   2   1   0   1    486   526
    5275   1   2   1   0   1    487   527
    5276   1   2   1   0   1    488   528
    5277   1   2   1   0   1    489   529
    5278   1   2   1   0   1    490   530
    5279   1   2   1   0   1    491   531
    5280   1   2   1   0   1    492   532
 
    ELEM MAT TYP REL ESY SEC        NODES
 
    5281   1   2   1   0   1    494   534
    5282   1   2   1   0   1    495   535
    5283   1   2   1   0   1    496   536
    5284   1   2   1   0   1    497   537
    5285   1   2   1   0   1    498   538
    5286   1   2   1   0   1    499   539
    5287   1   2   1   0   1    500   540
    5288   1   2   1   0   1    501   541
    5289   1   2   1   0   1    502   542
    5290   1   2   1   0   1    503   543
    5291   1   2   1   0   1    504   544
    5292   1   2   1   0   1    505   545
    5293   1   2   1   0   1    506   546
    5294   1   2   1   0   1    507   547
    5295   1   2   1   0   1    508   548
    5296   1   2   1   0   1    509   549
    5297   1   2   1   0   1    510   550
    5298   1   2   1   0   1    511   551
    5299   1   2   1   0   1    512   552
    5300   1   2   1   0   1    513   553
 
    ELEM MAT TYP REL ESY SEC        NODES
 
    5301   1   2   1   0   1    514   554
    5302   1   2   1   0   1    515   555
    5303   1   2   1   0   1    516   556
    5304   1   2   1   0   1    517   557
    5305   1   2   1   0   1    518   558
    5306   1   2   1   0   1    519   559
    5307   1   2   1   0   1    520   560
    5308   1   2   1   0   1    521   561
    5309   1   2   1   0   1    522   562
    5310   1   2   1   0   1    523   563
    5311   1   2   1   0   1    524   564
    5312   1   2   1   0   1    525   565
    5313   1   2   1   0   1    526   566
    5314   1   2   1   0   1    527   567
    5315   1   2   1   0   1    528   568
    5316   1   2   1   0   1    529   569
    5317   1   2   1   0   1    530   570
    5318   1   2   1   0   1    531   571
    5319   1   2   1   0   1    532   572
    5320   1   2   1   0   1    533   573
 
    ELEM MAT TYP REL ESY SEC        NODES
 
    5321   1   2   1   0   1    535   575
    5322   1   2   1   0   1    536   576
    5323   1   2   1   0   1    537   577
    5324   1   2   1   0   1    538   578
    5325   1   2   1   0   1    539   579
    5326   1   2   1   0   1    540   580
    5327   1   2   1   0   1    541   581
    5328   1   2   1   0   1    542   582
    5329   1   2   1   0   1    543   583
    5330   1   2   1   0   1    544   584
    5331   1   2   1   0   1    545   585
    5332   1   2   1   0   1    546   586
    5333   1   2   1   0   1    547   587
    5334   1   2   1   0   1    548   588
    5335   1   2   1   0   1    549   589
    5336   1   2   1   0   1    550   590
    5337   1   2   1   0   1    551   591
    5338   1   2   1   0   1    552   592
    5339   1   2   1   0   1    553   593
    5340   1   2   1   0   1    554   594
 
    ELEM MAT TYP REL ESY SEC        NODES
 
    5341   1   2   1   0   1    555   595
    5342   1   2   1   0   1    556   596
    5343   1   2   1   0   1    557   597
    5344   1   2   1   0   1    558   598
    5345   1   2   1   0   1    559   599
    5346   1   2   1   0   1    560   600
    5347   1   2   1   0   1    561   601
    5348   1   2   1   0   1    562   602
    5349   1   2   1   0   1    563   603
    5350   1   2   1   0   1    564   604
    5351   1   2   1   0   1    565   605
    5352   1   2   1   0   1    566   606
    5353   1   2   1   0   1    567   607
    5354   1   2   1   0   1    568   608
    5355   1   2   1   0   1    569   609
    5356   1   2   1   0   1    570   610
    5357   1   2   1   0   1    571   611
    5358   1   2   1   0   1    572   612
    5359   1   2   1   0   1    573   613
    5360   1   2   1   0   1    574   614
 
    ELEM MAT TYP REL ESY SEC        NODES
 
    5361   1   2   1   0   1    576   616
    5362   1   2   1   0   1    577   617
    5363   1   2   1   0   1    578   618
    5364   1   2   1   0   1    579   619
    5365   1   2   1   0   1    580   620
    5366   1   2   1   0   1    581   621
    5367   1   2   1   0   1    582   622
    5368   1   2   1   0   1    583   623
    5369   1   2   1   0   1    584   624
    5370   1   2   1   0   1    585   625
    5371   1   2   1   0   1    586   626
    5372   1   2   1   0   1    587   627
    5373   1   2   1   0   1    588   628
    5374   1   2   1   0   1    589   629
    5375   1   2   1   0   1    590   630
    5376   1   2   1   0   1    591   631
    5377   1   2   1   0   1    592   632
    5378   1   2   1   0   1    593   633
    5379   1   2   1   0   1    594   634
    5380   1   2   1   0   1    595   635
 
    ELEM MAT TYP REL ESY SEC        NODES
 
    5381   1   2   1   0   1    596   636
    5382   1   2   1   0   1    597   637
    5383   1   2   1   0   1    598   638
    5384   1   2   1   0   1    599   639
    5385   1   2   1   0   1    600   640
    5386   1   2   1   0   1    601   641
    5387   1   2   1   0   1    602   642
    5388   1   2   1   0   1    603   643
    5389   1   2   1   0   1    604   644
    5390   1   2   1   0   1    605   645
    5391   1   2   1   0   1    606   646
    5392   1   2   1   0   1    607   647
    5393   1   2   1   0   1    608   648
    5394   1   2   1   0   1    609   649
    5395   1   2   1   0   1    610   650
    5396   1   2   1   0   1    611   651
    5397   1   2   1   0   1    612   652
    5398   1   2   1   0   1    613   653
    5399   1   2   1   0   1    614   654
    5400   1   2   1   0   1    615   655
 
    ELEM MAT TYP REL ESY SEC        NODES
 
    5401   1   2   1   0   1    617   657
    5402   1   2   1   0   1    618   658
    5403   1   2   1   0   1    619   659
    5404   1   2   1   0   1    620   660
    5405   1   2   1   0   1    621   661
    5406   1   2   1   0   1    622   662
    5407   1   2   1   0   1    623   663
    5408   1   2   1   0   1    624   664
    5409   1   2   1   0   1    625   665
    5410   1   2   1   0   1    626   666
    5411   1   2   1   0   1    627   667
    5412   1   2   1   0   1    628   668
    5413   1   2   1   0   1    629   669
    5414   1   2   1   0   1    630   670
    5415   1   2   1   0   1    631   671
    5416   1   2   1   0   1    632   672
    5417   1   2   1   0   1    633   673
    5418   1   2   1   0   1    634   674
    5419   1   2   1   0   1    635   675
    5420   1   2   1   0   1    636   676
 
    ELEM MAT TYP REL ESY SEC        NODES
 
    5421   1   2   1   0   1    637   677
    5422   1   2   1   0   1    638   678
    5423   1   2   1   0   1    639   679
    5424   1   2   1   0   1    640   680
    5425   1   2   1   0   1    641   681
    5426   1   2   1   0   1    642   682
    5427   1   2   1   0   1    643   683
    5428   1   2   1   0   1    644   684
    5429   1   2   1   0   1    645   685
    5430   1   2   1   0   1    646   686
    5431   1   2   1   0   1    647   687
    5432   1   2   1   0   1    648   688
    5433   1   2   1   0   1    649   689
    5434   1   2   1   0   1    650   690
    5435   1   2   1   0   1    651   691
    5436   1   2   1   0   1    652   692
    5437   1   2   1   0   1    653   693
    5438   1   2   1   0   1    654   694
    5439   1   2   1   0   1    655   695
    5440   1   2   1   0   1    656   696
 
    ELEM MAT TYP REL ESY SEC        NODES
 
    5441   1   2   1   0   1    658   698
    5442   1   2   1   0   1    659   699
    5443   1   2   1   0   1    660   700
    5444   1   2   1   0   1    661   701
    5445   1   2   1   0   1    662   702
    5446   1   2   1   0   1    663   703
    5447   1   2   1   0   1    664   704
    5448   1   2   1   0   1    665   705
    5449   1   2   1   0   1    666   706
    5450   1   2   1   0   1    667   707
    5451   1   2   1   0   1    668   708
    5452   1   2   1   0   1    669   709
    5453   1   2   1   0   1    670   710
    5454   1   2   1   0   1    671   711
    5455   1   2   1   0   1    672   712
    5456   1   2   1   0   1    673   713
    5457   1   2   1   0   1    674   714
    5458   1   2   1   0   1    675   715
    5459   1   2   1   0   1    676   716
    5460   1   2   1   0   1    677   717
 
    ELEM MAT TYP REL ESY SEC        NODES
 
    5461   1   2   1   0   1    678   718
    5462   1   2   1   0   1    679   719
    5463   1   2   1   0   1    680   720
    5464   1   2   1   0   1    681   721
    5465   1   2   1   0   1    682   722
    5466   1   2   1   0   1    683   723
    5467   1   2   1   0   1    684   724
    5468   1   2   1   0   1    685   725
    5469   1   2   1   0   1    686   726
    5470   1   2   1   0   1    687   727
    5471   1   2   1   0   1    688   728
    5472   1   2   1   0   1    689   729
    5473   1   2   1   0   1    690   730
    5474   1   2   1   0   1    691   731
    5475   1   2   1   0   1    692   732
    5476   1   2   1   0   1    693   733
    5477   1   2   1   0   1    694   734
    5478   1   2   1   0   1    695   735
    5479   1   2   1   0   1    696   736
    5480   1   2   1   0   1    697   737
 
    ELEM MAT TYP REL ESY SEC        NODES
 
    5481   1   2   1   0   1    699   739
    5482   1   2   1   0   1    700   740
    5483   1   2   1   0   1    701   741
    5484   1   2   1   0   1    702   742
    5485   1   2   1   0   1    703   743
    5486   1   2   1   0   1    704   744
    5487   1   2   1   0   1    705   745
    5488   1   2   1   0   1    706   746
    5489   1   2   1   0   1    707   747
    5490   1   2   1   0   1    708   748
    5491   1   2   1   0   1    709   749
    5492   1   2   1   0   1    710   750
    5493   1   2   1   0   1    711   751
    5494   1   2   1   0   1    712   752
    5495   1   2   1   0   1    713   753
    5496   1   2   1   0   1    714   754
    5497   1   2   1   0   1    715   755
    5498   1   2   1   0   1    716   756
    5499   1   2   1   0   1    717   757
    5500   1   2   1   0   1    718   758
 
    ELEM MAT TYP REL ESY SEC        NODES
 
    5501   1   2   1   0   1    719   759
    5502   1   2   1   0   1    720   760
    5503   1   2   1   0   1    721   761
    5504   1   2   1   0   1    722   762
    5505   1   2   1   0   1    723   763
    5506   1   2   1   0   1    724   764
    5507   1   2   1   0   1    725   765
    5508   1   2   1   0   1    726   766
    5509   1   2   1   0   1    727   767
    5510   1   2   1   0   1    728   768
    5511   1   2   1   0   1    729   769
    5512   1   2   1   0   1    730   770
    5513   1   2   1   0   1    731   771
    5514   1   2   1   0   1    732   772
    5515   1   2   1   0   1    733   773
    5516   1   2   1   0   1    734   774
    5517   1   2   1   0   1    735   775
    5518   1   2   1   0   1    736   776
    5519   1   2   1   0   1    737   777
    5520   1   2   1   0   1    738   778
 
    ELEM MAT TYP REL ESY SEC        NODES
 
    5521   1   2   1   0   1    740   780
    5522   1   2   1   0   1    741   781
    5523   1   2   1   0   1    742   782
    5524   1   2   1   0   1    743   783
    5525   1   2   1   0   1    744   784
    5526   1   2   1   0   1    745   785
    5527   1   2   1   0   1    746   786
    5528   1   2   1   0   1    747   787
    5529   1   2   1   0   1    748   788
    5530   1   2   1   0   1    749   789
    5531   1   2   1   0   1    750   790
    5532   1   2   1   0   1    751   791
    5533   1   2   1   0   1    752   792
    5534   1   2   1   0   1    753   793
    5535   1   2   1   0   1    754   794
    5536   1   2   1   0   1    755   795
    5537   1   2   1   0   1    756   796
    5538   1   2   1   0   1    757   797
    5539   1   2   1   0   1    758   798
    5540   1   2   1   0   1    759   799
 
    ELEM MAT TYP REL ESY SEC        NODES
 
    5541   1   2   1   0   1    760   800
    5542   1   2   1   0   1    761   801
    5543   1   2   1   0   1    762   802
    5544   1   2   1   0   1    763   803
    5545   1   2   1   0   1    764   804
    5546   1   2   1   0   1    765   805
    5547   1   2   1   0   1    766   806
    5548   1   2   1   0   1    767   807
    5549   1   2   1   0   1    768   808
    5550   1   2   1   0   1    769   809
    5551   1   2   1   0   1    770   810
    5552   1   2   1   0   1    771   811
    5553   1   2   1   0   1    772   812
    5554   1   2   1   0   1    773   813
    5555   1   2   1   0   1    774   814
    5556   1   2   1   0   1    775   815
    5557   1   2   1   0   1    776   816
    5558   1   2   1   0   1    777   817
    5559   1   2   1   0   1    778   818
    5560   1   2   1   0   1    779   819
 
    ELEM MAT TYP REL ESY SEC        NODES
 
    5561   1   2   1   0   1    781   821
    5562   1   2   1   0   1    782   822
    5563   1   2   1   0   1    783   823
    5564   1   2   1   0   1    784   824
    5565   1   2   1   0   1    785   825
    5566   1   2   1   0   1    786   826
    5567   1   2   1   0   1    787   827
    5568   1   2   1   0   1    788   828
    5569   1   2   1   0   1    789   829
    5570   1   2   1   0   1    790   830
    5571   1   2   1   0   1    791   831
    5572   1   2   1   0   1    792   832
    5573   1   2   1   0   1    793   833
    5574   1   2   1   0   1    794   834
    5575   1   2   1   0   1    795   835
    5576   1   2   1   0   1    796   836
    5577   1   2   1   0   1    797   837
    5578   1   2   1   0   1    798   838
    5579   1   2   1   0   1    799   839
    5580   1   2   1   0   1    800   840
 
    ELEM MAT TYP REL ESY SEC        NODES
 
    5581   1   2   1   0   1    801   841
    5582   1   2   1   0   1    802   842
    5583   1   2   1   0   1    803   843
    5584   1   2   1   0   1    804   844
    5585   1   2   1   0   1    805   845
    5586   1   2   1   0   1    806   846
    5587   1   2   1   0   1    807   847
    5588   1   2   1   0   1    808   848
    5589   1   2   1   0   1    809   849
    5590   1   2   1   0   1    810   850
    5591   1   2   1   0   1    811   851
    5592   1   2   1   0   1    812   852
    5593   1   2   1   0   1    813   853
    5594   1   2   1   0   1    814   854
    5595   1   2   1   0   1    815   855
    5596   1   2   1   0   1    816   856
    5597   1   2   1   0   1    817   857
    5598   1   2   1   0   1    818   858
    5599   1   2   1   0   1    819   859
    5600   1   2   1   0   1    820   860
 
    ELEM MAT TYP REL ESY SEC        NODES
 
    5601   1   2   1   0   1    822   862
    5602   1   2   1   0   1    823   863
    5603   1   2   1   0   1    824   864
    5604   1   2   1   0   1    825   865
    5605   1   2   1   0   1    826   866
    5606   1   2   1   0   1    827   867
    5607   1   2   1   0   1    828   868
    5608   1   2   1   0   1    829   869
    5609   1   2   1   0   1    830   870
    5610   1   2   1   0   1    831   871
    5611   1   2   1   0   1    832   872
    5612   1   2   1   0   1    833   873
    5613   1   2   1   0   1    834   874
    5614   1   2   1   0   1    835   875
    5615   1   2   1   0   1    836   876
    5616   1   2   1   0   1    837   877
    5617   1   2   1   0   1    838   878
    5618   1   2   1   0   1    839   879
    5619   1   2   1   0   1    840   880
    5620   1   2   1   0   1    841   881
 
    ELEM MAT TYP REL ESY SEC        NODES
 
    5621   1   2   1   0   1    842   882
    5622   1   2   1   0   1    843   883
    5623   1   2   1   0   1    844   884
    5624   1   2   1   0   1    845   885
    5625   1   2   1   0   1    846   886
    5626   1   2   1   0   1    847   887
    5627   1   2   1   0   1    848   888
    5628   1   2   1   0   1    849   889
    5629   1   2   1   0   1    850   890
    5630   1   2   1   0   1    851   891
    5631   1   2   1   0   1    852   892
    5632   1   2   1   0   1    853   893
    5633   1   2   1   0   1    854   894
    5634   1   2   1   0   1    855   895
    5635   1   2   1   0   1    856   896
    5636   1   2   1   0   1    857   897
    5637   1   2   1   0   1    858   898
    5638   1   2   1   0   1    859   899
    5639   1   2   1   0   1    860   900
    5640   1   2   1   0   1    861   901
 
    ELEM MAT TYP REL ESY SEC        NODES
 
    5641   1   2   1   0   1    863   903
    5642   1   2   1   0   1    864   904
    5643   1   2   1   0   1    865   905
    5644   1   2   1   0   1    866   906
    5645   1   2   1   0   1    867   907
    5646   1   2   1   0   1    868   908
    5647   1   2   1   0   1    869   909
    5648   1   2   1   0   1    870   910
    5649   1   2   1   0   1    871   911
    5650   1   2   1   0   1    872   912
    5651   1   2   1   0   1    873   913
    5652   1   2   1   0   1    874   914
    5653   1   2   1   0   1    875   915
    5654   1   2   1   0   1    876   916
    5655   1   2   1   0   1    877   917
    5656   1   2   1   0   1    878   918
    5657   1   2   1   0   1    879   919
    5658   1   2   1   0   1    880   920
    5659   1   2   1   0   1    881   921
    5660   1   2   1   0   1    882   922
 
    ELEM MAT TYP REL ESY SEC        NODES
 
    5661   1   2   1   0   1    883   923
    5662   1   2   1   0   1    884   924
    5663   1   2   1   0   1    885   925
    5664   1   2   1   0   1    886   926
    5665   1   2   1   0   1    887   927
    5666   1   2   1   0   1    888   928
    5667   1   2   1   0   1    889   929
    5668   1   2   1   0   1    890   930
    5669   1   2   1   0   1    891   931
    5670   1   2   1   0   1    892   932
    5671   1   2   1   0   1    893   933
    5672   1   2   1   0   1    894   934
    5673   1   2   1   0   1    895   935
    5674   1   2   1   0   1    896   936
    5675   1   2   1   0   1    897   937
    5676   1   2   1   0   1    898   938
    5677   1   2   1   0   1    899   939
    5678   1   2   1   0   1    900   940
    5679   1   2   1   0   1    901   941
    5680   1   2   1   0   1    902   942
 
    ELEM MAT TYP REL ESY SEC        NODES
 
    5681   1   2   1   0   1    904   944
    5682   1   2   1   0   1    905   945
    5683   1   2   1   0   1    906   946
    5684   1   2   1   0   1    907   947
    5685   1   2   1   0   1    908   948
    5686   1   2   1   0   1    909   949
    5687   1   2   1   0   1    910   950
    5688   1   2   1   0   1    911   951
    5689   1   2   1   0   1    912   952
    5690   1   2   1   0   1    913   953
    5691   1   2   1   0   1    914   954
    5692   1   2   1   0   1    915   955
    5693   1   2   1   0   1    916   956
    5694   1   2   1   0   1    917   957
    5695   1   2   1   0   1    918   958
    5696   1   2   1   0   1    919   959
    5697   1   2   1   0   1    920   960
    5698   1   2   1   0   1    921   961
    5699   1   2   1   0   1    922   962
    5700   1   2   1   0   1    923   963
 
    ELEM MAT TYP REL ESY SEC        NODES
 
    5701   1   2   1   0   1    924   964
    5702   1   2   1   0   1    925   965
    5703   1   2   1   0   1    926   966
    5704   1   2   1   0   1    927   967
    5705   1   2   1   0   1    928   968
    5706   1   2   1   0   1    929   969
    5707   1   2   1   0   1    930   970
    5708   1   2   1   0   1    931   971
    5709   1   2   1   0   1    932   972
    5710   1   2   1   0   1    933   973
    5711   1   2   1   0   1    934   974
    5712   1   2   1   0   1    935   975
    5713   1   2   1   0   1    936   976
    5714   1   2   1   0   1    937   977
    5715   1   2   1   0   1    938   978
    5716   1   2   1   0   1    939   979
    5717   1   2   1   0   1    940   980
    5718   1   2   1   0   1    941   981
    5719   1   2   1   0   1    942   982
    5720   1   2   1   0   1    943   983
 
    ELEM MAT TYP REL ESY SEC        NODES
 
    5721   1   2   1   0   1    945   985
    5722   1   2   1   0   1    946   986
    5723   1   2   1   0   1    947   987
    5724   1   2   1   0   1    948   988
    5725   1   2   1   0   1    949   989
    5726   1   2   1   0   1    950   990
    5727   1   2   1   0   1    951   991
    5728   1   2   1   0   1    952   992
    5729   1   2   1   0   1    953   993
    5730   1   2   1   0   1    954   994
    5731   1   2   1   0   1    955   995
    5732   1   2   1   0   1    956   996
    5733   1   2   1   0   1    957   997
    5734   1   2   1   0   1    958   998
    5735   1   2   1   0   1    959   999
    5736   1   2   1   0   1    960  1000
    5737   1   2   1   0   1    961  1001
    5738   1   2   1   0   1    962  1002
    5739   1   2   1   0   1    963  1003
    5740   1   2   1   0   1    964  1004
 
    ELEM MAT TYP REL ESY SEC        NODES
 
    5741   1   2   1   0   1    965  1005
    5742   1   2   1   0   1    966  1006
    5743   1   2   1   0   1    967  1007
    5744   1   2   1   0   1    968  1008
    5745   1   2   1   0   1    969  1009
    5746   1   2   1   0   1    970  1010
    5747   1   2   1   0   1    971  1011
    5748   1   2   1   0   1    972  1012
    5749   1   2   1   0   1    973  1013
    5750   1   2   1   0   1    974  1014
    5751   1   2   1   0   1    975  1015
    5752   1   2   1   0   1    976  1016
    5753   1   2   1   0   1    977  1017
    5754   1   2   1   0   1    978  1018
    5755   1   2   1   0   1    979  1019
    5756   1   2   1   0   1    980  1020
    5757   1   2   1   0   1    981  1021
    5758   1   2   1   0   1    982  1022
    5759   1   2   1   0   1    983  1023
    5760   1   2   1   0   1    984  1024
 
    ELEM MAT TYP REL ESY SEC        NODES
 
    5761   1   2   1   0   1    986  1026
    5762   1   2   1   0   1    987  1027
    5763   1   2   1   0   1    988  1028
    5764   1   2   1   0   1    989  1029
    5765   1   2   1   0   1    990  1030
    5766   1   2   1   0   1    991  1031
    5767   1   2   1   0   1    992  1032
    5768   1   2   1   0   1    993  1033
    5769   1   2   1   0   1    994  1034
    5770   1   2   1   0   1    995  1035
    5771   1   2   1   0   1    996  1036
    5772   1   2   1   0   1    997  1037
    5773   1   2   1   0   1    998  1038
    5774   1   2   1   0   1    999  1039
    5775   1   2   1   0   1   1000  1040
    5776   1   2   1   0   1   1001  1041
    5777   1   2   1   0   1   1002  1042
    5778   1   2   1   0   1   1003  1043
    5779   1   2   1   0   1   1004  1044
    5780   1   2   1   0   1   1005  1045
 
    ELEM MAT TYP REL ESY SEC        NODES
 
    5781   1   2   1   0   1   1006  1046
    5782   1   2   1   0   1   1007  1047
    5783   1   2   1   0   1   1008  1048
    5784   1   2   1   0   1   1009  1049
    5785   1   2   1   0   1   1010  1050
    5786   1   2   1   0   1   1011  1051
    5787   1   2   1   0   1   1012  1052
    5788   1   2   1   0   1   1013  1053
    5789   1   2   1   0   1   1014  1054
    5790   1   2   1   0   1   1015  1055
    5791   1   2   1   0   1   1016  1056
    5792   1   2   1   0   1   1017  1057
    5793   1   2   1   0   1   1018  1058
    5794   1   2   1   0   1   1019  1059
    5795   1   2   1   0   1   1020  1060
    5796   1   2   1   0   1   1021  1061
    5797   1   2   1   0   1   1022  1062
    5798   1   2   1   0   1   1023  1063
    5799   1   2   1   0   1   1024  1064
    5800   1   2   1   0   1   1025  1065
 
    ELEM MAT TYP REL ESY SEC        NODES
 
    5801   1   2   1   0   1   1027  1067
    5802   1   2   1   0   1   1028  1068
    5803   1   2   1   0   1   1029  1069
    5804   1   2   1   0   1   1030  1070
    5805   1   2   1   0   1   1031  1071
    5806   1   2   1   0   1   1032  1072
    5807   1   2   1   0   1   1033  1073
    5808   1   2   1   0   1   1034  1074
    5809   1   2   1   0   1   1035  1075
    5810   1   2   1   0   1   1036  1076
    5811   1   2   1   0   1   1037  1077
    5812   1   2   1   0   1   1038  1078
    5813   1   2   1   0   1   1039  1079
    5814   1   2   1   0   1   1040  1080
    5815   1   2   1   0   1   1041  1081
    5816   1   2   1   0   1   1042  1082
    5817   1   2   1   0   1   1043  1083
    5818   1   2   1   0   1   1044  1084
    5819   1   2   1   0   1   1045  1085
    5820   1   2   1   0   1   1046  1086
 
    ELEM MAT TYP REL ESY SEC        NODES
 
    5821   1   2   1   0   1   1047  1087
    5822   1   2   1   0   1   1048  1088
    5823   1   2   1   0   1   1049  1089
    5824   1   2   1   0   1   1050  1090
    5825   1   2   1   0   1   1051  1091
    5826   1   2   1   0   1   1052  1092
    5827   1   2   1   0   1   1053  1093
    5828   1   2   1   0   1   1054  1094
    5829   1   2   1   0   1   1055  1095
    5830   1   2   1   0   1   1056  1096
    5831   1   2   1   0   1   1057  1097
    5832   1   2   1   0   1   1058  1098
    5833   1   2   1   0   1   1059  1099
    5834   1   2   1   0   1   1060  1100
    5835   1   2   1   0   1   1061  1101
    5836   1   2   1   0   1   1062  1102
    5837   1   2   1   0   1   1063  1103
    5838   1   2   1   0   1   1064  1104
    5839   1   2   1   0   1   1065  1105
    5840   1   2   1   0   1   1066  1106
 
    ELEM MAT TYP REL ESY SEC        NODES
 
    5841   1   2   1   0   1   1068  1108
    5842   1   2   1   0   1   1069  1109
    5843   1   2   1   0   1   1070  1110
    5844   1   2   1   0   1   1071  1111
    5845   1   2   1   0   1   1072  1112
    5846   1   2   1   0   1   1073  1113
    5847   1   2   1   0   1   1074  1114
    5848   1   2   1   0   1   1075  1115
    5849   1   2   1   0   1   1076  1116
    5850   1   2   1   0   1   1077  1117
    5851   1   2   1   0   1   1078  1118
    5852   1   2   1   0   1   1079  1119
    5853   1   2   1   0   1   1080  1120
    5854   1   2   1   0   1   1081  1121
    5855   1   2   1   0   1   1082  1122
    5856   1   2   1   0   1   1083  1123
    5857   1   2   1   0   1   1084  1124
    5858   1   2   1   0   1   1085  1125
    5859   1   2   1   0   1   1086  1126
    5860   1   2   1   0   1   1087  1127
 
    ELEM MAT TYP REL ESY SEC        NODES
 
    5861   1   2   1   0   1   1088  1128
    5862   1   2   1   0   1   1089  1129
    5863   1   2   1   0   1   1090  1130
    5864   1   2   1   0   1   1091  1131
    5865   1   2   1   0   1   1092  1132
    5866   1   2   1   0   1   1093  1133
    5867   1   2   1   0   1   1094  1134
    5868   1   2   1   0   1   1095  1135
    5869   1   2   1   0   1   1096  1136
    5870   1   2   1   0   1   1097  1137
    5871   1   2   1   0   1   1098  1138
    5872   1   2   1   0   1   1099  1139
    5873   1   2   1   0   1   1100  1140
    5874   1   2   1   0   1   1101  1141
    5875   1   2   1   0   1   1102  1142
    5876   1   2   1   0   1   1103  1143
    5877   1   2   1   0   1   1104  1144
    5878   1   2   1   0   1   1105  1145
    5879   1   2   1   0   1   1106  1146
    5880   1   2   1   0   1   1107  1147
 
    ELEM MAT TYP REL ESY SEC        NODES
 
    5881   1   2   1   0   1   1109  1149
    5882   1   2   1   0   1   1110  1150
    5883   1   2   1   0   1   1111  1151
    5884   1   2   1   0   1   1112  1152
    5885   1   2   1   0   1   1113  1153
    5886   1   2   1   0   1   1114  1154
    5887   1   2   1   0   1   1115  1155
    5888   1   2   1   0   1   1116  1156
    5889   1   2   1   0   1   1117  1157
    5890   1   2   1   0   1   1118  1158
    5891   1   2   1   0   1   1119  1159
    5892   1   2   1   0   1   1120  1160
    5893   1   2   1   0   1   1121  1161
    5894   1   2   1   0   1   1122  1162
    5895   1   2   1   0   1   1123  1163
    5896   1   2   1   0   1   1124  1164
    5897   1   2   1   0   1   1125  1165
    5898   1   2   1   0   1   1126  1166
    5899   1   2   1   0   1   1127  1167
    5900   1   2   1   0   1   1128  1168
 
    ELEM MAT TYP REL ESY SEC        NODES
 
    5901   1   2   1   0   1   1129  1169
    5902   1   2   1   0   1   1130  1170
    5903   1   2   1   0   1   1131  1171
    5904   1   2   1   0   1   1132  1172
    5905   1   2   1   0   1   1133  1173
    5906   1   2   1   0   1   1134  1174
    5907   1   2   1   0   1   1135  1175
    5908   1   2   1   0   1   1136  1176
    5909   1   2   1   0   1   1137  1177
    5910   1   2   1   0   1   1138  1178
    5911   1   2   1   0   1   1139  1179
    5912   1   2   1   0   1   1140  1180
    5913   1   2   1   0   1   1141  1181
    5914   1   2   1   0   1   1142  1182
    5915   1   2   1   0   1   1143  1183
    5916   1   2   1   0   1   1144  1184
    5917   1   2   1   0   1   1145  1185
    5918   1   2   1   0   1   1146  1186
    5919   1   2   1   0   1   1147  1187
    5920   1   2   1   0   1   1148  1188
 
    ELEM MAT TYP REL ESY SEC        NODES
 
    5921   1   2   1   0   1   1150  1190
    5922   1   2   1   0   1   1151  1191
    5923   1   2   1   0   1   1152  1192
    5924   1   2   1   0   1   1153  1193
    5925   1   2   1   0   1   1154  1194
    5926   1   2   1   0   1   1155  1195
    5927   1   2   1   0   1   1156  1196
    5928   1   2   1   0   1   1157  1197
    5929   1   2   1   0   1   1158  1198
    5930   1   2   1   0   1   1159  1199
    5931   1   2   1   0   1   1160  1200
    5932   1   2   1   0   1   1161  1201
    5933   1   2   1   0   1   1162  1202
    5934   1   2   1   0   1   1163  1203
    5935   1   2   1   0   1   1164  1204
    5936   1   2   1   0   1   1165  1205
    5937   1   2   1   0   1   1166  1206
    5938   1   2   1   0   1   1167  1207
    5939   1   2   1   0   1   1168  1208
    5940   1   2   1   0   1   1169  1209
 
    ELEM MAT TYP REL ESY SEC        NODES
 
    5941   1   2   1   0   1   1170  1210
    5942   1   2   1   0   1   1171  1211
    5943   1   2   1   0   1   1172  1212
    5944   1   2   1   0   1   1173  1213
    5945   1   2   1   0   1   1174  1214
    5946   1   2   1   0   1   1175  1215
    5947   1   2   1   0   1   1176  1216
    5948   1   2   1   0   1   1177  1217
    5949   1   2   1   0   1   1178  1218
    5950   1   2   1   0   1   1179  1219
    5951   1   2   1   0   1   1180  1220
    5952   1   2   1   0   1   1181  1221
    5953   1   2   1   0   1   1182  1222
    5954   1   2   1   0   1   1183  1223
    5955   1   2   1   0   1   1184  1224
    5956   1   2   1   0   1   1185  1225
    5957   1   2   1   0   1   1186  1226
    5958   1   2   1   0   1   1187  1227
    5959   1   2   1   0   1   1188  1228
    5960   1   2   1   0   1   1189  1229
 
    ELEM MAT TYP REL ESY SEC        NODES
 
    5961   1   2   1   0   1   1191  1231
    5962   1   2   1   0   1   1192  1232
    5963   1   2   1   0   1   1193  1233
    5964   1   2   1   0   1   1194  1234
    5965   1   2   1   0   1   1195  1235
    5966   1   2   1   0   1   1196  1236
    5967   1   2   1   0   1   1197  1237
    5968   1   2   1   0   1   1198  1238
    5969   1   2   1   0   1   1199  1239
    5970   1   2   1   0   1   1200  1240
    5971   1   2   1   0   1   1201  1241
    5972   1   2   1   0   1   1202  1242
    5973   1   2   1   0   1   1203  1243
    5974   1   2   1   0   1   1204  1244
    5975   1   2   1   0   1   1205  1245
    5976   1   2   1   0   1   1206  1246
    5977   1   2   1   0   1   1207  1247
    5978   1   2   1   0   1   1208  1248
    5979   1   2   1   0   1   1209  1249
    5980   1   2   1   0   1   1210  1250
 
    ELEM MAT TYP REL ESY SEC        NODES
 
    5981   1   2   1   0   1   1211  1251
    5982   1   2   1   0   1   1212  1252
    5983   1   2   1   0   1   1213  1253
    5984   1   2   1   0   1   1214  1254
    5985   1   2   1   0   1   1215  1255
    5986   1   2   1   0   1   1216  1256
    5987   1   2   1   0   1   1217  1257
    5988   1   2   1   0   1   1218  1258
    5989   1   2   1   0   1   1219  1259
    5990   1   2   1   0   1   1220  1260
    5991   1   2   1   0   1   1221  1261
    5992   1   2   1   0   1   1222  1262
    5993   1   2   1   0   1   1223  1263
    5994   1   2   1   0   1   1224  1264
    5995   1   2   1   0   1   1225  1265
    5996   1   2   1   0   1   1226  1266
    5997   1   2   1   0   1   1227  1267
    5998   1   2   1   0   1   1228  1268
    5999   1   2   1   0   1   1229  1269
    6000   1   2   1   0   1   1230  1270
 
    ELEM MAT TYP REL ESY SEC        NODES
 
    6001   1   2   1   0   1   1232  1272
    6002   1   2   1   0   1   1233  1273
    6003   1   2   1   0   1   1234  1274
    6004   1   2   1   0   1   1235  1275
    6005   1   2   1   0   1   1236  1276
    6006   1   2   1   0   1   1237  1277
    6007   1   2   1   0   1   1238  1278
    6008   1   2   1   0   1   1239  1279
    6009   1   2   1   0   1   1240  1280
    6010   1   2   1   0   1   1241  1281
    6011   1   2   1   0   1   1242  1282
    6012   1   2   1   0   1   1243  1283
    6013   1   2   1   0   1   1244  1284
    6014   1   2   1   0   1   1245  1285
    6015   1   2   1   0   1   1246  1286
    6016   1   2   1   0   1   1247  1287
    6017   1   2   1   0   1   1248  1288
    6018   1   2   1   0   1   1249  1289
    6019   1   2   1   0   1   1250  1290
    6020   1   2   1   0   1   1251  1291
 
    ELEM MAT TYP REL ESY SEC        NODES
 
    6021   1   2   1   0   1   1252  1292
    6022   1   2   1   0   1   1253  1293
    6023   1   2   1   0   1   1254  1294
    6024   1   2   1   0   1   1255  1295
    6025   1   2   1   0   1   1256  1296
    6026   1   2   1   0   1   1257  1297
    6027   1   2   1   0   1   1258  1298
    6028   1   2   1   0   1   1259  1299
    6029   1   2   1   0   1   1260  1300
    6030   1   2   1   0   1   1261  1301
    6031   1   2   1   0   1   1262  1302
    6032   1   2   1   0   1   1263  1303
    6033   1   2   1   0   1   1264  1304
    6034   1   2   1   0   1   1265  1305
    6035   1   2   1   0   1   1266  1306
    6036   1   2   1   0   1   1267  1307
    6037   1   2   1   0   1   1268  1308
    6038   1   2   1   0   1   1269  1309
    6039   1   2   1   0   1   1270  1310
    6040   1   2   1   0   1   1271  1311
 
    ELEM MAT TYP REL ESY SEC        NODES
 
    6041   1   2   1   0   1   1273  1313
    6042   1   2   1   0   1   1274  1314
    6043   1   2   1   0   1   1275  1315
    6044   1   2   1   0   1   1276  1316
    6045   1   2   1   0   1   1277  1317
    6046   1   2   1   0   1   1278  1318
    6047   1   2   1   0   1   1279  1319
    6048   1   2   1   0   1   1280  1320
    6049   1   2   1   0   1   1281  1321
    6050   1   2   1   0   1   1282  1322
    6051   1   2   1   0   1   1283  1323
    6052   1   2   1   0   1   1284  1324
    6053   1   2   1   0   1   1285  1325
    6054   1   2   1   0   1   1286  1326
    6055   1   2   1   0   1   1287  1327
    6056   1   2   1   0   1   1288  1328
    6057   1   2   1   0   1   1289  1329
    6058   1   2   1   0   1   1290  1330
    6059   1   2   1   0   1   1291  1331
    6060   1   2   1   0   1   1292  1332
 
    ELEM MAT TYP REL ESY SEC        NODES
 
    6061   1   2   1   0   1   1293  1333
    6062   1   2   1   0   1   1294  1334
    6063   1   2   1   0   1   1295  1335
    6064   1   2   1   0   1   1296  1336
    6065   1   2   1   0   1   1297  1337
    6066   1   2   1   0   1   1298  1338
    6067   1   2   1   0   1   1299  1339
    6068   1   2   1   0   1   1300  1340
    6069   1   2   1   0   1   1301  1341
    6070   1   2   1   0   1   1302  1342
    6071   1   2   1   0   1   1303  1343
    6072   1   2   1   0   1   1304  1344
    6073   1   2   1   0   1   1305  1345
    6074   1   2   1   0   1   1306  1346
    6075   1   2   1   0   1   1307  1347
    6076   1   2   1   0   1   1308  1348
    6077   1   2   1   0   1   1309  1349
    6078   1   2   1   0   1   1310  1350
    6079   1   2   1   0   1   1311  1351
    6080   1   2   1   0   1   1312  1352
 
    ELEM MAT TYP REL ESY SEC        NODES
 
    6081   1   2   1   0   1   1314  1354
    6082   1   2   1   0   1   1315  1355
    6083   1   2   1   0   1   1316  1356
    6084   1   2   1   0   1   1317  1357
    6085   1   2   1   0   1   1318  1358
    6086   1   2   1   0   1   1319  1359
    6087   1   2   1   0   1   1320  1360
    6088   1   2   1   0   1   1321  1361
    6089   1   2   1   0   1   1322  1362
    6090   1   2   1   0   1   1323  1363
    6091   1   2   1   0   1   1324  1364
    6092   1   2   1   0   1   1325  1365
    6093   1   2   1   0   1   1326  1366
    6094   1   2   1   0   1   1327  1367
    6095   1   2   1   0   1   1328  1368
    6096   1   2   1   0   1   1329  1369
    6097   1   2   1   0   1   1330  1370
    6098   1   2   1   0   1   1331  1371
    6099   1   2   1   0   1   1332  1372
    6100   1   2   1   0   1   1333  1373
 
    ELEM MAT TYP REL ESY SEC        NODES
 
    6101   1   2   1   0   1   1334  1374
    6102   1   2   1   0   1   1335  1375
    6103   1   2   1   0   1   1336  1376
    6104   1   2   1   0   1   1337  1377
    6105   1   2   1   0   1   1338  1378
    6106   1   2   1   0   1   1339  1379
    6107   1   2   1   0   1   1340  1380
    6108   1   2   1   0   1   1341  1381
    6109   1   2   1   0   1   1342  1382
    6110   1   2   1   0   1   1343  1383
    6111   1   2   1   0   1   1344  1384
    6112   1   2   1   0   1   1345  1385
    6113   1   2   1   0   1   1346  1386
    6114   1   2   1   0   1   1347  1387
    6115   1   2   1   0   1   1348  1388
    6116   1   2   1   0   1   1349  1389
    6117   1   2   1   0   1   1350  1390
    6118   1   2   1   0   1   1351  1391
    6119   1   2   1   0   1   1352  1392
    6120   1   2   1   0   1   1353  1393
 
    ELEM MAT TYP REL ESY SEC        NODES
 
    6121   1   2   1   0   1   1355  1395
    6122   1   2   1   0   1   1356  1396
    6123   1   2   1   0   1   1357  1397
    6124   1   2   1   0   1   1358  1398
    6125   1   2   1   0   1   1359  1399
    6126   1   2   1   0   1   1360  1400
    6127   1   2   1   0   1   1361  1401
    6128   1   2   1   0   1   1362  1402
    6129   1   2   1   0   1   1363  1403
    6130   1   2   1   0   1   1364  1404
    6131   1   2   1   0   1   1365  1405
    6132   1   2   1   0   1   1366  1406
    6133   1   2   1   0   1   1367  1407
    6134   1   2   1   0   1   1368  1408
    6135   1   2   1   0   1   1369  1409
    6136   1   2   1   0   1   1370  1410
    6137   1   2   1   0   1   1371  1411
    6138   1   2   1   0   1   1372  1412
    6139   1   2   1   0   1   1373  1413
    6140   1   2   1   0   1   1374  1414
 
    ELEM MAT TYP REL ESY SEC        NODES
 
    6141   1   2   1   0   1   1375  1415
    6142   1   2   1   0   1   1376  1416
    6143   1   2   1   0   1   1377  1417
    6144   1   2   1   0   1   1378  1418
    6145   1   2   1   0   1   1379  1419
    6146   1   2   1   0   1   1380  1420
    6147   1   2   1   0   1   1381  1421
    6148   1   2   1   0   1   1382  1422
    6149   1   2   1   0   1   1383  1423
    6150   1   2   1   0   1   1384  1424
    6151   1   2   1   0   1   1385  1425
    6152   1   2   1   0   1   1386  1426
    6153   1   2   1   0   1   1387  1427
    6154   1   2   1   0   1   1388  1428
    6155   1   2   1   0   1   1389  1429
    6156   1   2   1   0   1   1390  1430
    6157   1   2   1   0   1   1391  1431
    6158   1   2   1   0   1   1392  1432
    6159   1   2   1   0   1   1393  1433
    6160   1   2   1   0   1   1394  1434
 
    ELEM MAT TYP REL ESY SEC        NODES
 
    6161   1   2   1   0   1   1396  1436
    6162   1   2   1   0   1   1397  1437
    6163   1   2   1   0   1   1398  1438
    6164   1   2   1   0   1   1399  1439
    6165   1   2   1   0   1   1400  1440
    6166   1   2   1   0   1   1401  1441
    6167   1   2   1   0   1   1402  1442
    6168   1   2   1   0   1   1403  1443
    6169   1   2   1   0   1   1404  1444
    6170   1   2   1   0   1   1405  1445
    6171   1   2   1   0   1   1406  1446
    6172   1   2   1   0   1   1407  1447
    6173   1   2   1   0   1   1408  1448
    6174   1   2   1   0   1   1409  1449
    6175   1   2   1   0   1   1410  1450
    6176   1   2   1   0   1   1411  1451
    6177   1   2   1   0   1   1412  1452
    6178   1   2   1   0   1   1413  1453
    6179   1   2   1   0   1   1414  1454
    6180   1   2   1   0   1   1415  1455
 
    ELEM MAT TYP REL ESY SEC        NODES
 
    6181   1   2   1   0   1   1416  1456
    6182   1   2   1   0   1   1417  1457
    6183   1   2   1   0   1   1418  1458
    6184   1   2   1   0   1   1419  1459
    6185   1   2   1   0   1   1420  1460
    6186   1   2   1   0   1   1421  1461
    6187   1   2   1   0   1   1422  1462
    6188   1   2   1   0   1   1423  1463
    6189   1   2   1   0   1   1424  1464
    6190   1   2   1   0   1   1425  1465
    6191   1   2   1   0   1   1426  1466
    6192   1   2   1   0   1   1427  1467
    6193   1   2   1   0   1   1428  1468
    6194   1   2   1   0   1   1429  1469
    6195   1   2   1   0   1   1430  1470
    6196   1   2   1   0   1   1431  1471
    6197   1   2   1   0   1   1432  1472
    6198   1   2   1   0   1   1433  1473
    6199   1   2   1   0   1   1434  1474
    6200   1   2   1   0   1   1435  1475
 
    ELEM MAT TYP REL ESY SEC        NODES
 
    6201   1   2   1   0   1   1437  1477
    6202   1   2   1   0   1   1438  1478
    6203   1   2   1   0   1   1439  1479
    6204   1   2   1   0   1   1440  1480
    6205   1   2   1   0   1   1441  1481
    6206   1   2   1   0   1   1442  1482
    6207   1   2   1   0   1   1443  1483
    6208   1   2   1   0   1   1444  1484
    6209   1   2   1   0   1   1445  1485
    6210   1   2   1   0   1   1446  1486
    6211   1   2   1   0   1   1447  1487
    6212   1   2   1   0   1   1448  1488
    6213   1   2   1   0   1   1449  1489
    6214   1   2   1   0   1   1450  1490
    6215   1   2   1   0   1   1451  1491
    6216   1   2   1   0   1   1452  1492
    6217   1   2   1   0   1   1453  1493
    6218   1   2   1   0   1   1454  1494
    6219   1   2   1   0   1   1455  1495
    6220   1   2   1   0   1   1456  1496
 
    ELEM MAT TYP REL ESY SEC        NODES
 
    6221   1   2   1   0   1   1457  1497
    6222   1   2   1   0   1   1458  1498
    6223   1   2   1   0   1   1459  1499
    6224   1   2   1   0   1   1460  1500
    6225   1   2   1   0   1   1461  1501
    6226   1   2   1   0   1   1462  1502
    6227   1   2   1   0   1   1463  1503
    6228   1   2   1   0   1   1464  1504
    6229   1   2   1   0   1   1465  1505
    6230   1   2   1   0   1   1466  1506
    6231   1   2   1   0   1   1467  1507
    6232   1   2   1   0   1   1468  1508
    6233   1   2   1   0   1   1469  1509
    6234   1   2   1   0   1   1470  1510
    6235   1   2   1   0   1   1471  1511
    6236   1   2   1   0   1   1472  1512
    6237   1   2   1   0   1   1473  1513
    6238   1   2   1   0   1   1474  1514
    6239   1   2   1   0   1   1475  1515
    6240   1   2   1   0   1   1476  1516
 
    ELEM MAT TYP REL ESY SEC        NODES
 
    6241   1   2   1   0   1   1478  1518
    6242   1   2   1   0   1   1479  1519
    6243   1   2   1   0   1   1480  1520
    6244   1   2   1   0   1   1481  1521
    6245   1   2   1   0   1   1482  1522
    6246   1   2   1   0   1   1483  1523
    6247   1   2   1   0   1   1484  1524
    6248   1   2   1   0   1   1485  1525
    6249   1   2   1   0   1   1486  1526
    6250   1   2   1   0   1   1487  1527
    6251   1   2   1   0   1   1488  1528
    6252   1   2   1   0   1   1489  1529
    6253   1   2   1   0   1   1490  1530
    6254   1   2   1   0   1   1491  1531
    6255   1   2   1   0   1   1492  1532
    6256   1   2   1   0   1   1493  1533
    6257   1   2   1   0   1   1494  1534
    6258   1   2   1   0   1   1495  1535
    6259   1   2   1   0   1   1496  1536
    6260   1   2   1   0   1   1497  1537
 
    ELEM MAT TYP REL ESY SEC        NODES
 
    6261   1   2   1   0   1   1498  1538
    6262   1   2   1   0   1   1499  1539
    6263   1   2   1   0   1   1500  1540
    6264   1   2   1   0   1   1501  1541
    6265   1   2   1   0   1   1502  1542
    6266   1   2   1   0   1   1503  1543
    6267   1   2   1   0   1   1504  1544
    6268   1   2   1   0   1   1505  1545
    6269   1   2   1   0   1   1506  1546
    6270   1   2   1   0   1   1507  1547
    6271   1   2   1   0   1   1508  1548
    6272   1   2   1   0   1   1509  1549
    6273   1   2   1   0   1   1510  1550
    6274   1   2   1   0   1   1511  1551
    6275   1   2   1   0   1   1512  1552
    6276   1   2   1   0   1   1513  1553
    6277   1   2   1   0   1   1514  1554
    6278   1   2   1   0   1   1515  1555
    6279   1   2   1   0   1   1516  1556
    6280   1   2   1   0   1   1517  1557
 
    ELEM MAT TYP REL ESY SEC        NODES
 
    6281   1   2   1   0   1   1519  1559
    6282   1   2   1   0   1   1520  1560
    6283   1   2   1   0   1   1521  1561
    6284   1   2   1   0   1   1522  1562
    6285   1   2   1   0   1   1523  1563
    6286   1   2   1   0   1   1524  1564
    6287   1   2   1   0   1   1525  1565
    6288   1   2   1   0   1   1526  1566
    6289   1   2   1   0   1   1527  1567
    6290   1   2   1   0   1   1528  1568
    6291   1   2   1   0   1   1529  1569
    6292   1   2   1   0   1   1530  1570
    6293   1   2   1   0   1   1531  1571
    6294   1   2   1   0   1   1532  1572
    6295   1   2   1   0   1   1533  1573
    6296   1   2   1   0   1   1534  1574
    6297   1   2   1   0   1   1535  1575
    6298   1   2   1   0   1   1536  1576
    6299   1   2   1   0   1   1537  1577
    6300   1   2   1   0   1   1538  1578
 
    ELEM MAT TYP REL ESY SEC        NODES
 
    6301   1   2   1   0   1   1539  1579
    6302   1   2   1   0   1   1540  1580
    6303   1   2   1   0   1   1541  1581
    6304   1   2   1   0   1   1542  1582
    6305   1   2   1   0   1   1543  1583
    6306   1   2   1   0   1   1544  1584
    6307   1   2   1   0   1   1545  1585
    6308   1   2   1   0   1   1546  1586
    6309   1   2   1   0   1   1547  1587
    6310   1   2   1   0   1   1548  1588
    6311   1   2   1   0   1   1549  1589
    6312   1   2   1   0   1   1550  1590
    6313   1   2   1   0   1   1551  1591
    6314   1   2   1   0   1   1552  1592
    6315   1   2   1   0   1   1553  1593
    6316   1   2   1   0   1   1554  1594
    6317   1   2   1   0   1   1555  1595
    6318   1   2   1   0   1   1556  1596
    6319   1   2   1   0   1   1557  1597
    6320   1   2   1   0   1   1558  1598
 
    ELEM MAT TYP REL ESY SEC        NODES
 
    6321   1   2   1   0   1   1560  1600
    6322   1   2   1   0   1   1561  1601
    6323   1   2   1   0   1   1562  1602
    6324   1   2   1   0   1   1563  1603
    6325   1   2   1   0   1   1564  1604
    6326   1   2   1   0   1   1565  1605
    6327   1   2   1   0   1   1566  1606
    6328   1   2   1   0   1   1567  1607
    6329   1   2   1   0   1   1568  1608
    6330   1   2   1   0   1   1569  1609
    6331   1   2   1   0   1   1570  1610
    6332   1   2   1   0   1   1571  1611
    6333   1   2   1   0   1   1572  1612
    6334   1   2   1   0   1   1573  1613
    6335   1   2   1   0   1   1574  1614
    6336   1   2   1   0   1   1575  1615
    6337   1   2   1   0   1   1576  1616
    6338   1   2   1   0   1   1577  1617
    6339   1   2   1   0   1   1578  1618
    6340   1   2   1   0   1   1579  1619
 
    ELEM MAT TYP REL ESY SEC        NODES
 
    6341   1   2   1   0   1   1580  1620
    6342   1   2   1   0   1   1581  1621
    6343   1   2   1   0   1   1582  1622
    6344   1   2   1   0   1   1583  1623
    6345   1   2   1   0   1   1584  1624
    6346   1   2   1   0   1   1585  1625
    6347   1   2   1   0   1   1586  1626
    6348   1   2   1   0   1   1587  1627
    6349   1   2   1   0   1   1588  1628
    6350   1   2   1   0   1   1589  1629
    6351   1   2   1   0   1   1590  1630
    6352   1   2   1   0   1   1591  1631
    6353   1   2   1   0   1   1592  1632
    6354   1   2   1   0   1   1593  1633
    6355   1   2   1   0   1   1594  1634
    6356   1   2   1   0   1   1595  1635
    6357   1   2   1   0   1   1596  1636
    6358   1   2   1   0   1   1597  1637
    6359   1   2   1   0   1   1598  1638
    6360   1   2   1   0   1   1599  1639
 
    ELEM MAT TYP REL ESY SEC        NODES
 
    6361   1   2   1   0   1   1601  1641
    6362   1   2   1   0   1   1602  1642
    6363   1   2   1   0   1   1603  1643
    6364   1   2   1   0   1   1604  1644
    6365   1   2   1   0   1   1605  1645
    6366   1   2   1   0   1   1606  1646
    6367   1   2   1   0   1   1607  1647
    6368   1   2   1   0   1   1608  1648
    6369   1   2   1   0   1   1609  1649
    6370   1   2   1   0   1   1610  1650
    6371   1   2   1   0   1   1611  1651
    6372   1   2   1   0   1   1612  1652
    6373   1   2   1   0   1   1613  1653
    6374   1   2   1   0   1   1614  1654
    6375   1   2   1   0   1   1615  1655
    6376   1   2   1   0   1   1616  1656
    6377   1   2   1   0   1   1617  1657
    6378   1   2   1   0   1   1618  1658
    6379   1   2   1   0   1   1619  1659
    6380   1   2   1   0   1   1620  1660
 
    ELEM MAT TYP REL ESY SEC        NODES
 
    6381   1   2   1   0   1   1621  1661
    6382   1   2   1   0   1   1622  1662
    6383   1   2   1   0   1   1623  1663
    6384   1   2   1   0   1   1624  1664
    6385   1   2   1   0   1   1625  1665
    6386   1   2   1   0   1   1626  1666
    6387   1   2   1   0   1   1627  1667
    6388   1   2   1   0   1   1628  1668
    6389   1   2   1   0   1   1629  1669
    6390   1   2   1   0   1   1630  1670
    6391   1   2   1   0   1   1631  1671
    6392   1   2   1   0   1   1632  1672
    6393   1   2   1   0   1   1633  1673
    6394   1   2   1   0   1   1634  1674
    6395   1   2   1   0   1   1635  1675
    6396   1   2   1   0   1   1636  1676
    6397   1   2   1   0   1   1637  1677
    6398   1   2   1   0   1   1638  1678
    6399   1   2   1   0   1   1639  1679
    6400   1   2   1   0   1   1640  1680
 
    ELEM MAT TYP REL ESY SEC        NODES
 
    6401   1   2   1   0   1   1642  1682
    6402   1   2   1   0   1   1643  1683
    6403   1   2   1   0   1   1644  1684
    6404   1   2   1   0   1   1645  1685
    6405   1   2   1   0   1   1646  1686
    6406   1   2   1   0   1   1647  1687
    6407   1   2   1   0   1   1648  1688
    6408   1   2   1   0   1   1649  1689
    6409   1   2   1   0   1   1650  1690
    6410   1   2   1   0   1   1651  1691
    6411   1   2   1   0   1   1652  1692
    6412   1   2   1   0   1   1653  1693
    6413   1   2   1   0   1   1654  1694
    6414   1   2   1   0   1   1655  1695
    6415   1   2   1   0   1   1656  1696
    6416   1   2   1   0   1   1657  1697
    6417   1   2   1   0   1   1658  1698
    6418   1   2   1   0   1   1659  1699
    6419   1   2   1   0   1   1660  1700
    6420   1   2   1   0   1   1661  1701
 
    ELEM MAT TYP REL ESY SEC        NODES
 
    6421   1   2   1   0   1   1662  1702
    6422   1   2   1   0   1   1663  1703
    6423   1   2   1   0   1   1664  1704
    6424   1   2   1   0   1   1665  1705
    6425   1   2   1   0   1   1666  1706
    6426   1   2   1   0   1   1667  1707
    6427   1   2   1   0   1   1668  1708
    6428   1   2   1   0   1   1669  1709
    6429   1   2   1   0   1   1670  1710
    6430   1   2   1   0   1   1671  1711
    6431   1   2   1   0   1   1672  1712
    6432   1   2   1   0   1   1673  1713
    6433   1   2   1   0   1   1674  1714
    6434   1   2   1   0   1   1675  1715
    6435   1   2   1   0   1   1676  1716
    6436   1   2   1   0   1   1677  1717
    6437   1   2   1   0   1   1678  1718
    6438   1   2   1   0   1   1679  1719
    6439   1   2   1   0   1   1680  1720
    6440   1   2   1   0   1   1681  1721
 
    ELEM MAT TYP REL ESY SEC        NODES
 
    6441   1   2   1   0   1   1683  1723
    6442   1   2   1   0   1   1684  1724
    6443   1   2   1   0   1   1685  1725
    6444   1   2   1   0   1   1686  1726
    6445   1   2   1   0   1   1687  1727
    6446   1   2   1   0   1   1688  1728
    6447   1   2   1   0   1   1689  1729
    6448   1   2   1   0   1   1690  1730
    6449   1   2   1   0   1   1691  1731
    6450   1   2   1   0   1   1692  1732
    6451   1   2   1   0   1   1693  1733
    6452   1   2   1   0   1   1694  1734
    6453   1   2   1   0   1   1695  1735
    6454   1   2   1   0   1   1696  1736
    6455   1   2   1   0   1   1697  1737
    6456   1   2   1   0   1   1698  1738
    6457   1   2   1   0   1   1699  1739
    6458   1   2   1   0   1   1700  1740
    6459   1   2   1   0   1   1701  1741
    6460   1   2   1   0   1   1702  1742
 
    ELEM MAT TYP REL ESY SEC        NODES
 
    6461   1   2   1   0   1   1703  1743
    6462   1   2   1   0   1   1704  1744
    6463   1   2   1   0   1   1705  1745
    6464   1   2   1   0   1   1706  1746
    6465   1   2   1   0   1   1707  1747
    6466   1   2   1   0   1   1708  1748
    6467   1   2   1   0   1   1709  1749
    6468   1   2   1   0   1   1710  1750
    6469   1   2   1   0   1   1711  1751
    6470   1   2   1   0   1   1712  1752
    6471   1   2   1   0   1   1713  1753
    6472   1   2   1   0   1   1714  1754
    6473   1   2   1   0   1   1715  1755
    6474   1   2   1   0   1   1716  1756
    6475   1   2   1   0   1   1717  1757
    6476   1   2   1   0   1   1718  1758
    6477   1   2   1   0   1   1719  1759
    6478   1   2   1   0   1   1720  1760
    6479   1   2   1   0   1   1721  1761
    6480   1   2   1   0   1   1722  1762
 
    ELEM MAT TYP REL ESY SEC        NODES
 
    6481   1   2   1   0   1   1724  1764
    6482   1   2   1   0   1   1725  1765
    6483   1   2   1   0   1   1726  1766
    6484   1   2   1   0   1   1727  1767
    6485   1   2   1   0   1   1728  1768
    6486   1   2   1   0   1   1729  1769
    6487   1   2   1   0   1   1730  1770
    6488   1   2   1   0   1   1731  1771
    6489   1   2   1   0   1   1732  1772
    6490   1   2   1   0   1   1733  1773
    6491   1   2   1   0   1   1734  1774
    6492   1   2   1   0   1   1735  1775
    6493   1   2   1   0   1   1736  1776
    6494   1   2   1   0   1   1737  1777
    6495   1   2   1   0   1   1738  1778
    6496   1   2   1   0   1   1739  1779
    6497   1   2   1   0   1   1740  1780
    6498   1   2   1   0   1   1741  1781
    6499   1   2   1   0   1   1742  1782
    6500   1   2   1   0   1   1743  1783
 
    ELEM MAT TYP REL ESY SEC        NODES
 
    6501   1   2   1   0   1   1744  1784
    6502   1   2   1   0   1   1745  1785
    6503   1   2   1   0   1   1746  1786
    6504   1   2   1   0   1   1747  1787
    6505   1   2   1   0   1   1748  1788
    6506   1   2   1   0   1   1749  1789
    6507   1   2   1   0   1   1750  1790
    6508   1   2   1   0   1   1751  1791
    6509   1   2   1   0   1   1752  1792
    6510   1   2   1   0   1   1753  1793
    6511   1   2   1   0   1   1754  1794
    6512   1   2   1   0   1   1755  1795
    6513   1   2   1   0   1   1756  1796
    6514   1   2   1   0   1   1757  1797
    6515   1   2   1   0   1   1758  1798
    6516   1   2   1   0   1   1759  1799
    6517   1   2   1   0   1   1760  1800
    6518   1   2   1   0   1   1761  1801
    6519   1   2   1   0   1   1762  1802
    6520   1   2   1   0   1   1763  1803
 
    ELEM MAT TYP REL ESY SEC        NODES
 
    6521   1   2   1   0   1   1765  1805
    6522   1   2   1   0   1   1766  1806
    6523   1   2   1   0   1   1767  1807
    6524   1   2   1   0   1   1768  1808
    6525   1   2   1   0   1   1769  1809
    6526   1   2   1   0   1   1770  1810
    6527   1   2   1   0   1   1771  1811
    6528   1   2   1   0   1   1772  1812
    6529   1   2   1   0   1   1773  1813
    6530   1   2   1   0   1   1774  1814
    6531   1   2   1   0   1   1775  1815
    6532   1   2   1   0   1   1776  1816
    6533   1   2   1   0   1   1777  1817
    6534   1   2   1   0   1   1778  1818
    6535   1   2   1   0   1   1779  1819
    6536   1   2   1   0   1   1780  1820
    6537   1   2   1   0   1   1781  1821
    6538   1   2   1   0   1   1782  1822
    6539   1   2   1   0   1   1783  1823
    6540   1   2   1   0   1   1784  1824
 
    ELEM MAT TYP REL ESY SEC        NODES
 
    6541   1   2   1   0   1   1785  1825
    6542   1   2   1   0   1   1786  1826
    6543   1   2   1   0   1   1787  1827
    6544   1   2   1   0   1   1788  1828
    6545   1   2   1   0   1   1789  1829
    6546   1   2   1   0   1   1790  1830
    6547   1   2   1   0   1   1791  1831
    6548   1   2   1   0   1   1792  1832
    6549   1   2   1   0   1   1793  1833
    6550   1   2   1   0   1   1794  1834
    6551   1   2   1   0   1   1795  1835
    6552   1   2   1   0   1   1796  1836
    6553   1   2   1   0   1   1797  1837
    6554   1   2   1   0   1   1798  1838
    6555   1   2   1   0   1   1799  1839
    6556   1   2   1   0   1   1800  1840
    6557   1   2   1   0   1   1801  1841
    6558   1   2   1   0   1   1802  1842
    6559   1   2   1   0   1   1803  1843
    6560   1   2   1   0   1   1804  1844
 
    ELEM MAT TYP REL ESY SEC        NODES
 
    6561   1   2   1   0   1   1806  1846
    6562   1   2   1   0   1   1807  1847
    6563   1   2   1   0   1   1808  1848
    6564   1   2   1   0   1   1809  1849
    6565   1   2   1   0   1   1810  1850
    6566   1   2   1   0   1   1811  1851
    6567   1   2   1   0   1   1812  1852
    6568   1   2   1   0   1   1813  1853
    6569   1   2   1   0   1   1814  1854
    6570   1   2   1   0   1   1815  1855
    6571   1   2   1   0   1   1816  1856
    6572   1   2   1   0   1   1817  1857
    6573   1   2   1   0   1   1818  1858
    6574   1   2   1   0   1   1819  1859
    6575   1   2   1   0   1   1820  1860
    6576   1   2   1   0   1   1821  1861
    6577   1   2   1   0   1   1822  1862
    6578   1   2   1   0   1   1823  1863
    6579   1   2   1   0   1   1824  1864
    6580   1   2   1   0   1   1825  1865
 
    ELEM MAT TYP REL ESY SEC        NODES
 
    6581   1   2   1   0   1   1826  1866
    6582   1   2   1   0   1   1827  1867
    6583   1   2   1   0   1   1828  1868
    6584   1   2   1   0   1   1829  1869
    6585   1   2   1   0   1   1830  1870
    6586   1   2   1   0   1   1831  1871
    6587   1   2   1   0   1   1832  1872
    6588   1   2   1   0   1   1833  1873
    6589   1   2   1   0   1   1834  1874
    6590   1   2   1   0   1   1835  1875
    6591   1   2   1   0   1   1836  1876
    6592   1   2   1   0   1   1837  1877
    6593   1   2   1   0   1   1838  1878
    6594   1   2   1   0   1   1839  1879
    6595   1   2   1   0   1   1840  1880
    6596   1   2   1   0   1   1841  1881
    6597   1   2   1   0   1   1842  1882
    6598   1   2   1   0   1   1843  1883
    6599   1   2   1   0   1   1844  1884
    6600   1   2   1   0   1   1845  1885
 
    ELEM MAT TYP REL ESY SEC        NODES
 
    6601   1   2   1   0   1   1847  1887
    6602   1   2   1   0   1   1848  1888
    6603   1   2   1   0   1   1849  1889
    6604   1   2   1   0   1   1850  1890
    6605   1   2   1   0   1   1851  1891
    6606   1   2   1   0   1   1852  1892
    6607   1   2   1   0   1   1853  1893
    6608   1   2   1   0   1   1854  1894
    6609   1   2   1   0   1   1855  1895
    6610   1   2   1   0   1   1856  1896
    6611   1   2   1   0   1   1857  1897
    6612   1   2   1   0   1   1858  1898
    6613   1   2   1   0   1   1859  1899
    6614   1   2   1   0   1   1860  1900
    6615   1   2   1   0   1   1861  1901
    6616   1   2   1   0   1   1862  1902
    6617   1   2   1   0   1   1863  1903
    6618   1   2   1   0   1   1864  1904
    6619   1   2   1   0   1   1865  1905
    6620   1   2   1   0   1   1866  1906
 
    ELEM MAT TYP REL ESY SEC        NODES
 
    6621   1   2   1   0   1   1867  1907
    6622   1   2   1   0   1   1868  1908
    6623   1   2   1   0   1   1869  1909
    6624   1   2   1   0   1   1870  1910
    6625   1   2   1   0   1   1871  1911
    6626   1   2   1   0   1   1872  1912
    6627   1   2   1   0   1   1873  1913
    6628   1   2   1   0   1   1874  1914
    6629   1   2   1   0   1   1875  1915
    6630   1   2   1   0   1   1876  1916
    6631   1   2   1   0   1   1877  1917
    6632   1   2   1   0   1   1878  1918
    6633   1   2   1   0   1   1879  1919
    6634   1   2   1   0   1   1880  1920
    6635   1   2   1   0   1   1881  1921
    6636   1   2   1   0   1   1882  1922
    6637   1   2   1   0   1   1883  1923
    6638   1   2   1   0   1   1884  1924
    6639   1   2   1   0   1   1885  1925
    6640   1   2   1   0   1   1886  1926
 
    ELEM MAT TYP REL ESY SEC        NODES
 
    6641   1   2   1   0   1   1888  1928
    6642   1   2   1   0   1   1889  1929
    6643   1   2   1   0   1   1890  1930
    6644   1   2   1   0   1   1891  1931
    6645   1   2   1   0   1   1892  1932
    6646   1   2   1   0   1   1893  1933
    6647   1   2   1   0   1   1894  1934
    6648   1   2   1   0   1   1895  1935
    6649   1   2   1   0   1   1896  1936
    6650   1   2   1   0   1   1897  1937
    6651   1   2   1   0   1   1898  1938
    6652   1   2   1   0   1   1899  1939
    6653   1   2   1   0   1   1900  1940
    6654   1   2   1   0   1   1901  1941
    6655   1   2   1   0   1   1902  1942
    6656   1   2   1   0   1   1903  1943
    6657   1   2   1   0   1   1904  1944
    6658   1   2   1   0   1   1905  1945
    6659   1   2   1   0   1   1906  1946
    6660   1   2   1   0   1   1907  1947
 
    ELEM MAT TYP REL ESY SEC        NODES
 
    6661   1   2   1   0   1   1908  1948
    6662   1   2   1   0   1   1909  1949
    6663   1   2   1   0   1   1910  1950
    6664   1   2   1   0   1   1911  1951
    6665   1   2   1   0   1   1912  1952
    6666   1   2   1   0   1   1913  1953
    6667   1   2   1   0   1   1914  1954
    6668   1   2   1   0   1   1915  1955
    6669   1   2   1   0   1   1916  1956
    6670   1   2   1   0   1   1917  1957
    6671   1   2   1   0   1   1918  1958
    6672   1   2   1   0   1   1919  1959
    6673   1   2   1   0   1   1920  1960
    6674   1   2   1   0   1   1921  1961
    6675   1   2   1   0   1   1922  1962
    6676   1   2   1   0   1   1923  1963
    6677   1   2   1   0   1   1924  1964
    6678   1   2   1   0   1   1925  1965
    6679   1   2   1   0   1   1926  1966
    6680   1   2   1   0   1   1927  1967
 
    ELEM MAT TYP REL ESY SEC        NODES
 
    6681   1   2   1   0   1   1929  1969
    6682   1   2   1   0   1   1930  1970
    6683   1   2   1   0   1   1931  1971
    6684   1   2   1   0   1   1932  1972
    6685   1   2   1   0   1   1933  1973
    6686   1   2   1   0   1   1934  1974
    6687   1   2   1   0   1   1935  1975
    6688   1   2   1   0   1   1936  1976
    6689   1   2   1   0   1   1937  1977
    6690   1   2   1   0   1   1938  1978
    6691   1   2   1   0   1   1939  1979
    6692   1   2   1   0   1   1940  1980
    6693   1   2   1   0   1   1941  1981
    6694   1   2   1   0   1   1942  1982
    6695   1   2   1   0   1   1943  1983
    6696   1   2   1   0   1   1944  1984
    6697   1   2   1   0   1   1945  1985
    6698   1   2   1   0   1   1946  1986
    6699   1   2   1   0   1   1947  1987
    6700   1   2   1   0   1   1948  1988
 
    ELEM MAT TYP REL ESY SEC        NODES
 
    6701   1   2   1   0   1   1949  1989
    6702   1   2   1   0   1   1950  1990
    6703   1   2   1   0   1   1951  1991
    6704   1   2   1   0   1   1952  1992
    6705   1   2   1   0   1   1953  1993
    6706   1   2   1   0   1   1954  1994
    6707   1   2   1   0   1   1955  1995
    6708   1   2   1   0   1   1956  1996
    6709   1   2   1   0   1   1957  1997
    6710   1   2   1   0   1   1958  1998
    6711   1   2   1   0   1   1959  1999
    6712   1   2   1   0   1   1960  2000
    6713   1   2   1   0   1   1961  2001
    6714   1   2   1   0   1   1962  2002
    6715   1   2   1   0   1   1963  2003
    6716   1   2   1   0   1   1964  2004
    6717   1   2   1   0   1   1965  2005
    6718   1   2   1   0   1   1966  2006
    6719   1   2   1   0   1   1967  2007
    6720   1   2   1   0   1   1968  2008
 
    ELEM MAT TYP REL ESY SEC        NODES
 
    6721   1   2   1   0   1   1970  2010
    6722   1   2   1   0   1   1971  2011
    6723   1   2   1   0   1   1972  2012
    6724   1   2   1   0   1   1973  2013
    6725   1   2   1   0   1   1974  2014
    6726   1   2   1   0   1   1975  2015
    6727   1   2   1   0   1   1976  2016
    6728   1   2   1   0   1   1977  2017
    6729   1   2   1   0   1   1978  2018
    6730   1   2   1   0   1   1979  2019
    6731   1   2   1   0   1   1980  2020
    6732   1   2   1   0   1   1981  2021
    6733   1   2   1   0   1   1982  2022
    6734   1   2   1   0   1   1983  2023
    6735   1   2   1   0   1   1984  2024
    6736   1   2   1   0   1   1985  2025
    6737   1   2   1   0   1   1986  2026
    6738   1   2   1   0   1   1987  2027
    6739   1   2   1   0   1   1988  2028
    6740   1   2   1   0   1   1989  2029
 
    ELEM MAT TYP REL ESY SEC        NODES
 
    6741   1   2   1   0   1   1990  2030
    6742   1   2   1   0   1   1991  2031
    6743   1   2   1   0   1   1992  2032
    6744   1   2   1   0   1   1993  2033
    6745   1   2   1   0   1   1994  2034
    6746   1   2   1   0   1   1995  2035
    6747   1   2   1   0   1   1996  2036
    6748   1   2   1   0   1   1997  2037
    6749   1   2   1   0   1   1998  2038
    6750   1   2   1   0   1   1999  2039
    6751   1   2   1   0   1   2000  2040
    6752   1   2   1   0   1   2001  2041
    6753   1   2   1   0   1   2002  2042
    6754   1   2   1   0   1   2003  2043
    6755   1   2   1   0   1   2004  2044
    6756   1   2   1   0   1   2005  2045
    6757   1   2   1   0   1   2006  2046
    6758   1   2   1   0   1   2007  2047
    6759   1   2   1   0   1   2008  2048
    6760   1   2   1   0   1   2009  2049
 
    ELEM MAT TYP REL ESY SEC        NODES
 
    6761   1   2   1   0   1   2011  2051
    6762   1   2   1   0   1   2012  2052
    6763   1   2   1   0   1   2013  2053
    6764   1   2   1   0   1   2014  2054
    6765   1   2   1   0   1   2015  2055
    6766   1   2   1   0   1   2016  2056
    6767   1   2   1   0   1   2017  2057
    6768   1   2   1   0   1   2018  2058
    6769   1   2   1   0   1   2019  2059
    6770   1   2   1   0   1   2020  2060
    6771   1   2   1   0   1   2021  2061
    6772   1   2   1   0   1   2022  2062
    6773   1   2   1   0   1   2023  2063
    6774   1   2   1   0   1   2024  2064
    6775   1   2   1   0   1   2025  2065
    6776   1   2   1   0   1   2026  2066
    6777   1   2   1   0   1   2027  2067
    6778   1   2   1   0   1   2028  2068
    6779   1   2   1   0   1   2029  2069
    6780   1   2   1   0   1   2030  2070
 
    ELEM MAT TYP REL ESY SEC        NODES
 
    6781   1   2   1   0   1   2031  2071
    6782   1   2   1   0   1   2032  2072
    6783   1   2   1   0   1   2033  2073
    6784   1   2   1   0   1   2034  2074
    6785   1   2   1   0   1   2035  2075
    6786   1   2   1   0   1   2036  2076
    6787   1   2   1   0   1   2037  2077
    6788   1   2   1   0   1   2038  2078
    6789   1   2   1   0   1   2039  2079
    6790   1   2   1   0   1   2040  2080
    6791   1   2   1   0   1   2041  2081
    6792   1   2   1   0   1   2042  2082
    6793   1   2   1   0   1   2043  2083
    6794   1   2   1   0   1   2044  2084
    6795   1   2   1   0   1   2045  2085
    6796   1   2   1   0   1   2046  2086
    6797   1   2   1   0   1   2047  2087
    6798   1   2   1   0   1   2048  2088
    6799   1   2   1   0   1   2049  2089
    6800   1   2   1   0   1   2050  2090
 
    ELEM MAT TYP REL ESY SEC        NODES
 
    6801   1   2   1   0   1   2052  2092
    6802   1   2   1   0   1   2053  2093
    6803   1   2   1   0   1   2054  2094
    6804   1   2   1   0   1   2055  2095
    6805   1   2   1   0   1   2056  2096
    6806   1   2   1   0   1   2057  2097
    6807   1   2   1   0   1   2058  2098
    6808   1   2   1   0   1   2059  2099
    6809   1   2   1   0   1   2060  2100
    6810   1   2   1   0   1   2061  2101
    6811   1   2   1   0   1   2062  2102
    6812   1   2   1   0   1   2063  2103
    6813   1   2   1   0   1   2064  2104
    6814   1   2   1   0   1   2065  2105
    6815   1   2   1   0   1   2066  2106
    6816   1   2   1   0   1   2067  2107
    6817   1   2   1   0   1   2068  2108
    6818   1   2   1   0   1   2069  2109
    6819   1   2   1   0   1   2070  2110
    6820   1   2   1   0   1   2071  2111
 
    ELEM MAT TYP REL ESY SEC        NODES
 
    6821   1   2   1   0   1   2072  2112
    6822   1   2   1   0   1   2073  2113
    6823   1   2   1   0   1   2074  2114
    6824   1   2   1   0   1   2075  2115
    6825   1   2   1   0   1   2076  2116
    6826   1   2   1   0   1   2077  2117
    6827   1   2   1   0   1   2078  2118
    6828   1   2   1   0   1   2079  2119
    6829   1   2   1   0   1   2080  2120
    6830   1   2   1   0   1   2081  2121
    6831   1   2   1   0   1   2082  2122
    6832   1   2   1   0   1   2083  2123
    6833   1   2   1   0   1   2084  2124
    6834   1   2   1   0   1   2085  2125
    6835   1   2   1   0   1   2086  2126
    6836   1   2   1   0   1   2087  2127
    6837   1   2   1   0   1   2088  2128
    6838   1   2   1   0   1   2089  2129
    6839   1   2   1   0   1   2090  2130
    6840   1   2   1   0   1   2091  2131
 
    ELEM MAT TYP REL ESY SEC        NODES
 
    6841   1   2   1   0   1   2093  2133
    6842   1   2   1   0   1   2094  2134
    6843   1   2   1   0   1   2095  2135
    6844   1   2   1   0   1   2096  2136
    6845   1   2   1   0   1   2097  2137
    6846   1   2   1   0   1   2098  2138
    6847   1   2   1   0   1   2099  2139
    6848   1   2   1   0   1   2100  2140
    6849   1   2   1   0   1   2101  2141
    6850   1   2   1   0   1   2102  2142
    6851   1   2   1   0   1   2103  2143
    6852   1   2   1   0   1   2104  2144
    6853   1   2   1   0   1   2105  2145
    6854   1   2   1   0   1   2106  2146
    6855   1   2   1   0   1   2107  2147
    6856   1   2   1   0   1   2108  2148
    6857   1   2   1   0   1   2109  2149
    6858   1   2   1   0   1   2110  2150
    6859   1   2   1   0   1   2111  2151
    6860   1   2   1   0   1   2112  2152
 
    ELEM MAT TYP REL ESY SEC        NODES
 
    6861   1   2   1   0   1   2113  2153
    6862   1   2   1   0   1   2114  2154
    6863   1   2   1   0   1   2115  2155
    6864   1   2   1   0   1   2116  2156
    6865   1   2   1   0   1   2117  2157
    6866   1   2   1   0   1   2118  2158
    6867   1   2   1   0   1   2119  2159
    6868   1   2   1   0   1   2120  2160
    6869   1   2   1   0   1   2121  2161
    6870   1   2   1   0   1   2122  2162
    6871   1   2   1   0   1   2123  2163
    6872   1   2   1   0   1   2124  2164
    6873   1   2   1   0   1   2125  2165
    6874   1   2   1   0   1   2126  2166
    6875   1   2   1   0   1   2127  2167
    6876   1   2   1   0   1   2128  2168
    6877   1   2   1   0   1   2129  2169
    6878   1   2   1   0   1   2130  2170
    6879   1   2   1   0   1   2131  2171
    6880   1   2   1   0   1   2132  2172
 
    ELEM MAT TYP REL ESY SEC        NODES
 
    6881   1   2   1   0   1   2134  2174
    6882   1   2   1   0   1   2135  2175
    6883   1   2   1   0   1   2136  2176
    6884   1   2   1   0   1   2137  2177
    6885   1   2   1   0   1   2138  2178
    6886   1   2   1   0   1   2139  2179
    6887   1   2   1   0   1   2140  2180
    6888   1   2   1   0   1   2141  2181
    6889   1   2   1   0   1   2142  2182
    6890   1   2   1   0   1   2143  2183
    6891   1   2   1   0   1   2144  2184
    6892   1   2   1   0   1   2145  2185
    6893   1   2   1   0   1   2146  2186
    6894   1   2   1   0   1   2147  2187
    6895   1   2   1   0   1   2148  2188
    6896   1   2   1   0   1   2149  2189
    6897   1   2   1   0   1   2150  2190
    6898   1   2   1   0   1   2151  2191
    6899   1   2   1   0   1   2152  2192
    6900   1   2   1   0   1   2153  2193
 
    ELEM MAT TYP REL ESY SEC        NODES
 
    6901   1   2   1   0   1   2154  2194
    6902   1   2   1   0   1   2155  2195
    6903   1   2   1   0   1   2156  2196
    6904   1   2   1   0   1   2157  2197
    6905   1   2   1   0   1   2158  2198
    6906   1   2   1   0   1   2159  2199
    6907   1   2   1   0   1   2160  2200
    6908   1   2   1   0   1   2161  2201
    6909   1   2   1   0   1   2162  2202
    6910   1   2   1   0   1   2163  2203
    6911   1   2   1   0   1   2164  2204
    6912   1   2   1   0   1   2165  2205
    6913   1   2   1   0   1   2166  2206
    6914   1   2   1   0   1   2167  2207
    6915   1   2   1   0   1   2168  2208
    6916   1   2   1   0   1   2169  2209
    6917   1   2   1   0   1   2170  2210
    6918   1   2   1   0   1   2171  2211
    6919   1   2   1   0   1   2172  2212
    6920   1   2   1   0   1   2173  2213
 
    ELEM MAT TYP REL ESY SEC        NODES
 
    6921   1   2   1   0   1   2175  2215
    6922   1   2   1   0   1   2176  2216
    6923   1   2   1   0   1   2177  2217
    6924   1   2   1   0   1   2178  2218
    6925   1   2   1   0   1   2179  2219
    6926   1   2   1   0   1   2180  2220
    6927   1   2   1   0   1   2181  2221
    6928   1   2   1   0   1   2182  2222
    6929   1   2   1   0   1   2183  2223
    6930   1   2   1   0   1   2184  2224
    6931   1   2   1   0   1   2185  2225
    6932   1   2   1   0   1   2186  2226
    6933   1   2   1   0   1   2187  2227
    6934   1   2   1   0   1   2188  2228
    6935   1   2   1   0   1   2189  2229
    6936   1   2   1   0   1   2190  2230
    6937   1   2   1   0   1   2191  2231
    6938   1   2   1   0   1   2192  2232
    6939   1   2   1   0   1   2193  2233
    6940   1   2   1   0   1   2194  2234
 
    ELEM MAT TYP REL ESY SEC        NODES
 
    6941   1   2   1   0   1   2195  2235
    6942   1   2   1   0   1   2196  2236
    6943   1   2   1   0   1   2197  2237
    6944   1   2   1   0   1   2198  2238
    6945   1   2   1   0   1   2199  2239
    6946   1   2   1   0   1   2200  2240
    6947   1   2   1   0   1   2201  2241
    6948   1   2   1   0   1   2202  2242
    6949   1   2   1   0   1   2203  2243
    6950   1   2   1   0   1   2204  2244
    6951   1   2   1   0   1   2205  2245
    6952   1   2   1   0   1   2206  2246
    6953   1   2   1   0   1   2207  2247
    6954   1   2   1   0   1   2208  2248
    6955   1   2   1   0   1   2209  2249
    6956   1   2   1   0   1   2210  2250
    6957   1   2   1   0   1   2211  2251
    6958   1   2   1   0   1   2212  2252
    6959   1   2   1   0   1   2213  2253
    6960   1   2   1   0   1   2214  2254
 
    ELEM MAT TYP REL ESY SEC        NODES
 
    6961   1   2   1   0   1   2216  2256
    6962   1   2   1   0   1   2217  2257
    6963   1   2   1   0   1   2218  2258
    6964   1   2   1   0   1   2219  2259
    6965   1   2   1   0   1   2220  2260
    6966   1   2   1   0   1   2221  2261
    6967   1   2   1   0   1   2222  2262
    6968   1   2   1   0   1   2223  2263
    6969   1   2   1   0   1   2224  2264
    6970   1   2   1   0   1   2225  2265
    6971   1   2   1   0   1   2226  2266
    6972   1   2   1   0   1   2227  2267
    6973   1   2   1   0   1   2228  2268
    6974   1   2   1   0   1   2229  2269
    6975   1   2   1   0   1   2230  2270
    6976   1   2   1   0   1   2231  2271
    6977   1   2   1   0   1   2232  2272
    6978   1   2   1   0   1   2233  2273
    6979   1   2   1   0   1   2234  2274
    6980   1   2   1   0   1   2235  2275
 
    ELEM MAT TYP REL ESY SEC        NODES
 
    6981   1   2   1   0   1   2236  2276
    6982   1   2   1   0   1   2237  2277
    6983   1   2   1   0   1   2238  2278
    6984   1   2   1   0   1   2239  2279
    6985   1   2   1   0   1   2240  2280
    6986   1   2   1   0   1   2241  2281
    6987   1   2   1   0   1   2242  2282
    6988   1   2   1   0   1   2243  2283
    6989   1   2   1   0   1   2244  2284
    6990   1   2   1   0   1   2245  2285
    6991   1   2   1   0   1   2246  2286
    6992   1   2   1   0   1   2247  2287
    6993   1   2   1   0   1   2248  2288
    6994   1   2   1   0   1   2249  2289
    6995   1   2   1   0   1   2250  2290
    6996   1   2   1   0   1   2251  2291
    6997   1   2   1   0   1   2252  2292
    6998   1   2   1   0   1   2253  2293
    6999   1   2   1   0   1   2254  2294
    7000   1   2   1   0   1   2255  2295
 
    ELEM MAT TYP REL ESY SEC        NODES
 
    7001   1   2   1   0   1   2257  2297
    7002   1   2   1   0   1   2258  2298
    7003   1   2   1   0   1   2259  2299
    7004   1   2   1   0   1   2260  2300
    7005   1   2   1   0   1   2261  2301
    7006   1   2   1   0   1   2262  2302
    7007   1   2   1   0   1   2263  2303
    7008   1   2   1   0   1   2264  2304
    7009   1   2   1   0   1   2265  2305
    7010   1   2   1   0   1   2266  2306
    7011   1   2   1   0   1   2267  2307
    7012   1   2   1   0   1   2268  2308
    7013   1   2   1   0   1   2269  2309
    7014   1   2   1   0   1   2270  2310
    7015   1   2   1   0   1   2271  2311
    7016   1   2   1   0   1   2272  2312
    7017   1   2   1   0   1   2273  2313
    7018   1   2   1   0   1   2274  2314
    7019   1   2   1   0   1   2275  2315
    7020   1   2   1   0   1   2276  2316
 
    ELEM MAT TYP REL ESY SEC        NODES
 
    7021   1   2   1   0   1   2277  2317
    7022   1   2   1   0   1   2278  2318
    7023   1   2   1   0   1   2279  2319
    7024   1   2   1   0   1   2280  2320
    7025   1   2   1   0   1   2281  2321
    7026   1   2   1   0   1   2282  2322
    7027   1   2   1   0   1   2283  2323
    7028   1   2   1   0   1   2284  2324
    7029   1   2   1   0   1   2285  2325
    7030   1   2   1   0   1   2286  2326
    7031   1   2   1   0   1   2287  2327
    7032   1   2   1   0   1   2288  2328
    7033   1   2   1   0   1   2289  2329
    7034   1   2   1   0   1   2290  2330
    7035   1   2   1   0   1   2291  2331
    7036   1   2   1   0   1   2292  2332
    7037   1   2   1   0   1   2293  2333
    7038   1   2   1   0   1   2294  2334
    7039   1   2   1   0   1   2295  2335
    7040   1   2   1   0   1   2296  2336
 
    ELEM MAT TYP REL ESY SEC        NODES
 
    7041   1   2   1   0   1   2298  2338
    7042   1   2   1   0   1   2299  2339
    7043   1   2   1   0   1   2300  2340
    7044   1   2   1   0   1   2301  2341
    7045   1   2   1   0   1   2302  2342
    7046   1   2   1   0   1   2303  2343
    7047   1   2   1   0   1   2304  2344
    7048   1   2   1   0   1   2305  2345
    7049   1   2   1   0   1   2306  2346
    7050   1   2   1   0   1   2307  2347
    7051   1   2   1   0   1   2308  2348
    7052   1   2   1   0   1   2309  2349
    7053   1   2   1   0   1   2310  2350
    7054   1   2   1   0   1   2311  2351
    7055   1   2   1   0   1   2312  2352
    7056   1   2   1   0   1   2313  2353
    7057   1   2   1   0   1   2314  2354
    7058   1   2   1   0   1   2315  2355
    7059   1   2   1   0   1   2316  2356
    7060   1   2   1   0   1   2317  2357
 
    ELEM MAT TYP REL ESY SEC        NODES
 
    7061   1   2   1   0   1   2318  2358
    7062   1   2   1   0   1   2319  2359
    7063   1   2   1   0   1   2320  2360
    7064   1   2   1   0   1   2321  2361
    7065   1   2   1   0   1   2322  2362
    7066   1   2   1   0   1   2323  2363
    7067   1   2   1   0   1   2324  2364
    7068   1   2   1   0   1   2325  2365
    7069   1   2   1   0   1   2326  2366
    7070   1   2   1   0   1   2327  2367
    7071   1   2   1   0   1   2328  2368
    7072   1   2   1   0   1   2329  2369
    7073   1   2   1   0   1   2330  2370
    7074   1   2   1   0   1   2331  2371
    7075   1   2   1   0   1   2332  2372
    7076   1   2   1   0   1   2333  2373
    7077   1   2   1   0   1   2334  2374
    7078   1   2   1   0   1   2335  2375
    7079   1   2   1   0   1   2336  2376
    7080   1   2   1   0   1   2337  2377
 
    ELEM MAT TYP REL ESY SEC        NODES
 
    7081   1   2   1   0   1   2339  2379
    7082   1   2   1   0   1   2340  2380
    7083   1   2   1   0   1   2341  2381
    7084   1   2   1   0   1   2342  2382
    7085   1   2   1   0   1   2343  2383
    7086   1   2   1   0   1   2344  2384
    7087   1   2   1   0   1   2345  2385
    7088   1   2   1   0   1   2346  2386
    7089   1   2   1   0   1   2347  2387
    7090   1   2   1   0   1   2348  2388
    7091   1   2   1   0   1   2349  2389
    7092   1   2   1   0   1   2350  2390
    7093   1   2   1   0   1   2351  2391
    7094   1   2   1   0   1   2352  2392
    7095   1   2   1   0   1   2353  2393
    7096   1   2   1   0   1   2354  2394
    7097   1   2   1   0   1   2355  2395
    7098   1   2   1   0   1   2356  2396
    7099   1   2   1   0   1   2357  2397
    7100   1   2   1   0   1   2358  2398
 
    ELEM MAT TYP REL ESY SEC        NODES
 
    7101   1   2   1   0   1   2359  2399
    7102   1   2   1   0   1   2360  2400
    7103   1   2   1   0   1   2361  2401
    7104   1   2   1   0   1   2362  2402
    7105   1   2   1   0   1   2363  2403
    7106   1   2   1   0   1   2364  2404
    7107   1   2   1   0   1   2365  2405
    7108   1   2   1   0   1   2366  2406
    7109   1   2   1   0   1   2367  2407
    7110   1   2   1   0   1   2368  2408
    7111   1   2   1   0   1   2369  2409
    7112   1   2   1   0   1   2370  2410
    7113   1   2   1   0   1   2371  2411
    7114   1   2   1   0   1   2372  2412
    7115   1   2   1   0   1   2373  2413
    7116   1   2   1   0   1   2374  2414
    7117   1   2   1   0   1   2375  2415
    7118   1   2   1   0   1   2376  2416
    7119   1   2   1   0   1   2377  2417
    7120   1   2   1   0   1   2378  2418
 
    ELEM MAT TYP REL ESY SEC        NODES
 
    7121   1   2   1   0   1   2380  2420
    7122   1   2   1   0   1   2381  2421
    7123   1   2   1   0   1   2382  2422
    7124   1   2   1   0   1   2383  2423
    7125   1   2   1   0   1   2384  2424
    7126   1   2   1   0   1   2385  2425
    7127   1   2   1   0   1   2386  2426
    7128   1   2   1   0   1   2387  2427
    7129   1   2   1   0   1   2388  2428
    7130   1   2   1   0   1   2389  2429
    7131   1   2   1   0   1   2390  2430
    7132   1   2   1   0   1   2391  2431
    7133   1   2   1   0   1   2392  2432
    7134   1   2   1   0   1   2393  2433
    7135   1   2   1   0   1   2394  2434
    7136   1   2   1   0   1   2395  2435
    7137   1   2   1   0   1   2396  2436
    7138   1   2   1   0   1   2397  2437
    7139   1   2   1   0   1   2398  2438
    7140   1   2   1   0   1   2399  2439
 
    ELEM MAT TYP REL ESY SEC        NODES
 
    7141   1   2   1   0   1   2400  2440
    7142   1   2   1   0   1   2401  2441
    7143   1   2   1   0   1   2402  2442
    7144   1   2   1   0   1   2403  2443
    7145   1   2   1   0   1   2404  2444
    7146   1   2   1   0   1   2405  2445
    7147   1   2   1   0   1   2406  2446
    7148   1   2   1   0   1   2407  2447
    7149   1   2   1   0   1   2408  2448
    7150   1   2   1   0   1   2409  2449
    7151   1   2   1   0   1   2410  2450
    7152   1   2   1   0   1   2411  2451
    7153   1   2   1   0   1   2412  2452
    7154   1   2   1   0   1   2413  2453
    7155   1   2   1   0   1   2414  2454
    7156   1   2   1   0   1   2415  2455
    7157   1   2   1   0   1   2416  2456
    7158   1   2   1   0   1   2417  2457
    7159   1   2   1   0   1   2418  2458
    7160   1   2   1   0   1   2419  2459
 
    ELEM MAT TYP REL ESY SEC        NODES
 
    7161   1   2   1   0   1   2421  2461
    7162   1   2   1   0   1   2422  2462
    7163   1   2   1   0   1   2423  2463
    7164   1   2   1   0   1   2424  2464
    7165   1   2   1   0   1   2425  2465
    7166   1   2   1   0   1   2426  2466
    7167   1   2   1   0   1   2427  2467
    7168   1   2   1   0   1   2428  2468
    7169   1   2   1   0   1   2429  2469
    7170   1   2   1   0   1   2430  2470
    7171   1   2   1   0   1   2431  2471
    7172   1   2   1   0   1   2432  2472
    7173   1   2   1   0   1   2433  2473
    7174   1   2   1   0   1   2434  2474
    7175   1   2   1   0   1   2435  2475
    7176   1   2   1   0   1   2436  2476
    7177   1   2   1   0   1   2437  2477
    7178   1   2   1   0   1   2438  2478
    7179   1   2   1   0   1   2439  2479
    7180   1   2   1   0   1   2440  2480
 
    ELEM MAT TYP REL ESY SEC        NODES
 
    7181   1   2   1   0   1   2441  2481
    7182   1   2   1   0   1   2442  2482
    7183   1   2   1   0   1   2443  2483
    7184   1   2   1   0   1   2444  2484
    7185   1   2   1   0   1   2445  2485
    7186   1   2   1   0   1   2446  2486
    7187   1   2   1   0   1   2447  2487
    7188   1   2   1   0   1   2448  2488
    7189   1   2   1   0   1   2449  2489
    7190   1   2   1   0   1   2450  2490
    7191   1   2   1   0   1   2451  2491
    7192   1   2   1   0   1   2452  2492
    7193   1   2   1   0   1   2453  2493
    7194   1   2   1   0   1   2454  2494
    7195   1   2   1   0   1   2455  2495
    7196   1   2   1   0   1   2456  2496
    7197   1   2   1   0   1   2457  2497
    7198   1   2   1   0   1   2458  2498
    7199   1   2   1   0   1   2459  2499
    7200   1   2   1   0   1   2460  2500

