
 LIST ALL SELECTED ELEMENTS.  (LIST NODES)
 
    ELEM MAT TYP REL ESY SEC        NODES
 
       1   1   1   1   0   1      1     2    43    42
       2   1   1   1   0   1      2     3    44    43
       3   1   1   1   0   1      3     4    45    44
       4   1   1   1   0   1      4     5    46    45
       5   1   1   1   0   1      5     6    47    46
       6   1   1   1   0   1      6     7    48    47
       7   1   1   1   0   1      7     8    49    48
       8   1   1   1   0   1      8     9    50    49
       9   1   1   1   0   1      9    10    51    50
      10   1   1   1   0   1     10    11    52    51
      11   1   1   1   0   1     11    12    53    52
      12   1   1   1   0   1     12    13    54    53
      13   1   1   1   0   1     13    14    55    54
      14   1   1   1   0   1     14    15    56    55
      15   1   1   1   0   1     15    16    57    56
      16   1   1   1   0   1     16    17    58    57
      17   1   1   1   0   1     17    18    59    58
      18   1   1   1   0   1     18    19    60    59
      19   1   1   1   0   1     19    20    61    60
      20   1   1   1   0   1     20    21    62    61
 
    ELEM MAT TYP REL ESY SEC        NODES
 
      21   1   1   1   0   1     21    22    63    62
      22   1   1   1   0   1     22    23    64    63
      23   1   1   1   0   1     23    24    65    64
      24   1   1   1   0   1     24    25    66    65
      25   1   1   1   0   1     25    26    67    66
      26   1   1   1   0   1     26    27    68    67
      27   1   1   1   0   1     27    28    69    68
      28   1   1   1   0   1     28    29    70    69
      29   1   1   1   0   1     29    30    71    70
      30   1   1   1   0   1     30    31    72    71
      31   1   1   1   0   1     31    32    73    72
      32   1   1   1   0   1     32    33    74    73
      33   1   1   1   0   1     33    34    75    74
      34   1   1   1   0   1     34    35    76    75
      35   1   1   1   0   1     35    36    77    76
      36   1   1   1   0   1     36    37    78    77
      37   1   1   1   0   1     37    38    79    78
      38   1   1   1   0   1     38    39    80    79
      39   1   1   1   0   1     39    40    81    80
      40   1   1   1   0   1     40    41    82    81
 
    ELEM MAT TYP REL ESY SEC        NODES
 
      41   1   1   1   0   1     42    43    84    83
      42   1   1   1   0   1     43    44    85    84
      43   1   1   1   0   1     44    45    86    85
      44   1   1   1   0   1     45    46    87    86
      45   1   1   1   0   1     46    47    88    87
      46   1   1   1   0   1     47    48    89    88
      47   1   1   1   0   1     48    49    90    89
      48   1   1   1   0   1     49    50    91    90
      49   1   1   1   0   1     50    51    92    91
      50   1   1   1   0   1     51    52    93    92
      51   1   1   1   0   1     52    53    94    93
      52   1   1   1   0   1     53    54    95    94
      53   1   1   1   0   1     54    55    96    95
      54   1   1   1   0   1     55    56    97    96
      55   1   1   1   0   1     56    57    98    97
      56   1   1   1   0   1     57    58    99    98
      57   1   1   1   0   1     58    59   100    99
      58   1   1   1   0   1     59    60   101   100
      59   1   1   1   0   1     60    61   102   101
      60   1   1   1   0   1     61    62   103   102
 
    ELEM MAT TYP REL ESY SEC        NODES
 
      61   1   1   1   0   1     62    63   104   103
      62   1   1   1   0   1     63    64   105   104
      63   1   1   1   0   1     64    65   106   105
      64   1   1   1   0   1     65    66   107   106
      65   1   1   1   0   1     66    67   108   107
      66   1   1   1   0   1     67    68   109   108
      67   1   1   1   0   1     68    69   110   109
      68   1   1   1   0   1     69    70   111   110
      69   1   1   1   0   1     70    71   112   111
      70   1   1   1   0   1     71    72   113   112
      71   1   1   1   0   1     72    73   114   113
      72   1   1   1   0   1     73    74   115   114
      73   1   1   1   0   1     74    75   116   115
      74   1   1   1   0   1     75    76   117   116
      75   1   1   1   0   1     76    77   118   117
      76   1   1   1   0   1     77    78   119   118
      77   1   1   1   0   1     78    79   120   119
      78   1   1   1   0   1     79    80   121   120
      79   1   1   1   0   1     80    81   122   121
      80   1   1   1   0   1     81    82   123   122
 
    ELEM MAT TYP REL ESY SEC        NODES
 
      81   1   1   1   0   1     83    84   125   124
      82   1   1   1   0   1     84    85   126   125
      83   1   1   1   0   1     85    86   127   126
      84   1   1   1   0   1     86    87   128   127
      85   1   1   1   0   1     87    88   129   128
      86   1   1   1   0   1     88    89   130   129
      87   1   1   1   0   1     89    90   131   130
      88   1   1   1   0   1     90    91   132   131
      89   1   1   1   0   1     91    92   133   132
      90   1   1   1   0   1     92    93   134   133
      91   1   1   1   0   1     93    94   135   134
      92   1   1   1   0   1     94    95   136   135
      93   1   1   1   0   1     95    96   137   136
      94   1   1   1   0   1     96    97   138   137
      95   1   1   1   0   1     97    98   139   138
      96   1   1   1   0   1     98    99   140   139
      97   1   1   1   0   1     99   100   141   140
      98   1   1   1   0   1    100   101   142   141
      99   1   1   1   0   1    101   102   143   142
     100   1   1   1   0   1    102   103   144   143
 
    ELEM MAT TYP REL ESY SEC        NODES
 
     101   1   1   1   0   1    103   104   145   144
     102   1   1   1   0   1    104   105   146   145
     103   1   1   1   0   1    105   106   147   146
     104   1   1   1   0   1    106   107   148   147
     105   1   1   1   0   1    107   108   149   148
     106   1   1   1   0   1    108   109   150   149
     107   1   1   1   0   1    109   110   151   150
     108   1   1   1   0   1    110   111   152   151
     109   1   1   1   0   1    111   112   153   152
     110   1   1   1   0   1    112   113   154   153
     111   1   1   1   0   1    113   114   155   154
     112   1   1   1   0   1    114   115   156   155
     113   1   1   1   0   1    115   116   157   156
     114   1   1   1   0   1    116   117   158   157
     115   1   1   1   0   1    117   118   159   158
     116   1   1   1   0   1    118   119   160   159
     117   1   1   1   0   1    119   120   161   160
     118   1   1   1   0   1    120   121   162   161
     119   1   1   1   0   1    121   122   163   162
     120   1   1   1   0   1    122   123   164   163
 
    ELEM MAT TYP REL ESY SEC        NODES
 
     121   1   1   1   0   1    124   125   166   165
     122   1   1   1   0   1    125   126   167   166
     123   1   1   1   0   1    126   127   168   167
     124   1   1   1   0   1    127   128   169   168
     125   1   1   1   0   1    128   129   170   169
     126   1   1   1   0   1    129   130   171   170
     127   1   1   1   0   1    130   131   172   171
     128   1   1   1   0   1    131   132   173   172
     129   1   1   1   0   1    132   133   174   173
     130   1   1   1   0   1    133   134   175   174
     131   1   1   1   0   1    134   135   176   175
     132   1   1   1   0   1    135   136   177   176
     133   1   1   1   0   1    136   137   178   177
     134   1   1   1   0   1    137   138   179   178
     135   1   1   1   0   1    138   139   180   179
     136   1   1   1   0   1    139   140   181   180
     137   1   1   1   0   1    140   141   182   181
     138   1   1   1   0   1    141   142   183   182
     139   1   1   1   0   1    142   143   184   183
     140   1   1   1   0   1    143   144   185   184
 
    ELEM MAT TYP REL ESY SEC        NODES
 
     141   1   1   1   0   1    144   145   186   185
     142   1   1   1   0   1    145   146   187   186
     143   1   1   1   0   1    146   147   188   187
     144   1   1   1   0   1    147   148   189   188
     145   1   1   1   0   1    148   149   190   189
     146   1   1   1   0   1    149   150   191   190
     147   1   1   1   0   1    150   151   192   191
     148   1   1   1   0   1    151   152   193   192
     149   1   1   1   0   1    152   153   194   193
     150   1   1   1   0   1    153   154   195   194
     151   1   1   1   0   1    154   155   196   195
     152   1   1   1   0   1    155   156   197   196
     153   1   1   1   0   1    156   157   198   197
     154   1   1   1   0   1    157   158   199   198
     155   1   1   1   0   1    158   159   200   199
     156   1   1   1   0   1    159   160   201   200
     157   1   1   1   0   1    160   161   202   201
     158   1   1   1   0   1    161   162   203   202
     159   1   1   1   0   1    162   163   204   203
     160   1   1   1   0   1    163   164   205   204
 
    ELEM MAT TYP REL ESY SEC        NODES
 
     161   1   1   1   0   1    165   166   207   206
     162   1   1   1   0   1    166   167   208   207
     163   1   1   1   0   1    167   168   209   208
     164   1   1   1   0   1    168   169   210   209
     165   1   1   1   0   1    169   170   211   210
     166   1   1   1   0   1    170   171   212   211
     167   1   1   1   0   1    171   172   213   212
     168   1   1   1   0   1    172   173   214   213
     169   1   1   1   0   1    173   174   215   214
     170   1   1   1   0   1    174   175   216   215
     171   1   1   1   0   1    175   176   217   216
     172   1   1   1   0   1    176   177   218   217
     173   1   1   1   0   1    177   178   219   218
     174   1   1   1   0   1    178   179   220   219
     175   1   1   1   0   1    179   180   221   220
     176   1   1   1   0   1    180   181   222   221
     177   1   1   1   0   1    181   182   223   222
     178   1   1   1   0   1    182   183   224   223
     179   1   1   1   0   1    183   184   225   224
     180   1   1   1   0   1    184   185   226   225
 
    ELEM MAT TYP REL ESY SEC        NODES
 
     181   1   1   1   0   1    185   186   227   226
     182   1   1   1   0   1    186   187   228   227
     183   1   1   1   0   1    187   188   229   228
     184   1   1   1   0   1    188   189   230   229
     185   1   1   1   0   1    189   190   231   230
     186   1   1   1   0   1    190   191   232   231
     187   1   1   1   0   1    191   192   233   232
     188   1   1   1   0   1    192   193   234   233
     189   1   1   1   0   1    193   194   235   234
     190   1   1   1   0   1    194   195   236   235
     191   1   1   1   0   1    195   196   237   236
     192   1   1   1   0   1    196   197   238   237
     193   1   1   1   0   1    197   198   239   238
     194   1   1   1   0   1    198   199   240   239
     195   1   1   1   0   1    199   200   241   240
     196   1   1   1   0   1    200   201   242   241
     197   1   1   1   0   1    201   202   243   242
     198   1   1   1   0   1    202   203   244   243
     199   1   1   1   0   1    203   204   245   244
     200   1   1   1   0   1    204   205   246   245
 
    ELEM MAT TYP REL ESY SEC        NODES
 
     201   1   1   1   0   1    206   207   248   247
     202   1   1   1   0   1    207   208   249   248
     203   1   1   1   0   1    208   209   250   249
     204   1   1   1   0   1    209   210   251   250
     205   1   1   1   0   1    210   211   252   251
     206   1   1   1   0   1    211   212   253   252
     207   1   1   1   0   1    212   213   254   253
     208   1   1   1   0   1    213   214   255   254
     209   1   1   1   0   1    214   215   256   255
     210   1   1   1   0   1    215   216   257   256
     211   1   1   1   0   1    216   217   258   257
     212   1   1   1   0   1    217   218   259   258
     213   1   1   1   0   1    218   219   260   259
     214   1   1   1   0   1    219   220   261   260
     215   1   1   1   0   1    220   221   262   261
     216   1   1   1   0   1    221   222   263   262
     217   1   1   1   0   1    222   223   264   263
     218   1   1   1   0   1    223   224   265   264
     219   1   1   1   0   1    224   225   266   265
     220   1   1   1   0   1    225   226   267   266
 
    ELEM MAT TYP REL ESY SEC        NODES
 
     221   1   1   1   0   1    226   227   268   267
     222   1   1   1   0   1    227   228   269   268
     223   1   1   1   0   1    228   229   270   269
     224   1   1   1   0   1    229   230   271   270
     225   1   1   1   0   1    230   231   272   271
     226   1   1   1   0   1    231   232   273   272
     227   1   1   1   0   1    232   233   274   273
     228   1   1   1   0   1    233   234   275   274
     229   1   1   1   0   1    234   235   276   275
     230   1   1   1   0   1    235   236   277   276
     231   1   1   1   0   1    236   237   278   277
     232   1   1   1   0   1    237   238   279   278
     233   1   1   1   0   1    238   239   280   279
     234   1   1   1   0   1    239   240   281   280
     235   1   1   1   0   1    240   241   282   281
     236   1   1   1   0   1    241   242   283   282
     237   1   1   1   0   1    242   243   284   283
     238   1   1   1   0   1    243   244   285   284
     239   1   1   1   0   1    244   245   286   285
     240   1   1   1   0   1    245   246   287   286
 
    ELEM MAT TYP REL ESY SEC        NODES
 
     241   1   1   1   0   1    247   248   289   288
     242   1   1   1   0   1    248   249   290   289
     243   1   1   1   0   1    249   250   291   290
     244   1   1   1   0   1    250   251   292   291
     245   1   1   1   0   1    251   252   293   292
     246   1   1   1   0   1    252   253   294   293
     247   1   1   1   0   1    253   254   295   294
     248   1   1   1   0   1    254   255   296   295
     249   1   1   1   0   1    255   256   297   296
     250   1   1   1   0   1    256   257   298   297
     251   1   1   1   0   1    257   258   299   298
     252   1   1   1   0   1    258   259   300   299
     253   1   1   1   0   1    259   260   301   300
     254   1   1   1   0   1    260   261   302   301
     255   1   1   1   0   1    261   262   303   302
     256   1   1   1   0   1    262   263   304   303
     257   1   1   1   0   1    263   264   305   304
     258   1   1   1   0   1    264   265   306   305
     259   1   1   1   0   1    265   266   307   306
     260   1   1   1   0   1    266   267   308   307
 
    ELEM MAT TYP REL ESY SEC        NODES
 
     261   1   1   1   0   1    267   268   309   308
     262   1   1   1   0   1    268   269   310   309
     263   1   1   1   0   1    269   270   311   310
     264   1   1   1   0   1    270   271   312   311
     265   1   1   1   0   1    271   272   313   312
     266   1   1   1   0   1    272   273   314   313
     267   1   1   1   0   1    273   274   315   314
     268   1   1   1   0   1    274   275   316   315
     269   1   1   1   0   1    275   276   317   316
     270   1   1   1   0   1    276   277   318   317
     271   1   1   1   0   1    277   278   319   318
     272   1   1   1   0   1    278   279   320   319
     273   1   1   1   0   1    279   280   321   320
     274   1   1   1   0   1    280   281   322   321
     275   1   1   1   0   1    281   282   323   322
     276   1   1   1   0   1    282   283   324   323
     277   1   1   1   0   1    283   284   325   324
     278   1   1   1   0   1    284   285   326   325
     279   1   1   1   0   1    285   286   327   326
     280   1   1   1   0   1    286   287   328   327
 
    ELEM MAT TYP REL ESY SEC        NODES
 
     281   1   1   1   0   1    288   289   330   329
     282   1   1   1   0   1    289   290   331   330
     283   1   1   1   0   1    290   291   332   331
     284   1   1   1   0   1    291   292   333   332
     285   1   1   1   0   1    292   293   334   333
     286   1   1   1   0   1    293   294   335   334
     287   1   1   1   0   1    294   295   336   335
     288   1   1   1   0   1    295   296   337   336
     289   1   1   1   0   1    296   297   338   337
     290   1   1   1   0   1    297   298   339   338
     291   1   1   1   0   1    298   299   340   339
     292   1   1   1   0   1    299   300   341   340
     293   1   1   1   0   1    300   301   342   341
     294   1   1   1   0   1    301   302   343   342
     295   1   1   1   0   1    302   303   344   343
     296   1   1   1   0   1    303   304   345   344
     297   1   1   1   0   1    304   305   346   345
     298   1   1   1   0   1    305   306   347   346
     299   1   1   1   0   1    306   307   348   347
     300   1   1   1   0   1    307   308   349   348
 
    ELEM MAT TYP REL ESY SEC        NODES
 
     301   1   1   1   0   1    308   309   350   349
     302   1   1   1   0   1    309   310   351   350
     303   1   1   1   0   1    310   311   352   351
     304   1   1   1   0   1    311   312   353   352
     305   1   1   1   0   1    312   313   354   353
     306   1   1   1   0   1    313   314   355   354
     307   1   1   1   0   1    314   315   356   355
     308   1   1   1   0   1    315   316   357   356
     309   1   1   1   0   1    316   317   358   357
     310   1   1   1   0   1    317   318   359   358
     311   1   1   1   0   1    318   319   360   359
     312   1   1   1   0   1    319   320   361   360
     313   1   1   1   0   1    320   321   362   361
     314   1   1   1   0   1    321   322   363   362
     315   1   1   1   0   1    322   323   364   363
     316   1   1   1   0   1    323   324   365   364
     317   1   1   1   0   1    324   325   366   365
     318   1   1   1   0   1    325   326   367   366
     319   1   1   1   0   1    326   327   368   367
     320   1   1   1   0   1    327   328   369   368
 
    ELEM MAT TYP REL ESY SEC        NODES
 
     321   1   1   1   0   1    329   330   371   370
     322   1   1   1   0   1    330   331   372   371
     323   1   1   1   0   1    331   332   373   372
     324   1   1   1   0   1    332   333   374   373
     325   1   1   1   0   1    333   334   375   374
     326   1   1   1   0   1    334   335   376   375
     327   1   1   1   0   1    335   336   377   376
     328   1   1   1   0   1    336   337   378   377
     329   1   1   1   0   1    337   338   379   378
     330   1   1   1   0   1    338   339   380   379
     331   1   1   1   0   1    339   340   381   380
     332   1   1   1   0   1    340   341   382   381
     333   1   1   1   0   1    341   342   383   382
     334   1   1   1   0   1    342   343   384   383
     335   1   1   1   0   1    343   344   385   384
     336   1   1   1   0   1    344   345   386   385
     337   1   1   1   0   1    345   346   387   386
     338   1   1   1   0   1    346   347   388   387
     339   1   1   1   0   1    347   348   389   388
     340   1   1   1   0   1    348   349   390   389
 
    ELEM MAT TYP REL ESY SEC        NODES
 
     341   1   1   1   0   1    349   350   391   390
     342   1   1   1   0   1    350   351   392   391
     343   1   1   1   0   1    351   352   393   392
     344   1   1   1   0   1    352   353   394   393
     345   1   1   1   0   1    353   354   395   394
     346   1   1   1   0   1    354   355   396   395
     347   1   1   1   0   1    355   356   397   396
     348   1   1   1   0   1    356   357   398   397
     349   1   1   1   0   1    357   358   399   398
     350   1   1   1   0   1    358   359   400   399
     351   1   1   1   0   1    359   360   401   400
     352   1   1   1   0   1    360   361   402   401
     353   1   1   1   0   1    361   362   403   402
     354   1   1   1   0   1    362   363   404   403
     355   1   1   1   0   1    363   364   405   404
     356   1   1   1   0   1    364   365   406   405
     357   1   1   1   0   1    365   366   407   406
     358   1   1   1   0   1    366   367   408   407
     359   1   1   1   0   1    367   368   409   408
     360   1   1   1   0   1    368   369   410   409
 
    ELEM MAT TYP REL ESY SEC        NODES
 
     361   1   1   1   0   1    370   371   412   411
     362   1   1   1   0   1    371   372   413   412
     363   1   1   1   0   1    372   373   414   413
     364   1   1   1   0   1    373   374   415   414
     365   1   1   1   0   1    374   375   416   415
     366   1   1   1   0   1    375   376   417   416
     367   1   1   1   0   1    376   377   418   417
     368   1   1   1   0   1    377   378   419   418
     369   1   1   1   0   1    378   379   420   419
     370   1   1   1   0   1    379   380   421   420
     371   1   1   1   0   1    380   381   422   421
     372   1   1   1   0   1    381   382   423   422
     373   1   1   1   0   1    382   383   424   423
     374   1   1   1   0   1    383   384   425   424
     375   1   1   1   0   1    384   385   426   425
     376   1   1   1   0   1    385   386   427   426
     377   1   1   1   0   1    386   387   428   427
     378   1   1   1   0   1    387   388   429   428
     379   1   1   1   0   1    388   389   430   429
     380   1   1   1   0   1    389   390   431   430
 
    ELEM MAT TYP REL ESY SEC        NODES
 
     381   1   1   1   0   1    390   391   432   431
     382   1   1   1   0   1    391   392   433   432
     383   1   1   1   0   1    392   393   434   433
     384   1   1   1   0   1    393   394   435   434
     385   1   1   1   0   1    394   395   436   435
     386   1   1   1   0   1    395   396   437   436
     387   1   1   1   0   1    396   397   438   437
     388   1   1   1   0   1    397   398   439   438
     389   1   1   1   0   1    398   399   440   439
     390   1   1   1   0   1    399   400   441   440
     391   1   1   1   0   1    400   401   442   441
     392   1   1   1   0   1    401   402   443   442
     393   1   1   1   0   1    402   403   444   443
     394   1   1   1   0   1    403   404   445   444
     395   1   1   1   0   1    404   405   446   445
     396   1   1   1   0   1    405   406   447   446
     397   1   1   1   0   1    406   407   448   447
     398   1   1   1   0   1    407   408   449   448
     399   1   1   1   0   1    408   409   450   449
     400   1   1   1   0   1    409   410   451   450
 
    ELEM MAT TYP REL ESY SEC        NODES
 
     401   1   1   1   0   1    411   412   453   452
     402   1   1   1   0   1    412   413   454   453
     403   1   1   1   0   1    413   414   455   454
     404   1   1   1   0   1    414   415   456   455
     405   1   1   1   0   1    415   416   457   456
     406   1   1   1   0   1    416   417   458   457
     407   1   1   1   0   1    417   418   459   458
     408   1   1   1   0   1    418   419   460   459
     409   1   1   1   0   1    419   420   461   460
     410   1   1   1   0   1    420   421   462   461
     411   1   1   1   0   1    421   422   463   462
     412   1   1   1   0   1    422   423   464   463
     413   1   1   1   0   1    423   424   465   464
     414   1   1   1   0   1    424   425   466   465
     415   1   1   1   0   1    425   426   467   466
     416   1   1   1   0   1    426   427   468   467
     417   1   1   1   0   1    427   428   469   468
     418   1   1   1   0   1    428   429   470   469
     419   1   1   1   0   1    429   430   471   470
     420   1   1   1   0   1    430   431   472   471
 
    ELEM MAT TYP REL ESY SEC        NODES
 
     421   1   1   1   0   1    431   432   473   472
     422   1   1   1   0   1    432   433   474   473
     423   1   1   1   0   1    433   434   475   474
     424   1   1   1   0   1    434   435   476   475
     425   1   1   1   0   1    435   436   477   476
     426   1   1   1   0   1    436   437   478   477
     427   1   1   1   0   1    437   438   479   478
     428   1   1   1   0   1    438   439   480   479
     429   1   1   1   0   1    439   440   481   480
     430   1   1   1   0   1    440   441   482   481
     431   1   1   1   0   1    441   442   483   482
     432   1   1   1   0   1    442   443   484   483
     433   1   1   1   0   1    443   444   485   484
     434   1   1   1   0   1    444   445   486   485
     435   1   1   1   0   1    445   446   487   486
     436   1   1   1   0   1    446   447   488   487
     437   1   1   1   0   1    447   448   489   488
     438   1   1   1   0   1    448   449   490   489
     439   1   1   1   0   1    449   450   491   490
     440   1   1   1   0   1    450   451   492   491
 
    ELEM MAT TYP REL ESY SEC        NODES
 
     441   1   1   1   0   1    452   453   494   493
     442   1   1   1   0   1    453   454   495   494
     443   1   1   1   0   1    454   455   496   495
     444   1   1   1   0   1    455   456   497   496
     445   1   1   1   0   1    456   457   498   497
     446   1   1   1   0   1    457   458   499   498
     447   1   1   1   0   1    458   459   500   499
     448   1   1   1   0   1    459   460   501   500
     449   1   1   1   0   1    460   461   502   501
     450   1   1   1   0   1    461   462   503   502
     451   1   1   1   0   1    462   463   504   503
     452   1   1   1   0   1    463   464   505   504
     453   1   1   1   0   1    464   465   506   505
     454   1   1   1   0   1    465   466   507   506
     455   1   1   1   0   1    466   467   508   507
     456   1   1   1   0   1    467   468   509   508
     457   1   1   1   0   1    468   469   510   509
     458   1   1   1   0   1    469   470   511   510
     459   1   1   1   0   1    470   471   512   511
     460   1   1   1   0   1    471   472   513   512
 
    ELEM MAT TYP REL ESY SEC        NODES
 
     461   1   1   1   0   1    472   473   514   513
     462   1   1   1   0   1    473   474   515   514
     463   1   1   1   0   1    474   475   516   515
     464   1   1   1   0   1    475   476   517   516
     465   1   1   1   0   1    476   477   518   517
     466   1   1   1   0   1    477   478   519   518
     467   1   1   1   0   1    478   479   520   519
     468   1   1   1   0   1    479   480   521   520
     469   1   1   1   0   1    480   481   522   521
     470   1   1   1   0   1    481   482   523   522
     471   1   1   1   0   1    482   483   524   523
     472   1   1   1   0   1    483   484   525   524
     473   1   1   1   0   1    484   485   526   525
     474   1   1   1   0   1    485   486   527   526
     475   1   1   1   0   1    486   487   528   527
     476   1   1   1   0   1    487   488   529   528
     477   1   1   1   0   1    488   489   530   529
     478   1   1   1   0   1    489   490   531   530
     479   1   1   1   0   1    490   491   532   531
     480   1   1   1   0   1    491   492   533   532
 
    ELEM MAT TYP REL ESY SEC        NODES
 
     481   1   1   1   0   1    493   494   535   534
     482   1   1   1   0   1    494   495   536   535
     483   1   1   1   0   1    495   496   537   536
     484   1   1   1   0   1    496   497   538   537
     485   1   1   1   0   1    497   498   539   538
     486   1   1   1   0   1    498   499   540   539
     487   1   1   1   0   1    499   500   541   540
     488   1   1   1   0   1    500   501   542   541
     489   1   1   1   0   1    501   502   543   542
     490   1   1   1   0   1    502   503   544   543
     491   1   1   1   0   1    503   504   545   544
     492   1   1   1   0   1    504   505   546   545
     493   1   1   1   0   1    505   506   547   546
     494   1   1   1   0   1    506   507   548   547
     495   1   1   1   0   1    507   508   549   548
     496   1   1   1   0   1    508   509   550   549
     497   1   1   1   0   1    509   510   551   550
     498   1   1   1   0   1    510   511   552   551
     499   1   1   1   0   1    511   512   553   552
     500   1   1   1   0   1    512   513   554   553
 
    ELEM MAT TYP REL ESY SEC        NODES
 
     501   1   1   1   0   1    513   514   555   554
     502   1   1   1   0   1    514   515   556   555
     503   1   1   1   0   1    515   516   557   556
     504   1   1   1   0   1    516   517   558   557
     505   1   1   1   0   1    517   518   559   558
     506   1   1   1   0   1    518   519   560   559
     507   1   1   1   0   1    519   520   561   560
     508   1   1   1   0   1    520   521   562   561
     509   1   1   1   0   1    521   522   563   562
     510   1   1   1   0   1    522   523   564   563
     511   1   1   1   0   1    523   524   565   564
     512   1   1   1   0   1    524   525   566   565
     513   1   1   1   0   1    525   526   567   566
     514   1   1   1   0   1    526   527   568   567
     515   1   1   1   0   1    527   528   569   568
     516   1   1   1   0   1    528   529   570   569
     517   1   1   1   0   1    529   530   571   570
     518   1   1   1   0   1    530   531   572   571
     519   1   1   1   0   1    531   532   573   572
     520   1   1   1   0   1    532   533   574   573
 
    ELEM MAT TYP REL ESY SEC        NODES
 
     521   1   1   1   0   1    534   535   576   575
     522   1   1   1   0   1    535   536   577   576
     523   1   1   1   0   1    536   537   578   577
     524   1   1   1   0   1    537   538   579   578
     525   1   1   1   0   1    538   539   580   579
     526   1   1   1   0   1    539   540   581   580
     527   1   1   1   0   1    540   541   582   581
     528   1   1   1   0   1    541   542   583   582
     529   1   1   1   0   1    542   543   584   583
     530   1   1   1   0   1    543   544   585   584
     531   1   1   1   0   1    544   545   586   585
     532   1   1   1   0   1    545   546   587   586
     533   1   1   1   0   1    546   547   588   587
     534   1   1   1   0   1    547   548   589   588
     535   1   1   1   0   1    548   549   590   589
     536   1   1   1   0   1    549   550   591   590
     537   1   1   1   0   1    550   551   592   591
     538   1   1   1   0   1    551   552   593   592
     539   1   1   1   0   1    552   553   594   593
     540   1   1   1   0   1    553   554   595   594
 
    ELEM MAT TYP REL ESY SEC        NODES
 
     541   1   1   1   0   1    554   555   596   595
     542   1   1   1   0   1    555   556   597   596
     543   1   1   1   0   1    556   557   598   597
     544   1   1   1   0   1    557   558   599   598
     545   1   1   1   0   1    558   559   600   599
     546   1   1   1   0   1    559   560   601   600
     547   1   1   1   0   1    560   561   602   601
     548   1   1   1   0   1    561   562   603   602
     549   1   1   1   0   1    562   563   604   603
     550   1   1   1   0   1    563   564   605   604
     551   1   1   1   0   1    564   565   606   605
     552   1   1   1   0   1    565   566   607   606
     553   1   1   1   0   1    566   567   608   607
     554   1   1   1   0   1    567   568   609   608
     555   1   1   1   0   1    568   569   610   609
     556   1   1   1   0   1    569   570   611   610
     557   1   1   1   0   1    570   571   612   611
     558   1   1   1   0   1    571   572   613   612
     559   1   1   1   0   1    572   573   614   613
     560   1   1   1   0   1    573   574   615   614
 
    ELEM MAT TYP REL ESY SEC        NODES
 
     561   1   1   1   0   1    575   576   617   616
     562   1   1   1   0   1    576   577   618   617
     563   1   1   1   0   1    577   578   619   618
     564   1   1   1   0   1    578   579   620   619
     565   1   1   1   0   1    579   580   621   620
     566   1   1   1   0   1    580   581   622   621
     567   1   1   1   0   1    581   582   623   622
     568   1   1   1   0   1    582   583   624   623
     569   1   1   1   0   1    583   584   625   624
     570   1   1   1   0   1    584   585   626   625
     571   1   1   1   0   1    585   586   627   626
     572   1   1   1   0   1    586   587   628   627
     573   1   1   1   0   1    587   588   629   628
     574   1   1   1   0   1    588   589   630   629
     575   1   1   1   0   1    589   590   631   630
     576   1   1   1   0   1    590   591   632   631
     577   1   1   1   0   1    591   592   633   632
     578   1   1   1   0   1    592   593   634   633
     579   1   1   1   0   1    593   594   635   634
     580   1   1   1   0   1    594   595   636   635
 
    ELEM MAT TYP REL ESY SEC        NODES
 
     581   1   1   1   0   1    595   596   637   636
     582   1   1   1   0   1    596   597   638   637
     583   1   1   1   0   1    597   598   639   638
     584   1   1   1   0   1    598   599   640   639
     585   1   1   1   0   1    599   600   641   640
     586   1   1   1   0   1    600   601   642   641
     587   1   1   1   0   1    601   602   643   642
     588   1   1   1   0   1    602   603   644   643
     589   1   1   1   0   1    603   604   645   644
     590   1   1   1   0   1    604   605   646   645
     591   1   1   1   0   1    605   606   647   646
     592   1   1   1   0   1    606   607   648   647
     593   1   1   1   0   1    607   608   649   648
     594   1   1   1   0   1    608   609   650   649
     595   1   1   1   0   1    609   610   651   650
     596   1   1   1   0   1    610   611   652   651
     597   1   1   1   0   1    611   612   653   652
     598   1   1   1   0   1    612   613   654   653
     599   1   1   1   0   1    613   614   655   654
     600   1   1   1   0   1    614   615   656   655
 
    ELEM MAT TYP REL ESY SEC        NODES
 
     601   1   1   1   0   1    616   617   658   657
     602   1   1   1   0   1    617   618   659   658
     603   1   1   1   0   1    618   619   660   659
     604   1   1   1   0   1    619   620   661   660
     605   1   1   1   0   1    620   621   662   661
     606   1   1   1   0   1    621   622   663   662
     607   1   1   1   0   1    622   623   664   663
     608   1   1   1   0   1    623   624   665   664
     609   1   1   1   0   1    624   625   666   665
     610   1   1   1   0   1    625   626   667   666
     611   1   1   1   0   1    626   627   668   667
     612   1   1   1   0   1    627   628   669   668
     613   1   1   1   0   1    628   629   670   669
     614   1   1   1   0   1    629   630   671   670
     615   1   1   1   0   1    630   631   672   671
     616   1   1   1   0   1    631   632   673   672
     617   1   1   1   0   1    632   633   674   673
     618   1   1   1   0   1    633   634   675   674
     619   1   1   1   0   1    634   635   676   675
     620   1   1   1   0   1    635   636   677   676
 
    ELEM MAT TYP REL ESY SEC        NODES
 
     621   1   1   1   0   1    636   637   678   677
     622   1   1   1   0   1    637   638   679   678
     623   1   1   1   0   1    638   639   680   679
     624   1   1   1   0   1    639   640   681   680
     625   1   1   1   0   1    640   641   682   681
     626   1   1   1   0   1    641   642   683   682
     627   1   1   1   0   1    642   643   684   683
     628   1   1   1   0   1    643   644   685   684
     629   1   1   1   0   1    644   645   686   685
     630   1   1   1   0   1    645   646   687   686
     631   1   1   1   0   1    646   647   688   687
     632   1   1   1   0   1    647   648   689   688
     633   1   1   1   0   1    648   649   690   689
     634   1   1   1   0   1    649   650   691   690
     635   1   1   1   0   1    650   651   692   691
     636   1   1   1   0   1    651   652   693   692
     637   1   1   1   0   1    652   653   694   693
     638   1   1   1   0   1    653   654   695   694
     639   1   1   1   0   1    654   655   696   695
     640   1   1   1   0   1    655   656   697   696
 
    ELEM MAT TYP REL ESY SEC        NODES
 
     641   1   1   1   0   1    657   658   699   698
     642   1   1   1   0   1    658   659   700   699
     643   1   1   1   0   1    659   660   701   700
     644   1   1   1   0   1    660   661   702   701
     645   1   1   1   0   1    661   662   703   702
     646   1   1   1   0   1    662   663   704   703
     647   1   1   1   0   1    663   664   705   704
     648   1   1   1   0   1    664   665   706   705
     649   1   1   1   0   1    665   666   707   706
     650   1   1   1   0   1    666   667   708   707
     651   1   1   1   0   1    667   668   709   708
     652   1   1   1   0   1    668   669   710   709
     653   1   1   1   0   1    669   670   711   710
     654   1   1   1   0   1    670   671   712   711
     655   1   1   1   0   1    671   672   713   712
     656   1   1   1   0   1    672   673   714   713
     657   1   1   1   0   1    673   674   715   714
     658   1   1   1   0   1    674   675   716   715
     659   1   1   1   0   1    675   676   717   716
     660   1   1   1   0   1    676   677   718   717
 
    ELEM MAT TYP REL ESY SEC        NODES
 
     661   1   1   1   0   1    677   678   719   718
     662   1   1   1   0   1    678   679   720   719
     663   1   1   1   0   1    679   680   721   720
     664   1   1   1   0   1    680   681   722   721
     665   1   1   1   0   1    681   682   723   722
     666   1   1   1   0   1    682   683   724   723
     667   1   1   1   0   1    683   684   725   724
     668   1   1   1   0   1    684   685   726   725
     669   1   1   1   0   1    685   686   727   726
     670   1   1   1   0   1    686   687   728   727
     671   1   1   1   0   1    687   688   729   728
     672   1   1   1   0   1    688   689   730   729
     673   1   1   1   0   1    689   690   731   730
     674   1   1   1   0   1    690   691   732   731
     675   1   1   1   0   1    691   692   733   732
     676   1   1   1   0   1    692   693   734   733
     677   1   1   1   0   1    693   694   735   734
     678   1   1   1   0   1    694   695   736   735
     679   1   1   1   0   1    695   696   737   736
     680   1   1   1   0   1    696   697   738   737
 
    ELEM MAT TYP REL ESY SEC        NODES
 
     681   1   1   1   0   1    698   699   740   739
     682   1   1   1   0   1    699   700   741   740
     683   1   1   1   0   1    700   701   742   741
     684   1   1   1   0   1    701   702   743   742
     685   1   1   1   0   1    702   703   744   743
     686   1   1   1   0   1    703   704   745   744
     687   1   1   1   0   1    704   705   746   745
     688   1   1   1   0   1    705   706   747   746
     689   1   1   1   0   1    706   707   748   747
     690   1   1   1   0   1    707   708   749   748
     691   1   1   1   0   1    708   709   750   749
     692   1   1   1   0   1    709   710   751   750
     693   1   1   1   0   1    710   711   752   751
     694   1   1   1   0   1    711   712   753   752
     695   1   1   1   0   1    712   713   754   753
     696   1   1   1   0   1    713   714   755   754
     697   1   1   1   0   1    714   715   756   755
     698   1   1   1   0   1    715   716   757   756
     699   1   1   1   0   1    716   717   758   757
     700   1   1   1   0   1    717   718   759   758
 
    ELEM MAT TYP REL ESY SEC        NODES
 
     701   1   1   1   0   1    718   719   760   759
     702   1   1   1   0   1    719   720   761   760
     703   1   1   1   0   1    720   721   762   761
     704   1   1   1   0   1    721   722   763   762
     705   1   1   1   0   1    722   723   764   763
     706   1   1   1   0   1    723   724   765   764
     707   1   1   1   0   1    724   725   766   765
     708   1   1   1   0   1    725   726   767   766
     709   1   1   1   0   1    726   727   768   767
     710   1   1   1   0   1    727   728   769   768
     711   1   1   1   0   1    728   729   770   769
     712   1   1   1   0   1    729   730   771   770
     713   1   1   1   0   1    730   731   772   771
     714   1   1   1   0   1    731   732   773   772
     715   1   1   1   0   1    732   733   774   773
     716   1   1   1   0   1    733   734   775   774
     717   1   1   1   0   1    734   735   776   775
     718   1   1   1   0   1    735   736   777   776
     719   1   1   1   0   1    736   737   778   777
     720   1   1   1   0   1    737   738   779   778
 
    ELEM MAT TYP REL ESY SEC        NODES
 
     721   1   1   1   0   1    739   740   781   780
     722   1   1   1   0   1    740   741   782   781
     723   1   1   1   0   1    741   742   783   782
     724   1   1   1   0   1    742   743   784   783
     725   1   1   1   0   1    743   744   785   784
     726   1   1   1   0   1    744   745   786   785
     727   1   1   1   0   1    745   746   787   786
     728   1   1   1   0   1    746   747   788   787
     729   1   1   1   0   1    747   748   789   788
     730   1   1   1   0   1    748   749   790   789
     731   1   1   1   0   1    749   750   791   790
     732   1   1   1   0   1    750   751   792   791
     733   1   1   1   0   1    751   752   793   792
     734   1   1   1   0   1    752   753   794   793
     735   1   1   1   0   1    753   754   795   794
     736   1   1   1   0   1    754   755   796   795
     737   1   1   1   0   1    755   756   797   796
     738   1   1   1   0   1    756   757   798   797
     739   1   1   1   0   1    757   758   799   798
     740   1   1   1   0   1    758   759   800   799
 
    ELEM MAT TYP REL ESY SEC        NODES
 
     741   1   1   1   0   1    759   760   801   800
     742   1   1   1   0   1    760   761   802   801
     743   1   1   1   0   1    761   762   803   802
     744   1   1   1   0   1    762   763   804   803
     745   1   1   1   0   1    763   764   805   804
     746   1   1   1   0   1    764   765   806   805
     747   1   1   1   0   1    765   766   807   806
     748   1   1   1   0   1    766   767   808   807
     749   1   1   1   0   1    767   768   809   808
     750   1   1   1   0   1    768   769   810   809
     751   1   1   1   0   1    769   770   811   810
     752   1   1   1   0   1    770   771   812   811
     753   1   1   1   0   1    771   772   813   812
     754   1   1   1   0   1    772   773   814   813
     755   1   1   1   0   1    773   774   815   814
     756   1   1   1   0   1    774   775   816   815
     757   1   1   1   0   1    775   776   817   816
     758   1   1   1   0   1    776   777   818   817
     759   1   1   1   0   1    777   778   819   818
     760   1   1   1   0   1    778   779   820   819
 
    ELEM MAT TYP REL ESY SEC        NODES
 
     761   1   1   1   0   1    780   781   822   821
     762   1   1   1   0   1    781   782   823   822
     763   1   1   1   0   1    782   783   824   823
     764   1   1   1   0   1    783   784   825   824
     765   1   1   1   0   1    784   785   826   825
     766   1   1   1   0   1    785   786   827   826
     767   1   1   1   0   1    786   787   828   827
     768   1   1   1   0   1    787   788   829   828
     769   1   1   1   0   1    788   789   830   829
     770   1   1   1   0   1    789   790   831   830
     771   1   1   1   0   1    790   791   832   831
     772   1   1   1   0   1    791   792   833   832
     773   1   1   1   0   1    792   793   834   833
     774   1   1   1   0   1    793   794   835   834
     775   1   1   1   0   1    794   795   836   835
     776   1   1   1   0   1    795   796   837   836
     777   1   1   1   0   1    796   797   838   837
     778   1   1   1   0   1    797   798   839   838
     779   1   1   1   0   1    798   799   840   839
     780   1   1   1   0   1    799   800   841   840
 
    ELEM MAT TYP REL ESY SEC        NODES
 
     781   1   1   1   0   1    800   801   842   841
     782   1   1   1   0   1    801   802   843   842
     783   1   1   1   0   1    802   803   844   843
     784   1   1   1   0   1    803   804   845   844
     785   1   1   1   0   1    804   805   846   845
     786   1   1   1   0   1    805   806   847   846
     787   1   1   1   0   1    806   807   848   847
     788   1   1   1   0   1    807   808   849   848
     789   1   1   1   0   1    808   809   850   849
     790   1   1   1   0   1    809   810   851   850
     791   1   1   1   0   1    810   811   852   851
     792   1   1   1   0   1    811   812   853   852
     793   1   1   1   0   1    812   813   854   853
     794   1   1   1   0   1    813   814   855   854
     795   1   1   1   0   1    814   815   856   855
     796   1   1   1   0   1    815   816   857   856
     797   1   1   1   0   1    816   817   858   857
     798   1   1   1   0   1    817   818   859   858
     799   1   1   1   0   1    818   819   860   859
     800   1   1   1   0   1    819   820   861   860
 
    ELEM MAT TYP REL ESY SEC        NODES
 
     801   1   1   1   0   1    821   822   863   862
     802   1   1   1   0   1    822   823   864   863
     803   1   1   1   0   1    823   824   865   864
     804   1   1   1   0   1    824   825   866   865
     805   1   1   1   0   1    825   826   867   866
     806   1   1   1   0   1    826   827   868   867
     807   1   1   1   0   1    827   828   869   868
     808   1   1   1   0   1    828   829   870   869
     809   1   1   1   0   1    829   830   871   870
     810   1   1   1   0   1    830   831   872   871
     811   1   1   1   0   1    831   832   873   872
     812   1   1   1   0   1    832   833   874   873
     813   1   1   1   0   1    833   834   875   874
     814   1   1   1   0   1    834   835   876   875
     815   1   1   1   0   1    835   836   877   876
     816   1   1   1   0   1    836   837   878   877
     817   1   1   1   0   1    837   838   879   878
     818   1   1   1   0   1    838   839   880   879
     819   1   1   1   0   1    839   840   881   880
     820   1   1   1   0   1    840   841   882   881
 
    ELEM MAT TYP REL ESY SEC        NODES
 
     821   1   1   1   0   1    841   842   883   882
     822   1   1   1   0   1    842   843   884   883
     823   1   1   1   0   1    843   844   885   884
     824   1   1   1   0   1    844   845   886   885
     825   1   1   1   0   1    845   846   887   886
     826   1   1   1   0   1    846   847   888   887
     827   1   1   1   0   1    847   848   889   888
     828   1   1   1   0   1    848   849   890   889
     829   1   1   1   0   1    849   850   891   890
     830   1   1   1   0   1    850   851   892   891
     831   1   1   1   0   1    851   852   893   892
     832   1   1   1   0   1    852   853   894   893
     833   1   1   1   0   1    853   854   895   894
     834   1   1   1   0   1    854   855   896   895
     835   1   1   1   0   1    855   856   897   896
     836   1   1   1   0   1    856   857   898   897
     837   1   1   1   0   1    857   858   899   898
     838   1   1   1   0   1    858   859   900   899
     839   1   1   1   0   1    859   860   901   900
     840   1   1   1   0   1    860   861   902   901
 
    ELEM MAT TYP REL ESY SEC        NODES
 
     841   1   1   1   0   1    862   863   904   903
     842   1   1   1   0   1    863   864   905   904
     843   1   1   1   0   1    864   865   906   905
     844   1   1   1   0   1    865   866   907   906
     845   1   1   1   0   1    866   867   908   907
     846   1   1   1   0   1    867   868   909   908
     847   1   1   1   0   1    868   869   910   909
     848   1   1   1   0   1    869   870   911   910
     849   1   1   1   0   1    870   871   912   911
     850   1   1   1   0   1    871   872   913   912
     851   1   1   1   0   1    872   873   914   913
     852   1   1   1   0   1    873   874   915   914
     853   1   1   1   0   1    874   875   916   915
     854   1   1   1   0   1    875   876   917   916
     855   1   1   1   0   1    876   877   918   917
     856   1   1   1   0   1    877   878   919   918
     857   1   1   1   0   1    878   879   920   919
     858   1   1   1   0   1    879   880   921   920
     859   1   1   1   0   1    880   881   922   921
     860   1   1   1   0   1    881   882   923   922
 
    ELEM MAT TYP REL ESY SEC        NODES
 
     861   1   1   1   0   1    882   883   924   923
     862   1   1   1   0   1    883   884   925   924
     863   1   1   1   0   1    884   885   926   925
     864   1   1   1   0   1    885   886   927   926
     865   1   1   1   0   1    886   887   928   927
     866   1   1   1   0   1    887   888   929   928
     867   1   1   1   0   1    888   889   930   929
     868   1   1   1   0   1    889   890   931   930
     869   1   1   1   0   1    890   891   932   931
     870   1   1   1   0   1    891   892   933   932
     871   1   1   1   0   1    892   893   934   933
     872   1   1   1   0   1    893   894   935   934
     873   1   1   1   0   1    894   895   936   935
     874   1   1   1   0   1    895   896   937   936
     875   1   1   1   0   1    896   897   938   937
     876   1   1   1   0   1    897   898   939   938
     877   1   1   1   0   1    898   899   940   939
     878   1   1   1   0   1    899   900   941   940
     879   1   1   1   0   1    900   901   942   941
     880   1   1   1   0   1    901   902   943   942
 
    ELEM MAT TYP REL ESY SEC        NODES
 
     881   1   1   1   0   1    903   904   945   944
     882   1   1   1   0   1    904   905   946   945
     883   1   1   1   0   1    905   906   947   946
     884   1   1   1   0   1    906   907   948   947
     885   1   1   1   0   1    907   908   949   948
     886   1   1   1   0   1    908   909   950   949
     887   1   1   1   0   1    909   910   951   950
     888   1   1   1   0   1    910   911   952   951
     889   1   1   1   0   1    911   912   953   952
     890   1   1   1   0   1    912   913   954   953
     891   1   1   1   0   1    913   914   955   954
     892   1   1   1   0   1    914   915   956   955
     893   1   1   1   0   1    915   916   957   956
     894   1   1   1   0   1    916   917   958   957
     895   1   1   1   0   1    917   918   959   958
     896   1   1   1   0   1    918   919   960   959
     897   1   1   1   0   1    919   920   961   960
     898   1   1   1   0   1    920   921   962   961
     899   1   1   1   0   1    921   922   963   962
     900   1   1   1   0   1    922   923   964   963
 
    ELEM MAT TYP REL ESY SEC        NODES
 
     901   1   1   1   0   1    923   924   965   964
     902   1   1   1   0   1    924   925   966   965
     903   1   1   1   0   1    925   926   967   966
     904   1   1   1   0   1    926   927   968   967
     905   1   1   1   0   1    927   928   969   968
     906   1   1   1   0   1    928   929   970   969
     907   1   1   1   0   1    929   930   971   970
     908   1   1   1   0   1    930   931   972   971
     909   1   1   1   0   1    931   932   973   972
     910   1   1   1   0   1    932   933   974   973
     911   1   1   1   0   1    933   934   975   974
     912   1   1   1   0   1    934   935   976   975
     913   1   1   1   0   1    935   936   977   976
     914   1   1   1   0   1    936   937   978   977
     915   1   1   1   0   1    937   938   979   978
     916   1   1   1   0   1    938   939   980   979
     917   1   1   1   0   1    939   940   981   980
     918   1   1   1   0   1    940   941   982   981
     919   1   1   1   0   1    941   942   983   982
     920   1   1   1   0   1    942   943   984   983
 
    ELEM MAT TYP REL ESY SEC        NODES
 
     921   1   1   1   0   1    944   945   986   985
     922   1   1   1   0   1    945   946   987   986
     923   1   1   1   0   1    946   947   988   987
     924   1   1   1   0   1    947   948   989   988
     925   1   1   1   0   1    948   949   990   989
     926   1   1   1   0   1    949   950   991   990
     927   1   1   1   0   1    950   951   992   991
     928   1   1   1   0   1    951   952   993   992
     929   1   1   1   0   1    952   953   994   993
     930   1   1   1   0   1    953   954   995   994
     931   1   1   1   0   1    954   955   996   995
     932   1   1   1   0   1    955   956   997   996
     933   1   1   1   0   1    956   957   998   997
     934   1   1   1   0   1    957   958   999   998
     935   1   1   1   0   1    958   959  1000   999
     936   1   1   1   0   1    959   960  1001  1000
     937   1   1   1   0   1    960   961  1002  1001
     938   1   1   1   0   1    961   962  1003  1002
     939   1   1   1   0   1    962   963  1004  1003
     940   1   1   1   0   1    963   964  1005  1004
 
    ELEM MAT TYP REL ESY SEC        NODES
 
     941   1   1   1   0   1    964   965  1006  1005
     942   1   1   1   0   1    965   966  1007  1006
     943   1   1   1   0   1    966   967  1008  1007
     944   1   1   1   0   1    967   968  1009  1008
     945   1   1   1   0   1    968   969  1010  1009
     946   1   1   1   0   1    969   970  1011  1010
     947   1   1   1   0   1    970   971  1012  1011
     948   1   1   1   0   1    971   972  1013  1012
     949   1   1   1   0   1    972   973  1014  1013
     950   1   1   1   0   1    973   974  1015  1014
     951   1   1   1   0   1    974   975  1016  1015
     952   1   1   1   0   1    975   976  1017  1016
     953   1   1   1   0   1    976   977  1018  1017
     954   1   1   1   0   1    977   978  1019  1018
     955   1   1   1   0   1    978   979  1020  1019
     956   1   1   1   0   1    979   980  1021  1020
     957   1   1   1   0   1    980   981  1022  1021
     958   1   1   1   0   1    981   982  1023  1022
     959   1   1   1   0   1    982   983  1024  1023
     960   1   1   1   0   1    983   984  1025  1024
 
    ELEM MAT TYP REL ESY SEC        NODES
 
     961   1   1   1   0   1    985   986  1027  1026
     962   1   1   1   0   1    986   987  1028  1027
     963   1   1   1   0   1    987   988  1029  1028
     964   1   1   1   0   1    988   989  1030  1029
     965   1   1   1   0   1    989   990  1031  1030
     966   1   1   1   0   1    990   991  1032  1031
     967   1   1   1   0   1    991   992  1033  1032
     968   1   1   1   0   1    992   993  1034  1033
     969   1   1   1   0   1    993   994  1035  1034
     970   1   1   1   0   1    994   995  1036  1035
     971   1   1   1   0   1    995   996  1037  1036
     972   1   1   1   0   1    996   997  1038  1037
     973   1   1   1   0   1    997   998  1039  1038
     974   1   1   1   0   1    998   999  1040  1039
     975   1   1   1   0   1    999  1000  1041  1040
     976   1   1   1   0   1   1000  1001  1042  1041
     977   1   1   1   0   1   1001  1002  1043  1042
     978   1   1   1   0   1   1002  1003  1044  1043
     979   1   1   1   0   1   1003  1004  1045  1044
     980   1   1   1   0   1   1004  1005  1046  1045
 
    ELEM MAT TYP REL ESY SEC        NODES
 
     981   1   1   1   0   1   1005  1006  1047  1046
     982   1   1   1   0   1   1006  1007  1048  1047
     983   1   1   1   0   1   1007  1008  1049  1048
     984   1   1   1   0   1   1008  1009  1050  1049
     985   1   1   1   0   1   1009  1010  1051  1050
     986   1   1   1   0   1   1010  1011  1052  1051
     987   1   1   1   0   1   1011  1012  1053  1052
     988   1   1   1   0   1   1012  1013  1054  1053
     989   1   1   1   0   1   1013  1014  1055  1054
     990   1   1   1   0   1   1014  1015  1056  1055
     991   1   1   1   0   1   1015  1016  1057  1056
     992   1   1   1   0   1   1016  1017  1058  1057
     993   1   1   1   0   1   1017  1018  1059  1058
     994   1   1   1   0   1   1018  1019  1060  1059
     995   1   1   1   0   1   1019  1020  1061  1060
     996   1   1   1   0   1   1020  1021  1062  1061
     997   1   1   1   0   1   1021  1022  1063  1062
     998   1   1   1   0   1   1022  1023  1064  1063
     999   1   1   1   0   1   1023  1024  1065  1064
    1000   1   1   1   0   1   1024  1025  1066  1065
 
    ELEM MAT TYP REL ESY SEC        NODES
 
    1001   1   1   1   0   1   1026  1027  1068  1067
    1002   1   1   1   0   1   1027  1028  1069  1068
    1003   1   1   1   0   1   1028  1029  1070  1069
    1004   1   1   1   0   1   1029  1030  1071  1070
    1005   1   1   1   0   1   1030  1031  1072  1071
    1006   1   1   1   0   1   1031  1032  1073  1072
    1007   1   1   1   0   1   1032  1033  1074  1073
    1008   1   1   1   0   1   1033  1034  1075  1074
    1009   1   1   1   0   1   1034  1035  1076  1075
    1010   1   1   1   0   1   1035  1036  1077  1076
    1011   1   1   1   0   1   1036  1037  1078  1077
    1012   1   1   1   0   1   1037  1038  1079  1078
    1013   1   1   1   0   1   1038  1039  1080  1079
    1014   1   1   1   0   1   1039  1040  1081  1080
    1015   1   1   1   0   1   1040  1041  1082  1081
    1016   1   1   1   0   1   1041  1042  1083  1082
    1017   1   1   1   0   1   1042  1043  1084  1083
    1018   1   1   1   0   1   1043  1044  1085  1084
    1019   1   1   1   0   1   1044  1045  1086  1085
    1020   1   1   1   0   1   1045  1046  1087  1086
 
    ELEM MAT TYP REL ESY SEC        NODES
 
    1021   1   1   1   0   1   1046  1047  1088  1087
    1022   1   1   1   0   1   1047  1048  1089  1088
    1023   1   1   1   0   1   1048  1049  1090  1089
    1024   1   1   1   0   1   1049  1050  1091  1090
    1025   1   1   1   0   1   1050  1051  1092  1091
    1026   1   1   1   0   1   1051  1052  1093  1092
    1027   1   1   1   0   1   1052  1053  1094  1093
    1028   1   1   1   0   1   1053  1054  1095  1094
    1029   1   1   1   0   1   1054  1055  1096  1095
    1030   1   1   1   0   1   1055  1056  1097  1096
    1031   1   1   1   0   1   1056  1057  1098  1097
    1032   1   1   1   0   1   1057  1058  1099  1098
    1033   1   1   1   0   1   1058  1059  1100  1099
    1034   1   1   1   0   1   1059  1060  1101  1100
    1035   1   1   1   0   1   1060  1061  1102  1101
    1036   1   1   1   0   1   1061  1062  1103  1102
    1037   1   1   1   0   1   1062  1063  1104  1103
    1038   1   1   1   0   1   1063  1064  1105  1104
    1039   1   1   1   0   1   1064  1065  1106  1105
    1040   1   1   1   0   1   1065  1066  1107  1106
 
    ELEM MAT TYP REL ESY SEC        NODES
 
    1041   1   1   1   0   1   1067  1068  1109  1108
    1042   1   1   1   0   1   1068  1069  1110  1109
    1043   1   1   1   0   1   1069  1070  1111  1110
    1044   1   1   1   0   1   1070  1071  1112  1111
    1045   1   1   1   0   1   1071  1072  1113  1112
    1046   1   1   1   0   1   1072  1073  1114  1113
    1047   1   1   1   0   1   1073  1074  1115  1114
    1048   1   1   1   0   1   1074  1075  1116  1115
    1049   1   1   1   0   1   1075  1076  1117  1116
    1050   1   1   1   0   1   1076  1077  1118  1117
    1051   1   1   1   0   1   1077  1078  1119  1118
    1052   1   1   1   0   1   1078  1079  1120  1119
    1053   1   1   1   0   1   1079  1080  1121  1120
    1054   1   1   1   0   1   1080  1081  1122  1121
    1055   1   1   1   0   1   1081  1082  1123  1122
    1056   1   1   1   0   1   1082  1083  1124  1123
    1057   1   1   1   0   1   1083  1084  1125  1124
    1058   1   1   1   0   1   1084  1085  1126  1125
    1059   1   1   1   0   1   1085  1086  1127  1126
    1060   1   1   1   0   1   1086  1087  1128  1127
 
    ELEM MAT TYP REL ESY SEC        NODES
 
    1061   1   1   1   0   1   1087  1088  1129  1128
    1062   1   1   1   0   1   1088  1089  1130  1129
    1063   1   1   1   0   1   1089  1090  1131  1130
    1064   1   1   1   0   1   1090  1091  1132  1131
    1065   1   1   1   0   1   1091  1092  1133  1132
    1066   1   1   1   0   1   1092  1093  1134  1133
    1067   1   1   1   0   1   1093  1094  1135  1134
    1068   1   1   1   0   1   1094  1095  1136  1135
    1069   1   1   1   0   1   1095  1096  1137  1136
    1070   1   1   1   0   1   1096  1097  1138  1137
    1071   1   1   1   0   1   1097  1098  1139  1138
    1072   1   1   1   0   1   1098  1099  1140  1139
    1073   1   1   1   0   1   1099  1100  1141  1140
    1074   1   1   1   0   1   1100  1101  1142  1141
    1075   1   1   1   0   1   1101  1102  1143  1142
    1076   1   1   1   0   1   1102  1103  1144  1143
    1077   1   1   1   0   1   1103  1104  1145  1144
    1078   1   1   1   0   1   1104  1105  1146  1145
    1079   1   1   1   0   1   1105  1106  1147  1146
    1080   1   1   1   0   1   1106  1107  1148  1147
 
    ELEM MAT TYP REL ESY SEC        NODES
 
    1081   1   1   1   0   1   1108  1109  1150  1149
    1082   1   1   1   0   1   1109  1110  1151  1150
    1083   1   1   1   0   1   1110  1111  1152  1151
    1084   1   1   1   0   1   1111  1112  1153  1152
    1085   1   1   1   0   1   1112  1113  1154  1153
    1086   1   1   1   0   1   1113  1114  1155  1154
    1087   1   1   1   0   1   1114  1115  1156  1155
    1088   1   1   1   0   1   1115  1116  1157  1156
    1089   1   1   1   0   1   1116  1117  1158  1157
    1090   1   1   1   0   1   1117  1118  1159  1158
    1091   1   1   1   0   1   1118  1119  1160  1159
    1092   1   1   1   0   1   1119  1120  1161  1160
    1093   1   1   1   0   1   1120  1121  1162  1161
    1094   1   1   1   0   1   1121  1122  1163  1162
    1095   1   1   1   0   1   1122  1123  1164  1163
    1096   1   1   1   0   1   1123  1124  1165  1164
    1097   1   1   1   0   1   1124  1125  1166  1165
    1098   1   1   1   0   1   1125  1126  1167  1166
    1099   1   1   1   0   1   1126  1127  1168  1167
    1100   1   1   1   0   1   1127  1128  1169  1168
 
    ELEM MAT TYP REL ESY SEC        NODES
 
    1101   1   1   1   0   1   1128  1129  1170  1169
    1102   1   1   1   0   1   1129  1130  1171  1170
    1103   1   1   1   0   1   1130  1131  1172  1171
    1104   1   1   1   0   1   1131  1132  1173  1172
    1105   1   1   1   0   1   1132  1133  1174  1173
    1106   1   1   1   0   1   1133  1134  1175  1174
    1107   1   1   1   0   1   1134  1135  1176  1175
    1108   1   1   1   0   1   1135  1136  1177  1176
    1109   1   1   1   0   1   1136  1137  1178  1177
    1110   1   1   1   0   1   1137  1138  1179  1178
    1111   1   1   1   0   1   1138  1139  1180  1179
    1112   1   1   1   0   1   1139  1140  1181  1180
    1113   1   1   1   0   1   1140  1141  1182  1181
    1114   1   1   1   0   1   1141  1142  1183  1182
    1115   1   1   1   0   1   1142  1143  1184  1183
    1116   1   1   1   0   1   1143  1144  1185  1184
    1117   1   1   1   0   1   1144  1145  1186  1185
    1118   1   1   1   0   1   1145  1146  1187  1186
    1119   1   1   1   0   1   1146  1147  1188  1187
    1120   1   1   1   0   1   1147  1148  1189  1188
 
    ELEM MAT TYP REL ESY SEC        NODES
 
    1121   1   1   1   0   1   1149  1150  1191  1190
    1122   1   1   1   0   1   1150  1151  1192  1191
    1123   1   1   1   0   1   1151  1152  1193  1192
    1124   1   1   1   0   1   1152  1153  1194  1193
    1125   1   1   1   0   1   1153  1154  1195  1194
    1126   1   1   1   0   1   1154  1155  1196  1195
    1127   1   1   1   0   1   1155  1156  1197  1196
    1128   1   1   1   0   1   1156  1157  1198  1197
    1129   1   1   1   0   1   1157  1158  1199  1198
    1130   1   1   1   0   1   1158  1159  1200  1199
    1131   1   1   1   0   1   1159  1160  1201  1200
    1132   1   1   1   0   1   1160  1161  1202  1201
    1133   1   1   1   0   1   1161  1162  1203  1202
    1134   1   1   1   0   1   1162  1163  1204  1203
    1135   1   1   1   0   1   1163  1164  1205  1204
    1136   1   1   1   0   1   1164  1165  1206  1205
    1137   1   1   1   0   1   1165  1166  1207  1206
    1138   1   1   1   0   1   1166  1167  1208  1207
    1139   1   1   1   0   1   1167  1168  1209  1208
    1140   1   1   1   0   1   1168  1169  1210  1209
 
    ELEM MAT TYP REL ESY SEC        NODES
 
    1141   1   1   1   0   1   1169  1170  1211  1210
    1142   1   1   1   0   1   1170  1171  1212  1211
    1143   1   1   1   0   1   1171  1172  1213  1212
    1144   1   1   1   0   1   1172  1173  1214  1213
    1145   1   1   1   0   1   1173  1174  1215  1214
    1146   1   1   1   0   1   1174  1175  1216  1215
    1147   1   1   1   0   1   1175  1176  1217  1216
    1148   1   1   1   0   1   1176  1177  1218  1217
    1149   1   1   1   0   1   1177  1178  1219  1218
    1150   1   1   1   0   1   1178  1179  1220  1219
    1151   1   1   1   0   1   1179  1180  1221  1220
    1152   1   1   1   0   1   1180  1181  1222  1221
    1153   1   1   1   0   1   1181  1182  1223  1222
    1154   1   1   1   0   1   1182  1183  1224  1223
    1155   1   1   1   0   1   1183  1184  1225  1224
    1156   1   1   1   0   1   1184  1185  1226  1225
    1157   1   1   1   0   1   1185  1186  1227  1226
    1158   1   1   1   0   1   1186  1187  1228  1227
    1159   1   1   1   0   1   1187  1188  1229  1228
    1160   1   1   1   0   1   1188  1189  1230  1229
 
    ELEM MAT TYP REL ESY SEC        NODES
 
    1161   1   1   1   0   1   1190  1191  1232  1231
    1162   1   1   1   0   1   1191  1192  1233  1232
    1163   1   1   1   0   1   1192  1193  1234  1233
    1164   1   1   1   0   1   1193  1194  1235  1234
    1165   1   1   1   0   1   1194  1195  1236  1235
    1166   1   1   1   0   1   1195  1196  1237  1236
    1167   1   1   1   0   1   1196  1197  1238  1237
    1168   1   1   1   0   1   1197  1198  1239  1238
    1169   1   1   1   0   1   1198  1199  1240  1239
    1170   1   1   1   0   1   1199  1200  1241  1240
    1171   1   1   1   0   1   1200  1201  1242  1241
    1172   1   1   1   0   1   1201  1202  1243  1242
    1173   1   1   1   0   1   1202  1203  1244  1243
    1174   1   1   1   0   1   1203  1204  1245  1244
    1175   1   1   1   0   1   1204  1205  1246  1245
    1176   1   1   1   0   1   1205  1206  1247  1246
    1177   1   1   1   0   1   1206  1207  1248  1247
    1178   1   1   1   0   1   1207  1208  1249  1248
    1179   1   1   1   0   1   1208  1209  1250  1249
    1180   1   1   1   0   1   1209  1210  1251  1250
 
    ELEM MAT TYP REL ESY SEC        NODES
 
    1181   1   1   1   0   1   1210  1211  1252  1251
    1182   1   1   1   0   1   1211  1212  1253  1252
    1183   1   1   1   0   1   1212  1213  1254  1253
    1184   1   1   1   0   1   1213  1214  1255  1254
    1185   1   1   1   0   1   1214  1215  1256  1255
    1186   1   1   1   0   1   1215  1216  1257  1256
    1187   1   1   1   0   1   1216  1217  1258  1257
    1188   1   1   1   0   1   1217  1218  1259  1258
    1189   1   1   1   0   1   1218  1219  1260  1259
    1190   1   1   1   0   1   1219  1220  1261  1260
    1191   1   1   1   0   1   1220  1221  1262  1261
    1192   1   1   1   0   1   1221  1222  1263  1262
    1193   1   1   1   0   1   1222  1223  1264  1263
    1194   1   1   1   0   1   1223  1224  1265  1264
    1195   1   1   1   0   1   1224  1225  1266  1265
    1196   1   1   1   0   1   1225  1226  1267  1266
    1197   1   1   1   0   1   1226  1227  1268  1267
    1198   1   1   1   0   1   1227  1228  1269  1268
    1199   1   1   1   0   1   1228  1229  1270  1269
    1200   1   1   1   0   1   1229  1230  1271  1270
 
    ELEM MAT TYP REL ESY SEC        NODES
 
    1201   1   1   1   0   1   1231  1232  1273  1272
    1202   1   1   1   0   1   1232  1233  1274  1273
    1203   1   1   1   0   1   1233  1234  1275  1274
    1204   1   1   1   0   1   1234  1235  1276  1275
    1205   1   1   1   0   1   1235  1236  1277  1276
    1206   1   1   1   0   1   1236  1237  1278  1277
    1207   1   1   1   0   1   1237  1238  1279  1278
    1208   1   1   1   0   1   1238  1239  1280  1279
    1209   1   1   1   0   1   1239  1240  1281  1280
    1210   1   1   1   0   1   1240  1241  1282  1281
    1211   1   1   1   0   1   1241  1242  1283  1282
    1212   1   1   1   0   1   1242  1243  1284  1283
    1213   1   1   1   0   1   1243  1244  1285  1284
    1214   1   1   1   0   1   1244  1245  1286  1285
    1215   1   1   1   0   1   1245  1246  1287  1286
    1216   1   1   1   0   1   1246  1247  1288  1287
    1217   1   1   1   0   1   1247  1248  1289  1288
    1218   1   1   1   0   1   1248  1249  1290  1289
    1219   1   1   1   0   1   1249  1250  1291  1290
    1220   1   1   1   0   1   1250  1251  1292  1291
 
    ELEM MAT TYP REL ESY SEC        NODES
 
    1221   1   1   1   0   1   1251  1252  1293  1292
    1222   1   1   1   0   1   1252  1253  1294  1293
    1223   1   1   1   0   1   1253  1254  1295  1294
    1224   1   1   1   0   1   1254  1255  1296  1295
    1225   1   1   1   0   1   1255  1256  1297  1296
    1226   1   1   1   0   1   1256  1257  1298  1297
    1227   1   1   1   0   1   1257  1258  1299  1298
    1228   1   1   1   0   1   1258  1259  1300  1299
    1229   1   1   1   0   1   1259  1260  1301  1300
    1230   1   1   1   0   1   1260  1261  1302  1301
    1231   1   1   1   0   1   1261  1262  1303  1302
    1232   1   1   1   0   1   1262  1263  1304  1303
    1233   1   1   1   0   1   1263  1264  1305  1304
    1234   1   1   1   0   1   1264  1265  1306  1305
    1235   1   1   1   0   1   1265  1266  1307  1306
    1236   1   1   1   0   1   1266  1267  1308  1307
    1237   1   1   1   0   1   1267  1268  1309  1308
    1238   1   1   1   0   1   1268  1269  1310  1309
    1239   1   1   1   0   1   1269  1270  1311  1310
    1240   1   1   1   0   1   1270  1271  1312  1311
 
    ELEM MAT TYP REL ESY SEC        NODES
 
    1241   1   1   1   0   1   1272  1273  1314  1313
    1242   1   1   1   0   1   1273  1274  1315  1314
    1243   1   1   1   0   1   1274  1275  1316  1315
    1244   1   1   1   0   1   1275  1276  1317  1316
    1245   1   1   1   0   1   1276  1277  1318  1317
    1246   1   1   1   0   1   1277  1278  1319  1318
    1247   1   1   1   0   1   1278  1279  1320  1319
    1248   1   1   1   0   1   1279  1280  1321  1320
    1249   1   1   1   0   1   1280  1281  1322  1321
    1250   1   1   1   0   1   1281  1282  1323  1322
    1251   1   1   1   0   1   1282  1283  1324  1323
    1252   1   1   1   0   1   1283  1284  1325  1324
    1253   1   1   1   0   1   1284  1285  1326  1325
    1254   1   1   1   0   1   1285  1286  1327  1326
    1255   1   1   1   0   1   1286  1287  1328  1327
    1256   1   1   1   0   1   1287  1288  1329  1328
    1257   1   1   1   0   1   1288  1289  1330  1329
    1258   1   1   1   0   1   1289  1290  1331  1330
    1259   1   1   1   0   1   1290  1291  1332  1331
    1260   1   1   1   0   1   1291  1292  1333  1332
 
    ELEM MAT TYP REL ESY SEC        NODES
 
    1261   1   1   1   0   1   1292  1293  1334  1333
    1262   1   1   1   0   1   1293  1294  1335  1334
    1263   1   1   1   0   1   1294  1295  1336  1335
    1264   1   1   1   0   1   1295  1296  1337  1336
    1265   1   1   1   0   1   1296  1297  1338  1337
    1266   1   1   1   0   1   1297  1298  1339  1338
    1267   1   1   1   0   1   1298  1299  1340  1339
    1268   1   1   1   0   1   1299  1300  1341  1340
    1269   1   1   1   0   1   1300  1301  1342  1341
    1270   1   1   1   0   1   1301  1302  1343  1342
    1271   1   1   1   0   1   1302  1303  1344  1343
    1272   1   1   1   0   1   1303  1304  1345  1344
    1273   1   1   1   0   1   1304  1305  1346  1345
    1274   1   1   1   0   1   1305  1306  1347  1346
    1275   1   1   1   0   1   1306  1307  1348  1347
    1276   1   1   1   0   1   1307  1308  1349  1348
    1277   1   1   1   0   1   1308  1309  1350  1349
    1278   1   1   1   0   1   1309  1310  1351  1350
    1279   1   1   1   0   1   1310  1311  1352  1351
    1280   1   1   1   0   1   1311  1312  1353  1352
 
    ELEM MAT TYP REL ESY SEC        NODES
 
    1281   1   1   1   0   1   1313  1314  1355  1354
    1282   1   1   1   0   1   1314  1315  1356  1355
    1283   1   1   1   0   1   1315  1316  1357  1356
    1284   1   1   1   0   1   1316  1317  1358  1357
    1285   1   1   1   0   1   1317  1318  1359  1358
    1286   1   1   1   0   1   1318  1319  1360  1359
    1287   1   1   1   0   1   1319  1320  1361  1360
    1288   1   1   1   0   1   1320  1321  1362  1361
    1289   1   1   1   0   1   1321  1322  1363  1362
    1290   1   1   1   0   1   1322  1323  1364  1363
    1291   1   1   1   0   1   1323  1324  1365  1364
    1292   1   1   1   0   1   1324  1325  1366  1365
    1293   1   1   1   0   1   1325  1326  1367  1366
    1294   1   1   1   0   1   1326  1327  1368  1367
    1295   1   1   1   0   1   1327  1328  1369  1368
    1296   1   1   1   0   1   1328  1329  1370  1369
    1297   1   1   1   0   1   1329  1330  1371  1370
    1298   1   1   1   0   1   1330  1331  1372  1371
    1299   1   1   1   0   1   1331  1332  1373  1372
    1300   1   1   1   0   1   1332  1333  1374  1373
 
    ELEM MAT TYP REL ESY SEC        NODES
 
    1301   1   1   1   0   1   1333  1334  1375  1374
    1302   1   1   1   0   1   1334  1335  1376  1375
    1303   1   1   1   0   1   1335  1336  1377  1376
    1304   1   1   1   0   1   1336  1337  1378  1377
    1305   1   1   1   0   1   1337  1338  1379  1378
    1306   1   1   1   0   1   1338  1339  1380  1379
    1307   1   1   1   0   1   1339  1340  1381  1380
    1308   1   1   1   0   1   1340  1341  1382  1381
    1309   1   1   1   0   1   1341  1342  1383  1382
    1310   1   1   1   0   1   1342  1343  1384  1383
    1311   1   1   1   0   1   1343  1344  1385  1384
    1312   1   1   1   0   1   1344  1345  1386  1385
    1313   1   1   1   0   1   1345  1346  1387  1386
    1314   1   1   1   0   1   1346  1347  1388  1387
    1315   1   1   1   0   1   1347  1348  1389  1388
    1316   1   1   1   0   1   1348  1349  1390  1389
    1317   1   1   1   0   1   1349  1350  1391  1390
    1318   1   1   1   0   1   1350  1351  1392  1391
    1319   1   1   1   0   1   1351  1352  1393  1392
    1320   1   1   1   0   1   1352  1353  1394  1393
 
    ELEM MAT TYP REL ESY SEC        NODES
 
    1321   1   1   1   0   1   1354  1355  1396  1395
    1322   1   1   1   0   1   1355  1356  1397  1396
    1323   1   1   1   0   1   1356  1357  1398  1397
    1324   1   1   1   0   1   1357  1358  1399  1398
    1325   1   1   1   0   1   1358  1359  1400  1399
    1326   1   1   1   0   1   1359  1360  1401  1400
    1327   1   1   1   0   1   1360  1361  1402  1401
    1328   1   1   1   0   1   1361  1362  1403  1402
    1329   1   1   1   0   1   1362  1363  1404  1403
    1330   1   1   1   0   1   1363  1364  1405  1404
    1331   1   1   1   0   1   1364  1365  1406  1405
    1332   1   1   1   0   1   1365  1366  1407  1406
    1333   1   1   1   0   1   1366  1367  1408  1407
    1334   1   1   1   0   1   1367  1368  1409  1408
    1335   1   1   1   0   1   1368  1369  1410  1409
    1336   1   1   1   0   1   1369  1370  1411  1410
    1337   1   1   1   0   1   1370  1371  1412  1411
    1338   1   1   1   0   1   1371  1372  1413  1412
    1339   1   1   1   0   1   1372  1373  1414  1413
    1340   1   1   1   0   1   1373  1374  1415  1414
 
    ELEM MAT TYP REL ESY SEC        NODES
 
    1341   1   1   1   0   1   1374  1375  1416  1415
    1342   1   1   1   0   1   1375  1376  1417  1416
    1343   1   1   1   0   1   1376  1377  1418  1417
    1344   1   1   1   0   1   1377  1378  1419  1418
    1345   1   1   1   0   1   1378  1379  1420  1419
    1346   1   1   1   0   1   1379  1380  1421  1420
    1347   1   1   1   0   1   1380  1381  1422  1421
    1348   1   1   1   0   1   1381  1382  1423  1422
    1349   1   1   1   0   1   1382  1383  1424  1423
    1350   1   1   1   0   1   1383  1384  1425  1424
    1351   1   1   1   0   1   1384  1385  1426  1425
    1352   1   1   1   0   1   1385  1386  1427  1426
    1353   1   1   1   0   1   1386  1387  1428  1427
    1354   1   1   1   0   1   1387  1388  1429  1428
    1355   1   1   1   0   1   1388  1389  1430  1429
    1356   1   1   1   0   1   1389  1390  1431  1430
    1357   1   1   1   0   1   1390  1391  1432  1431
    1358   1   1   1   0   1   1391  1392  1433  1432
    1359   1   1   1   0   1   1392  1393  1434  1433
    1360   1   1   1   0   1   1393  1394  1435  1434
 
    ELEM MAT TYP REL ESY SEC        NODES
 
    1361   1   1   1   0   1   1395  1396  1437  1436
    1362   1   1   1   0   1   1396  1397  1438  1437
    1363   1   1   1   0   1   1397  1398  1439  1438
    1364   1   1   1   0   1   1398  1399  1440  1439
    1365   1   1   1   0   1   1399  1400  1441  1440
    1366   1   1   1   0   1   1400  1401  1442  1441
    1367   1   1   1   0   1   1401  1402  1443  1442
    1368   1   1   1   0   1   1402  1403  1444  1443
    1369   1   1   1   0   1   1403  1404  1445  1444
    1370   1   1   1   0   1   1404  1405  1446  1445
    1371   1   1   1   0   1   1405  1406  1447  1446
    1372   1   1   1   0   1   1406  1407  1448  1447
    1373   1   1   1   0   1   1407  1408  1449  1448
    1374   1   1   1   0   1   1408  1409  1450  1449
    1375   1   1   1   0   1   1409  1410  1451  1450
    1376   1   1   1   0   1   1410  1411  1452  1451
    1377   1   1   1   0   1   1411  1412  1453  1452
    1378   1   1   1   0   1   1412  1413  1454  1453
    1379   1   1   1   0   1   1413  1414  1455  1454
    1380   1   1   1   0   1   1414  1415  1456  1455
 
    ELEM MAT TYP REL ESY SEC        NODES
 
    1381   1   1   1   0   1   1415  1416  1457  1456
    1382   1   1   1   0   1   1416  1417  1458  1457
    1383   1   1   1   0   1   1417  1418  1459  1458
    1384   1   1   1   0   1   1418  1419  1460  1459
    1385   1   1   1   0   1   1419  1420  1461  1460
    1386   1   1   1   0   1   1420  1421  1462  1461
    1387   1   1   1   0   1   1421  1422  1463  1462
    1388   1   1   1   0   1   1422  1423  1464  1463
    1389   1   1   1   0   1   1423  1424  1465  1464
    1390   1   1   1   0   1   1424  1425  1466  1465
    1391   1   1   1   0   1   1425  1426  1467  1466
    1392   1   1   1   0   1   1426  1427  1468  1467
    1393   1   1   1   0   1   1427  1428  1469  1468
    1394   1   1   1   0   1   1428  1429  1470  1469
    1395   1   1   1   0   1   1429  1430  1471  1470
    1396   1   1   1   0   1   1430  1431  1472  1471
    1397   1   1   1   0   1   1431  1432  1473  1472
    1398   1   1   1   0   1   1432  1433  1474  1473
    1399   1   1   1   0   1   1433  1434  1475  1474
    1400   1   1   1   0   1   1434  1435  1476  1475
 
    ELEM MAT TYP REL ESY SEC        NODES
 
    1401   1   1   1   0   1   1436  1437  1478  1477
    1402   1   1   1   0   1   1437  1438  1479  1478
    1403   1   1   1   0   1   1438  1439  1480  1479
    1404   1   1   1   0   1   1439  1440  1481  1480
    1405   1   1   1   0   1   1440  1441  1482  1481
    1406   1   1   1   0   1   1441  1442  1483  1482
    1407   1   1   1   0   1   1442  1443  1484  1483
    1408   1   1   1   0   1   1443  1444  1485  1484
    1409   1   1   1   0   1   1444  1445  1486  1485
    1410   1   1   1   0   1   1445  1446  1487  1486
    1411   1   1   1   0   1   1446  1447  1488  1487
    1412   1   1   1   0   1   1447  1448  1489  1488
    1413   1   1   1   0   1   1448  1449  1490  1489
    1414   1   1   1   0   1   1449  1450  1491  1490
    1415   1   1   1   0   1   1450  1451  1492  1491
    1416   1   1   1   0   1   1451  1452  1493  1492
    1417   1   1   1   0   1   1452  1453  1494  1493
    1418   1   1   1   0   1   1453  1454  1495  1494
    1419   1   1   1   0   1   1454  1455  1496  1495
    1420   1   1   1   0   1   1455  1456  1497  1496
 
    ELEM MAT TYP REL ESY SEC        NODES
 
    1421   1   1   1   0   1   1456  1457  1498  1497
    1422   1   1   1   0   1   1457  1458  1499  1498
    1423   1   1   1   0   1   1458  1459  1500  1499
    1424   1   1   1   0   1   1459  1460  1501  1500
    1425   1   1   1   0   1   1460  1461  1502  1501
    1426   1   1   1   0   1   1461  1462  1503  1502
    1427   1   1   1   0   1   1462  1463  1504  1503
    1428   1   1   1   0   1   1463  1464  1505  1504
    1429   1   1   1   0   1   1464  1465  1506  1505
    1430   1   1   1   0   1   1465  1466  1507  1506
    1431   1   1   1   0   1   1466  1467  1508  1507
    1432   1   1   1   0   1   1467  1468  1509  1508
    1433   1   1   1   0   1   1468  1469  1510  1509
    1434   1   1   1   0   1   1469  1470  1511  1510
    1435   1   1   1   0   1   1470  1471  1512  1511
    1436   1   1   1   0   1   1471  1472  1513  1512
    1437   1   1   1   0   1   1472  1473  1514  1513
    1438   1   1   1   0   1   1473  1474  1515  1514
    1439   1   1   1   0   1   1474  1475  1516  1515
    1440   1   1   1   0   1   1475  1476  1517  1516
 
    ELEM MAT TYP REL ESY SEC        NODES
 
    1441   1   1   1   0   1   1477  1478  1519  1518
    1442   1   1   1   0   1   1478  1479  1520  1519
    1443   1   1   1   0   1   1479  1480  1521  1520
    1444   1   1   1   0   1   1480  1481  1522  1521
    1445   1   1   1   0   1   1481  1482  1523  1522
    1446   1   1   1   0   1   1482  1483  1524  1523
    1447   1   1   1   0   1   1483  1484  1525  1524
    1448   1   1   1   0   1   1484  1485  1526  1525
    1449   1   1   1   0   1   1485  1486  1527  1526
    1450   1   1   1   0   1   1486  1487  1528  1527
    1451   1   1   1   0   1   1487  1488  1529  1528
    1452   1   1   1   0   1   1488  1489  1530  1529
    1453   1   1   1   0   1   1489  1490  1531  1530
    1454   1   1   1   0   1   1490  1491  1532  1531
    1455   1   1   1   0   1   1491  1492  1533  1532
    1456   1   1   1   0   1   1492  1493  1534  1533
    1457   1   1   1   0   1   1493  1494  1535  1534
    1458   1   1   1   0   1   1494  1495  1536  1535
    1459   1   1   1   0   1   1495  1496  1537  1536
    1460   1   1   1   0   1   1496  1497  1538  1537
 
    ELEM MAT TYP REL ESY SEC        NODES
 
    1461   1   1   1   0   1   1497  1498  1539  1538
    1462   1   1   1   0   1   1498  1499  1540  1539
    1463   1   1   1   0   1   1499  1500  1541  1540
    1464   1   1   1   0   1   1500  1501  1542  1541
    1465   1   1   1   0   1   1501  1502  1543  1542
    1466   1   1   1   0   1   1502  1503  1544  1543
    1467   1   1   1   0   1   1503  1504  1545  1544
    1468   1   1   1   0   1   1504  1505  1546  1545
    1469   1   1   1   0   1   1505  1506  1547  1546
    1470   1   1   1   0   1   1506  1507  1548  1547
    1471   1   1   1   0   1   1507  1508  1549  1548
    1472   1   1   1   0   1   1508  1509  1550  1549
    1473   1   1   1   0   1   1509  1510  1551  1550
    1474   1   1   1   0   1   1510  1511  1552  1551
    1475   1   1   1   0   1   1511  1512  1553  1552
    1476   1   1   1   0   1   1512  1513  1554  1553
    1477   1   1   1   0   1   1513  1514  1555  1554
    1478   1   1   1   0   1   1514  1515  1556  1555
    1479   1   1   1   0   1   1515  1516  1557  1556
    1480   1   1   1   0   1   1516  1517  1558  1557
 
    ELEM MAT TYP REL ESY SEC        NODES
 
    1481   1   1   1   0   1   1518  1519  1560  1559
    1482   1   1   1   0   1   1519  1520  1561  1560
    1483   1   1   1   0   1   1520  1521  1562  1561
    1484   1   1   1   0   1   1521  1522  1563  1562
    1485   1   1   1   0   1   1522  1523  1564  1563
    1486   1   1   1   0   1   1523  1524  1565  1564
    1487   1   1   1   0   1   1524  1525  1566  1565
    1488   1   1   1   0   1   1525  1526  1567  1566
    1489   1   1   1   0   1   1526  1527  1568  1567
    1490   1   1   1   0   1   1527  1528  1569  1568
    1491   1   1   1   0   1   1528  1529  1570  1569
    1492   1   1   1   0   1   1529  1530  1571  1570
    1493   1   1   1   0   1   1530  1531  1572  1571
    1494   1   1   1   0   1   1531  1532  1573  1572
    1495   1   1   1   0   1   1532  1533  1574  1573
    1496   1   1   1   0   1   1533  1534  1575  1574
    1497   1   1   1   0   1   1534  1535  1576  1575
    1498   1   1   1   0   1   1535  1536  1577  1576
    1499   1   1   1   0   1   1536  1537  1578  1577
    1500   1   1   1   0   1   1537  1538  1579  1578
 
    ELEM MAT TYP REL ESY SEC        NODES
 
    1501   1   1   1   0   1   1538  1539  1580  1579
    1502   1   1   1   0   1   1539  1540  1581  1580
    1503   1   1   1   0   1   1540  1541  1582  1581
    1504   1   1   1   0   1   1541  1542  1583  1582
    1505   1   1   1   0   1   1542  1543  1584  1583
    1506   1   1   1   0   1   1543  1544  1585  1584
    1507   1   1   1   0   1   1544  1545  1586  1585
    1508   1   1   1   0   1   1545  1546  1587  1586
    1509   1   1   1   0   1   1546  1547  1588  1587
    1510   1   1   1   0   1   1547  1548  1589  1588
    1511   1   1   1   0   1   1548  1549  1590  1589
    1512   1   1   1   0   1   1549  1550  1591  1590
    1513   1   1   1   0   1   1550  1551  1592  1591
    1514   1   1   1   0   1   1551  1552  1593  1592
    1515   1   1   1   0   1   1552  1553  1594  1593
    1516   1   1   1   0   1   1553  1554  1595  1594
    1517   1   1   1   0   1   1554  1555  1596  1595
    1518   1   1   1   0   1   1555  1556  1597  1596
    1519   1   1   1   0   1   1556  1557  1598  1597
    1520   1   1   1   0   1   1557  1558  1599  1598
 
    ELEM MAT TYP REL ESY SEC        NODES
 
    1521   1   1   1   0   1   1559  1560  1601  1600
    1522   1   1   1   0   1   1560  1561  1602  1601
    1523   1   1   1   0   1   1561  1562  1603  1602
    1524   1   1   1   0   1   1562  1563  1604  1603
    1525   1   1   1   0   1   1563  1564  1605  1604
    1526   1   1   1   0   1   1564  1565  1606  1605
    1527   1   1   1   0   1   1565  1566  1607  1606
    1528   1   1   1   0   1   1566  1567  1608  1607
    1529   1   1   1   0   1   1567  1568  1609  1608
    1530   1   1   1   0   1   1568  1569  1610  1609
    1531   1   1   1   0   1   1569  1570  1611  1610
    1532   1   1   1   0   1   1570  1571  1612  1611
    1533   1   1   1   0   1   1571  1572  1613  1612
    1534   1   1   1   0   1   1572  1573  1614  1613
    1535   1   1   1   0   1   1573  1574  1615  1614
    1536   1   1   1   0   1   1574  1575  1616  1615
    1537   1   1   1   0   1   1575  1576  1617  1616
    1538   1   1   1   0   1   1576  1577  1618  1617
    1539   1   1   1   0   1   1577  1578  1619  1618
    1540   1   1   1   0   1   1578  1579  1620  1619
 
    ELEM MAT TYP REL ESY SEC        NODES
 
    1541   1   1   1   0   1   1579  1580  1621  1620
    1542   1   1   1   0   1   1580  1581  1622  1621
    1543   1   1   1   0   1   1581  1582  1623  1622
    1544   1   1   1   0   1   1582  1583  1624  1623
    1545   1   1   1   0   1   1583  1584  1625  1624
    1546   1   1   1   0   1   1584  1585  1626  1625
    1547   1   1   1   0   1   1585  1586  1627  1626
    1548   1   1   1   0   1   1586  1587  1628  1627
    1549   1   1   1   0   1   1587  1588  1629  1628
    1550   1   1   1   0   1   1588  1589  1630  1629
    1551   1   1   1   0   1   1589  1590  1631  1630
    1552   1   1   1   0   1   1590  1591  1632  1631
    1553   1   1   1   0   1   1591  1592  1633  1632
    1554   1   1   1   0   1   1592  1593  1634  1633
    1555   1   1   1   0   1   1593  1594  1635  1634
    1556   1   1   1   0   1   1594  1595  1636  1635
    1557   1   1   1   0   1   1595  1596  1637  1636
    1558   1   1   1   0   1   1596  1597  1638  1637
    1559   1   1   1   0   1   1597  1598  1639  1638
    1560   1   1   1   0   1   1598  1599  1640  1639
 
    ELEM MAT TYP REL ESY SEC        NODES
 
    1561   1   1   1   0   1   1600  1601  1642  1641
    1562   1   1   1   0   1   1601  1602  1643  1642
    1563   1   1   1   0   1   1602  1603  1644  1643
    1564   1   1   1   0   1   1603  1604  1645  1644
    1565   1   1   1   0   1   1604  1605  1646  1645
    1566   1   1   1   0   1   1605  1606  1647  1646
    1567   1   1   1   0   1   1606  1607  1648  1647
    1568   1   1   1   0   1   1607  1608  1649  1648
    1569   1   1   1   0   1   1608  1609  1650  1649
    1570   1   1   1   0   1   1609  1610  1651  1650
    1571   1   1   1   0   1   1610  1611  1652  1651
    1572   1   1   1   0   1   1611  1612  1653  1652
    1573   1   1   1   0   1   1612  1613  1654  1653
    1574   1   1   1   0   1   1613  1614  1655  1654
    1575   1   1   1   0   1   1614  1615  1656  1655
    1576   1   1   1   0   1   1615  1616  1657  1656
    1577   1   1   1   0   1   1616  1617  1658  1657
    1578   1   1   1   0   1   1617  1618  1659  1658
    1579   1   1   1   0   1   1618  1619  1660  1659
    1580   1   1   1   0   1   1619  1620  1661  1660
 
    ELEM MAT TYP REL ESY SEC        NODES
 
    1581   1   1   1   0   1   1620  1621  1662  1661
    1582   1   1   1   0   1   1621  1622  1663  1662
    1583   1   1   1   0   1   1622  1623  1664  1663
    1584   1   1   1   0   1   1623  1624  1665  1664
    1585   1   1   1   0   1   1624  1625  1666  1665
    1586   1   1   1   0   1   1625  1626  1667  1666
    1587   1   1   1   0   1   1626  1627  1668  1667
    1588   1   1   1   0   1   1627  1628  1669  1668
    1589   1   1   1   0   1   1628  1629  1670  1669
    1590   1   1   1   0   1   1629  1630  1671  1670
    1591   1   1   1   0   1   1630  1631  1672  1671
    1592   1   1   1   0   1   1631  1632  1673  1672
    1593   1   1   1   0   1   1632  1633  1674  1673
    1594   1   1   1   0   1   1633  1634  1675  1674
    1595   1   1   1   0   1   1634  1635  1676  1675
    1596   1   1   1   0   1   1635  1636  1677  1676
    1597   1   1   1   0   1   1636  1637  1678  1677
    1598   1   1   1   0   1   1637  1638  1679  1678
    1599   1   1   1   0   1   1638  1639  1680  1679
    1600   1   1   1   0   1   1639  1640  1681  1680
 
    ELEM MAT TYP REL ESY SEC        NODES
 
    1601   1   2   1   0   1      1    43
    1602   1   2   1   0   1      2    44
    1603   1   2   1   0   1      3    45
    1604   1   2   1   0   1      4    46
    1605   1   2   1   0   1      5    47
    1606   1   2   1   0   1      6    48
    1607   1   2   1   0   1      7    49
    1608   1   2   1   0   1      8    50
    1609   1   2   1   0   1      9    51
    1610   1   2   1   0   1     10    52
    1611   1   2   1   0   1     11    53
    1612   1   2   1   0   1     12    54
    1613   1   2   1   0   1     13    55
    1614   1   2   1   0   1     14    56
    1615   1   2   1   0   1     15    57
    1616   1   2   1   0   1     16    58
    1617   1   2   1   0   1     17    59
    1618   1   2   1   0   1     18    60
    1619   1   2   1   0   1     19    61
    1620   1   2   1   0   1     20    62
 
    ELEM MAT TYP REL ESY SEC        NODES
 
    1621   1   2   1   0   1     21    63
    1622   1   2   1   0   1     22    64
    1623   1   2   1   0   1     23    65
    1624   1   2   1   0   1     24    66
    1625   1   2   1   0   1     25    67
    1626   1   2   1   0   1     26    68
    1627   1   2   1   0   1     27    69
    1628   1   2   1   0   1     28    70
    1629   1   2   1   0   1     29    71
    1630   1   2   1   0   1     30    72
    1631   1   2   1   0   1     31    73
    1632   1   2   1   0   1     32    74
    1633   1   2   1   0   1     33    75
    1634   1   2   1   0   1     34    76
    1635   1   2   1   0   1     35    77
    1636   1   2   1   0   1     36    78
    1637   1   2   1   0   1     37    79
    1638   1   2   1   0   1     38    80
    1639   1   2   1   0   1     39    81
    1640   1   2   1   0   1     40    82
 
    ELEM MAT TYP REL ESY SEC        NODES
 
    1641   1   2   1   0   1     42    84
    1642   1   2   1   0   1     43    85
    1643   1   2   1   0   1     44    86
    1644   1   2   1   0   1     45    87
    1645   1   2   1   0   1     46    88
    1646   1   2   1   0   1     47    89
    1647   1   2   1   0   1     48    90
    1648   1   2   1   0   1     49    91
    1649   1   2   1   0   1     50    92
    1650   1   2   1   0   1     51    93
    1651   1   2   1   0   1     52    94
    1652   1   2   1   0   1     53    95
    1653   1   2   1   0   1     54    96
    1654   1   2   1   0   1     55    97
    1655   1   2   1   0   1     56    98
    1656   1   2   1   0   1     57    99
    1657   1   2   1   0   1     58   100
    1658   1   2   1   0   1     59   101
    1659   1   2   1   0   1     60   102
    1660   1   2   1   0   1     61   103
 
    ELEM MAT TYP REL ESY SEC        NODES
 
    1661   1   2   1   0   1     62   104
    1662   1   2   1   0   1     63   105
    1663   1   2   1   0   1     64   106
    1664   1   2   1   0   1     65   107
    1665   1   2   1   0   1     66   108
    1666   1   2   1   0   1     67   109
    1667   1   2   1   0   1     68   110
    1668   1   2   1   0   1     69   111
    1669   1   2   1   0   1     70   112
    1670   1   2   1   0   1     71   113
    1671   1   2   1   0   1     72   114
    1672   1   2   1   0   1     73   115
    1673   1   2   1   0   1     74   116
    1674   1   2   1   0   1     75   117
    1675   1   2   1   0   1     76   118
    1676   1   2   1   0   1     77   119
    1677   1   2   1   0   1     78   120
    1678   1   2   1   0   1     79   121
    1679   1   2   1   0   1     80   122
    1680   1   2   1   0   1     81   123
 
    ELEM MAT TYP REL ESY SEC        NODES
 
    1681   1   2   1   0   1     83   125
    1682   1   2   1   0   1     84   126
    1683   1   2   1   0   1     85   127
    1684   1   2   1   0   1     86   128
    1685   1   2   1   0   1     87   129
    1686   1   2   1   0   1     88   130
    1687   1   2   1   0   1     89   131
    1688   1   2   1   0   1     90   132
    1689   1   2   1   0   1     91   133
    1690   1   2   1   0   1     92   134
    1691   1   2   1   0   1     93   135
    1692   1   2   1   0   1     94   136
    1693   1   2   1   0   1     95   137
    1694   1   2   1   0   1     96   138
    1695   1   2   1   0   1     97   139
    1696   1   2   1   0   1     98   140
    1697   1   2   1   0   1     99   141
    1698   1   2   1   0   1    100   142
    1699   1   2   1   0   1    101   143
    1700   1   2   1   0   1    102   144
 
    ELEM MAT TYP REL ESY SEC        NODES
 
    1701   1   2   1   0   1    103   145
    1702   1   2   1   0   1    104   146
    1703   1   2   1   0   1    105   147
    1704   1   2   1   0   1    106   148
    1705   1   2   1   0   1    107   149
    1706   1   2   1   0   1    108   150
    1707   1   2   1   0   1    109   151
    1708   1   2   1   0   1    110   152
    1709   1   2   1   0   1    111   153
    1710   1   2   1   0   1    112   154
    1711   1   2   1   0   1    113   155
    1712   1   2   1   0   1    114   156
    1713   1   2   1   0   1    115   157
    1714   1   2   1   0   1    116   158
    1715   1   2   1   0   1    117   159
    1716   1   2   1   0   1    118   160
    1717   1   2   1   0   1    119   161
    1718   1   2   1   0   1    120   162
    1719   1   2   1   0   1    121   163
    1720   1   2   1   0   1    122   164
 
    ELEM MAT TYP REL ESY SEC        NODES
 
    1721   1   2   1   0   1    124   166
    1722   1   2   1   0   1    125   167
    1723   1   2   1   0   1    126   168
    1724   1   2   1   0   1    127   169
    1725   1   2   1   0   1    128   170
    1726   1   2   1   0   1    129   171
    1727   1   2   1   0   1    130   172
    1728   1   2   1   0   1    131   173
    1729   1   2   1   0   1    132   174
    1730   1   2   1   0   1    133   175
    1731   1   2   1   0   1    134   176
    1732   1   2   1   0   1    135   177
    1733   1   2   1   0   1    136   178
    1734   1   2   1   0   1    137   179
    1735   1   2   1   0   1    138   180
    1736   1   2   1   0   1    139   181
    1737   1   2   1   0   1    140   182
    1738   1   2   1   0   1    141   183
    1739   1   2   1   0   1    142   184
    1740   1   2   1   0   1    143   185
 
    ELEM MAT TYP REL ESY SEC        NODES
 
    1741   1   2   1   0   1    144   186
    1742   1   2   1   0   1    145   187
    1743   1   2   1   0   1    146   188
    1744   1   2   1   0   1    147   189
    1745   1   2   1   0   1    148   190
    1746   1   2   1   0   1    149   191
    1747   1   2   1   0   1    150   192
    1748   1   2   1   0   1    151   193
    1749   1   2   1   0   1    152   194
    1750   1   2   1   0   1    153   195
    1751   1   2   1   0   1    154   196
    1752   1   2   1   0   1    155   197
    1753   1   2   1   0   1    156   198
    1754   1   2   1   0   1    157   199
    1755   1   2   1   0   1    158   200
    1756   1   2   1   0   1    159   201
    1757   1   2   1   0   1    160   202
    1758   1   2   1   0   1    161   203
    1759   1   2   1   0   1    162   204
    1760   1   2   1   0   1    163   205
 
    ELEM MAT TYP REL ESY SEC        NODES
 
    1761   1   2   1   0   1    165   207
    1762   1   2   1   0   1    166   208
    1763   1   2   1   0   1    167   209
    1764   1   2   1   0   1    168   210
    1765   1   2   1   0   1    169   211
    1766   1   2   1   0   1    170   212
    1767   1   2   1   0   1    171   213
    1768   1   2   1   0   1    172   214
    1769   1   2   1   0   1    173   215
    1770   1   2   1   0   1    174   216
    1771   1   2   1   0   1    175   217
    1772   1   2   1   0   1    176   218
    1773   1   2   1   0   1    177   219
    1774   1   2   1   0   1    178   220
    1775   1   2   1   0   1    179   221
    1776   1   2   1   0   1    180   222
    1777   1   2   1   0   1    181   223
    1778   1   2   1   0   1    182   224
    1779   1   2   1   0   1    183   225
    1780   1   2   1   0   1    184   226
 
    ELEM MAT TYP REL ESY SEC        NODES
 
    1781   1   2   1   0   1    185   227
    1782   1   2   1   0   1    186   228
    1783   1   2   1   0   1    187   229
    1784   1   2   1   0   1    188   230
    1785   1   2   1   0   1    189   231
    1786   1   2   1   0   1    190   232
    1787   1   2   1   0   1    191   233
    1788   1   2   1   0   1    192   234
    1789   1   2   1   0   1    193   235
    1790   1   2   1   0   1    194   236
    1791   1   2   1   0   1    195   237
    1792   1   2   1   0   1    196   238
    1793   1   2   1   0   1    197   239
    1794   1   2   1   0   1    198   240
    1795   1   2   1   0   1    199   241
    1796   1   2   1   0   1    200   242
    1797   1   2   1   0   1    201   243
    1798   1   2   1   0   1    202   244
    1799   1   2   1   0   1    203   245
    1800   1   2   1   0   1    204   246
 
    ELEM MAT TYP REL ESY SEC        NODES
 
    1801   1   2   1   0   1    206   248
    1802   1   2   1   0   1    207   249
    1803   1   2   1   0   1    208   250
    1804   1   2   1   0   1    209   251
    1805   1   2   1   0   1    210   252
    1806   1   2   1   0   1    211   253
    1807   1   2   1   0   1    212   254
    1808   1   2   1   0   1    213   255
    1809   1   2   1   0   1    214   256
    1810   1   2   1   0   1    215   257
    1811   1   2   1   0   1    216   258
    1812   1   2   1   0   1    217   259
    1813   1   2   1   0   1    218   260
    1814   1   2   1   0   1    219   261
    1815   1   2   1   0   1    220   262
    1816   1   2   1   0   1    221   263
    1817   1   2   1   0   1    222   264
    1818   1   2   1   0   1    223   265
    1819   1   2   1   0   1    224   266
    1820   1   2   1   0   1    225   267
 
    ELEM MAT TYP REL ESY SEC        NODES
 
    1821   1   2   1   0   1    226   268
    1822   1   2   1   0   1    227   269
    1823   1   2   1   0   1    228   270
    1824   1   2   1   0   1    229   271
    1825   1   2   1   0   1    230   272
    1826   1   2   1   0   1    231   273
    1827   1   2   1   0   1    232   274
    1828   1   2   1   0   1    233   275
    1829   1   2   1   0   1    234   276
    1830   1   2   1   0   1    235   277
    1831   1   2   1   0   1    236   278
    1832   1   2   1   0   1    237   279
    1833   1   2   1   0   1    238   280
    1834   1   2   1   0   1    239   281
    1835   1   2   1   0   1    240   282
    1836   1   2   1   0   1    241   283
    1837   1   2   1   0   1    242   284
    1838   1   2   1   0   1    243   285
    1839   1   2   1   0   1    244   286
    1840   1   2   1   0   1    245   287
 
    ELEM MAT TYP REL ESY SEC        NODES
 
    1841   1   2   1   0   1    247   289
    1842   1   2   1   0   1    248   290
    1843   1   2   1   0   1    249   291
    1844   1   2   1   0   1    250   292
    1845   1   2   1   0   1    251   293
    1846   1   2   1   0   1    252   294
    1847   1   2   1   0   1    253   295
    1848   1   2   1   0   1    254   296
    1849   1   2   1   0   1    255   297
    1850   1   2   1   0   1    256   298
    1851   1   2   1   0   1    257   299
    1852   1   2   1   0   1    258   300
    1853   1   2   1   0   1    259   301
    1854   1   2   1   0   1    260   302
    1855   1   2   1   0   1    261   303
    1856   1   2   1   0   1    262   304
    1857   1   2   1   0   1    263   305
    1858   1   2   1   0   1    264   306
    1859   1   2   1   0   1    265   307
    1860   1   2   1   0   1    266   308
 
    ELEM MAT TYP REL ESY SEC        NODES
 
    1861   1   2   1   0   1    267   309
    1862   1   2   1   0   1    268   310
    1863   1   2   1   0   1    269   311
    1864   1   2   1   0   1    270   312
    1865   1   2   1   0   1    271   313
    1866   1   2   1   0   1    272   314
    1867   1   2   1   0   1    273   315
    1868   1   2   1   0   1    274   316
    1869   1   2   1   0   1    275   317
    1870   1   2   1   0   1    276   318
    1871   1   2   1   0   1    277   319
    1872   1   2   1   0   1    278   320
    1873   1   2   1   0   1    279   321
    1874   1   2   1   0   1    280   322
    1875   1   2   1   0   1    281   323
    1876   1   2   1   0   1    282   324
    1877   1   2   1   0   1    283   325
    1878   1   2   1   0   1    284   326
    1879   1   2   1   0   1    285   327
    1880   1   2   1   0   1    286   328
 
    ELEM MAT TYP REL ESY SEC        NODES
 
    1881   1   2   1   0   1    288   330
    1882   1   2   1   0   1    289   331
    1883   1   2   1   0   1    290   332
    1884   1   2   1   0   1    291   333
    1885   1   2   1   0   1    292   334
    1886   1   2   1   0   1    293   335
    1887   1   2   1   0   1    294   336
    1888   1   2   1   0   1    295   337
    1889   1   2   1   0   1    296   338
    1890   1   2   1   0   1    297   339
    1891   1   2   1   0   1    298   340
    1892   1   2   1   0   1    299   341
    1893   1   2   1   0   1    300   342
    1894   1   2   1   0   1    301   343
    1895   1   2   1   0   1    302   344
    1896   1   2   1   0   1    303   345
    1897   1   2   1   0   1    304   346
    1898   1   2   1   0   1    305   347
    1899   1   2   1   0   1    306   348
    1900   1   2   1   0   1    307   349
 
    ELEM MAT TYP REL ESY SEC        NODES
 
    1901   1   2   1   0   1    308   350
    1902   1   2   1   0   1    309   351
    1903   1   2   1   0   1    310   352
    1904   1   2   1   0   1    311   353
    1905   1   2   1   0   1    312   354
    1906   1   2   1   0   1    313   355
    1907   1   2   1   0   1    314   356
    1908   1   2   1   0   1    315   357
    1909   1   2   1   0   1    316   358
    1910   1   2   1   0   1    317   359
    1911   1   2   1   0   1    318   360
    1912   1   2   1   0   1    319   361
    1913   1   2   1   0   1    320   362
    1914   1   2   1   0   1    321   363
    1915   1   2   1   0   1    322   364
    1916   1   2   1   0   1    323   365
    1917   1   2   1   0   1    324   366
    1918   1   2   1   0   1    325   367
    1919   1   2   1   0   1    326   368
    1920   1   2   1   0   1    327   369
 
    ELEM MAT TYP REL ESY SEC        NODES
 
    1921   1   2   1   0   1    329   371
    1922   1   2   1   0   1    330   372
    1923   1   2   1   0   1    331   373
    1924   1   2   1   0   1    332   374
    1925   1   2   1   0   1    333   375
    1926   1   2   1   0   1    334   376
    1927   1   2   1   0   1    335   377
    1928   1   2   1   0   1    336   378
    1929   1   2   1   0   1    337   379
    1930   1   2   1   0   1    338   380
    1931   1   2   1   0   1    339   381
    1932   1   2   1   0   1    340   382
    1933   1   2   1   0   1    341   383
    1934   1   2   1   0   1    342   384
    1935   1   2   1   0   1    343   385
    1936   1   2   1   0   1    344   386
    1937   1   2   1   0   1    345   387
    1938   1   2   1   0   1    346   388
    1939   1   2   1   0   1    347   389
    1940   1   2   1   0   1    348   390
 
    ELEM MAT TYP REL ESY SEC        NODES
 
    1941   1   2   1   0   1    349   391
    1942   1   2   1   0   1    350   392
    1943   1   2   1   0   1    351   393
    1944   1   2   1   0   1    352   394
    1945   1   2   1   0   1    353   395
    1946   1   2   1   0   1    354   396
    1947   1   2   1   0   1    355   397
    1948   1   2   1   0   1    356   398
    1949   1   2   1   0   1    357   399
    1950   1   2   1   0   1    358   400
    1951   1   2   1   0   1    359   401
    1952   1   2   1   0   1    360   402
    1953   1   2   1   0   1    361   403
    1954   1   2   1   0   1    362   404
    1955   1   2   1   0   1    363   405
    1956   1   2   1   0   1    364   406
    1957   1   2   1   0   1    365   407
    1958   1   2   1   0   1    366   408
    1959   1   2   1   0   1    367   409
    1960   1   2   1   0   1    368   410
 
    ELEM MAT TYP REL ESY SEC        NODES
 
    1961   1   2   1   0   1    370   412
    1962   1   2   1   0   1    371   413
    1963   1   2   1   0   1    372   414
    1964   1   2   1   0   1    373   415
    1965   1   2   1   0   1    374   416
    1966   1   2   1   0   1    375   417
    1967   1   2   1   0   1    376   418
    1968   1   2   1   0   1    377   419
    1969   1   2   1   0   1    378   420
    1970   1   2   1   0   1    379   421
    1971   1   2   1   0   1    380   422
    1972   1   2   1   0   1    381   423
    1973   1   2   1   0   1    382   424
    1974   1   2   1   0   1    383   425
    1975   1   2   1   0   1    384   426
    1976   1   2   1   0   1    385   427
    1977   1   2   1   0   1    386   428
    1978   1   2   1   0   1    387   429
    1979   1   2   1   0   1    388   430
    1980   1   2   1   0   1    389   431
 
    ELEM MAT TYP REL ESY SEC        NODES
 
    1981   1   2   1   0   1    390   432
    1982   1   2   1   0   1    391   433
    1983   1   2   1   0   1    392   434
    1984   1   2   1   0   1    393   435
    1985   1   2   1   0   1    394   436
    1986   1   2   1   0   1    395   437
    1987   1   2   1   0   1    396   438
    1988   1   2   1   0   1    397   439
    1989   1   2   1   0   1    398   440
    1990   1   2   1   0   1    399   441
    1991   1   2   1   0   1    400   442
    1992   1   2   1   0   1    401   443
    1993   1   2   1   0   1    402   444
    1994   1   2   1   0   1    403   445
    1995   1   2   1   0   1    404   446
    1996   1   2   1   0   1    405   447
    1997   1   2   1   0   1    406   448
    1998   1   2   1   0   1    407   449
    1999   1   2   1   0   1    408   450
    2000   1   2   1   0   1    409   451
 
    ELEM MAT TYP REL ESY SEC        NODES
 
    2001   1   2   1   0   1    411   453
    2002   1   2   1   0   1    412   454
    2003   1   2   1   0   1    413   455
    2004   1   2   1   0   1    414   456
    2005   1   2   1   0   1    415   457
    2006   1   2   1   0   1    416   458
    2007   1   2   1   0   1    417   459
    2008   1   2   1   0   1    418   460
    2009   1   2   1   0   1    419   461
    2010   1   2   1   0   1    420   462
    2011   1   2   1   0   1    421   463
    2012   1   2   1   0   1    422   464
    2013   1   2   1   0   1    423   465
    2014   1   2   1   0   1    424   466
    2015   1   2   1   0   1    425   467
    2016   1   2   1   0   1    426   468
    2017   1   2   1   0   1    427   469
    2018   1   2   1   0   1    428   470
    2019   1   2   1   0   1    429   471
    2020   1   2   1   0   1    430   472
 
    ELEM MAT TYP REL ESY SEC        NODES
 
    2021   1   2   1   0   1    431   473
    2022   1   2   1   0   1    432   474
    2023   1   2   1   0   1    433   475
    2024   1   2   1   0   1    434   476
    2025   1   2   1   0   1    435   477
    2026   1   2   1   0   1    436   478
    2027   1   2   1   0   1    437   479
    2028   1   2   1   0   1    438   480
    2029   1   2   1   0   1    439   481
    2030   1   2   1   0   1    440   482
    2031   1   2   1   0   1    441   483
    2032   1   2   1   0   1    442   484
    2033   1   2   1   0   1    443   485
    2034   1   2   1   0   1    444   486
    2035   1   2   1   0   1    445   487
    2036   1   2   1   0   1    446   488
    2037   1   2   1   0   1    447   489
    2038   1   2   1   0   1    448   490
    2039   1   2   1   0   1    449   491
    2040   1   2   1   0   1    450   492
 
    ELEM MAT TYP REL ESY SEC        NODES
 
    2041   1   2   1   0   1    452   494
    2042   1   2   1   0   1    453   495
    2043   1   2   1   0   1    454   496
    2044   1   2   1   0   1    455   497
    2045   1   2   1   0   1    456   498
    2046   1   2   1   0   1    457   499
    2047   1   2   1   0   1    458   500
    2048   1   2   1   0   1    459   501
    2049   1   2   1   0   1    460   502
    2050   1   2   1   0   1    461   503
    2051   1   2   1   0   1    462   504
    2052   1   2   1   0   1    463   505
    2053   1   2   1   0   1    464   506
    2054   1   2   1   0   1    465   507
    2055   1   2   1   0   1    466   508
    2056   1   2   1   0   1    467   509
    2057   1   2   1   0   1    468   510
    2058   1   2   1   0   1    469   511
    2059   1   2   1   0   1    470   512
    2060   1   2   1   0   1    471   513
 
    ELEM MAT TYP REL ESY SEC        NODES
 
    2061   1   2   1   0   1    472   514
    2062   1   2   1   0   1    473   515
    2063   1   2   1   0   1    474   516
    2064   1   2   1   0   1    475   517
    2065   1   2   1   0   1    476   518
    2066   1   2   1   0   1    477   519
    2067   1   2   1   0   1    478   520
    2068   1   2   1   0   1    479   521
    2069   1   2   1   0   1    480   522
    2070   1   2   1   0   1    481   523
    2071   1   2   1   0   1    482   524
    2072   1   2   1   0   1    483   525
    2073   1   2   1   0   1    484   526
    2074   1   2   1   0   1    485   527
    2075   1   2   1   0   1    486   528
    2076   1   2   1   0   1    487   529
    2077   1   2   1   0   1    488   530
    2078   1   2   1   0   1    489   531
    2079   1   2   1   0   1    490   532
    2080   1   2   1   0   1    491   533
 
    ELEM MAT TYP REL ESY SEC        NODES
 
    2081   1   2   1   0   1    493   535
    2082   1   2   1   0   1    494   536
    2083   1   2   1   0   1    495   537
    2084   1   2   1   0   1    496   538
    2085   1   2   1   0   1    497   539
    2086   1   2   1   0   1    498   540
    2087   1   2   1   0   1    499   541
    2088   1   2   1   0   1    500   542
    2089   1   2   1   0   1    501   543
    2090   1   2   1   0   1    502   544
    2091   1   2   1   0   1    503   545
    2092   1   2   1   0   1    504   546
    2093   1   2   1   0   1    505   547
    2094   1   2   1   0   1    506   548
    2095   1   2   1   0   1    507   549
    2096   1   2   1   0   1    508   550
    2097   1   2   1   0   1    509   551
    2098   1   2   1   0   1    510   552
    2099   1   2   1   0   1    511   553
    2100   1   2   1   0   1    512   554
 
    ELEM MAT TYP REL ESY SEC        NODES
 
    2101   1   2   1   0   1    513   555
    2102   1   2   1   0   1    514   556
    2103   1   2   1   0   1    515   557
    2104   1   2   1   0   1    516   558
    2105   1   2   1   0   1    517   559
    2106   1   2   1   0   1    518   560
    2107   1   2   1   0   1    519   561
    2108   1   2   1   0   1    520   562
    2109   1   2   1   0   1    521   563
    2110   1   2   1   0   1    522   564
    2111   1   2   1   0   1    523   565
    2112   1   2   1   0   1    524   566
    2113   1   2   1   0   1    525   567
    2114   1   2   1   0   1    526   568
    2115   1   2   1   0   1    527   569
    2116   1   2   1   0   1    528   570
    2117   1   2   1   0   1    529   571
    2118   1   2   1   0   1    530   572
    2119   1   2   1   0   1    531   573
    2120   1   2   1   0   1    532   574
 
    ELEM MAT TYP REL ESY SEC        NODES
 
    2121   1   2   1   0   1    534   576
    2122   1   2   1   0   1    535   577
    2123   1   2   1   0   1    536   578
    2124   1   2   1   0   1    537   579
    2125   1   2   1   0   1    538   580
    2126   1   2   1   0   1    539   581
    2127   1   2   1   0   1    540   582
    2128   1   2   1   0   1    541   583
    2129   1   2   1   0   1    542   584
    2130   1   2   1   0   1    543   585
    2131   1   2   1   0   1    544   586
    2132   1   2   1   0   1    545   587
    2133   1   2   1   0   1    546   588
    2134   1   2   1   0   1    547   589
    2135   1   2   1   0   1    548   590
    2136   1   2   1   0   1    549   591
    2137   1   2   1   0   1    550   592
    2138   1   2   1   0   1    551   593
    2139   1   2   1   0   1    552   594
    2140   1   2   1   0   1    553   595
 
    ELEM MAT TYP REL ESY SEC        NODES
 
    2141   1   2   1   0   1    554   596
    2142   1   2   1   0   1    555   597
    2143   1   2   1   0   1    556   598
    2144   1   2   1   0   1    557   599
    2145   1   2   1   0   1    558   600
    2146   1   2   1   0   1    559   601
    2147   1   2   1   0   1    560   602
    2148   1   2   1   0   1    561   603
    2149   1   2   1   0   1    562   604
    2150   1   2   1   0   1    563   605
    2151   1   2   1   0   1    564   606
    2152   1   2   1   0   1    565   607
    2153   1   2   1   0   1    566   608
    2154   1   2   1   0   1    567   609
    2155   1   2   1   0   1    568   610
    2156   1   2   1   0   1    569   611
    2157   1   2   1   0   1    570   612
    2158   1   2   1   0   1    571   613
    2159   1   2   1   0   1    572   614
    2160   1   2   1   0   1    573   615
 
    ELEM MAT TYP REL ESY SEC        NODES
 
    2161   1   2   1   0   1    575   617
    2162   1   2   1   0   1    576   618
    2163   1   2   1   0   1    577   619
    2164   1   2   1   0   1    578   620
    2165   1   2   1   0   1    579   621
    2166   1   2   1   0   1    580   622
    2167   1   2   1   0   1    581   623
    2168   1   2   1   0   1    582   624
    2169   1   2   1   0   1    583   625
    2170   1   2   1   0   1    584   626
    2171   1   2   1   0   1    585   627
    2172   1   2   1   0   1    586   628
    2173   1   2   1   0   1    587   629
    2174   1   2   1   0   1    588   630
    2175   1   2   1   0   1    589   631
    2176   1   2   1   0   1    590   632
    2177   1   2   1   0   1    591   633
    2178   1   2   1   0   1    592   634
    2179   1   2   1   0   1    593   635
    2180   1   2   1   0   1    594   636
 
    ELEM MAT TYP REL ESY SEC        NODES
 
    2181   1   2   1   0   1    595   637
    2182   1   2   1   0   1    596   638
    2183   1   2   1   0   1    597   639
    2184   1   2   1   0   1    598   640
    2185   1   2   1   0   1    599   641
    2186   1   2   1   0   1    600   642
    2187   1   2   1   0   1    601   643
    2188   1   2   1   0   1    602   644
    2189   1   2   1   0   1    603   645
    2190   1   2   1   0   1    604   646
    2191   1   2   1   0   1    605   647
    2192   1   2   1   0   1    606   648
    2193   1   2   1   0   1    607   649
    2194   1   2   1   0   1    608   650
    2195   1   2   1   0   1    609   651
    2196   1   2   1   0   1    610   652
    2197   1   2   1   0   1    611   653
    2198   1   2   1   0   1    612   654
    2199   1   2   1   0   1    613   655
    2200   1   2   1   0   1    614   656
 
    ELEM MAT TYP REL ESY SEC        NODES
 
    2201   1   2   1   0   1    616   658
    2202   1   2   1   0   1    617   659
    2203   1   2   1   0   1    618   660
    2204   1   2   1   0   1    619   661
    2205   1   2   1   0   1    620   662
    2206   1   2   1   0   1    621   663
    2207   1   2   1   0   1    622   664
    2208   1   2   1   0   1    623   665
    2209   1   2   1   0   1    624   666
    2210   1   2   1   0   1    625   667
    2211   1   2   1   0   1    626   668
    2212   1   2   1   0   1    627   669
    2213   1   2   1   0   1    628   670
    2214   1   2   1   0   1    629   671
    2215   1   2   1   0   1    630   672
    2216   1   2   1   0   1    631   673
    2217   1   2   1   0   1    632   674
    2218   1   2   1   0   1    633   675
    2219   1   2   1   0   1    634   676
    2220   1   2   1   0   1    635   677
 
    ELEM MAT TYP REL ESY SEC        NODES
 
    2221   1   2   1   0   1    636   678
    2222   1   2   1   0   1    637   679
    2223   1   2   1   0   1    638   680
    2224   1   2   1   0   1    639   681
    2225   1   2   1   0   1    640   682
    2226   1   2   1   0   1    641   683
    2227   1   2   1   0   1    642   684
    2228   1   2   1   0   1    643   685
    2229   1   2   1   0   1    644   686
    2230   1   2   1   0   1    645   687
    2231   1   2   1   0   1    646   688
    2232   1   2   1   0   1    647   689
    2233   1   2   1   0   1    648   690
    2234   1   2   1   0   1    649   691
    2235   1   2   1   0   1    650   692
    2236   1   2   1   0   1    651   693
    2237   1   2   1   0   1    652   694
    2238   1   2   1   0   1    653   695
    2239   1   2   1   0   1    654   696
    2240   1   2   1   0   1    655   697
 
    ELEM MAT TYP REL ESY SEC        NODES
 
    2241   1   2   1   0   1    657   699
    2242   1   2   1   0   1    658   700
    2243   1   2   1   0   1    659   701
    2244   1   2   1   0   1    660   702
    2245   1   2   1   0   1    661   703
    2246   1   2   1   0   1    662   704
    2247   1   2   1   0   1    663   705
    2248   1   2   1   0   1    664   706
    2249   1   2   1   0   1    665   707
    2250   1   2   1   0   1    666   708
    2251   1   2   1   0   1    667   709
    2252   1   2   1   0   1    668   710
    2253   1   2   1   0   1    669   711
    2254   1   2   1   0   1    670   712
    2255   1   2   1   0   1    671   713
    2256   1   2   1   0   1    672   714
    2257   1   2   1   0   1    673   715
    2258   1   2   1   0   1    674   716
    2259   1   2   1   0   1    675   717
    2260   1   2   1   0   1    676   718
 
    ELEM MAT TYP REL ESY SEC        NODES
 
    2261   1   2   1   0   1    677   719
    2262   1   2   1   0   1    678   720
    2263   1   2   1   0   1    679   721
    2264   1   2   1   0   1    680   722
    2265   1   2   1   0   1    681   723
    2266   1   2   1   0   1    682   724
    2267   1   2   1   0   1    683   725
    2268   1   2   1   0   1    684   726
    2269   1   2   1   0   1    685   727
    2270   1   2   1   0   1    686   728
    2271   1   2   1   0   1    687   729
    2272   1   2   1   0   1    688   730
    2273   1   2   1   0   1    689   731
    2274   1   2   1   0   1    690   732
    2275   1   2   1   0   1    691   733
    2276   1   2   1   0   1    692   734
    2277   1   2   1   0   1    693   735
    2278   1   2   1   0   1    694   736
    2279   1   2   1   0   1    695   737
    2280   1   2   1   0   1    696   738
 
    ELEM MAT TYP REL ESY SEC        NODES
 
    2281   1   2   1   0   1    698   740
    2282   1   2   1   0   1    699   741
    2283   1   2   1   0   1    700   742
    2284   1   2   1   0   1    701   743
    2285   1   2   1   0   1    702   744
    2286   1   2   1   0   1    703   745
    2287   1   2   1   0   1    704   746
    2288   1   2   1   0   1    705   747
    2289   1   2   1   0   1    706   748
    2290   1   2   1   0   1    707   749
    2291   1   2   1   0   1    708   750
    2292   1   2   1   0   1    709   751
    2293   1   2   1   0   1    710   752
    2294   1   2   1   0   1    711   753
    2295   1   2   1   0   1    712   754
    2296   1   2   1   0   1    713   755
    2297   1   2   1   0   1    714   756
    2298   1   2   1   0   1    715   757
    2299   1   2   1   0   1    716   758
    2300   1   2   1   0   1    717   759
 
    ELEM MAT TYP REL ESY SEC        NODES
 
    2301   1   2   1   0   1    718   760
    2302   1   2   1   0   1    719   761
    2303   1   2   1   0   1    720   762
    2304   1   2   1   0   1    721   763
    2305   1   2   1   0   1    722   764
    2306   1   2   1   0   1    723   765
    2307   1   2   1   0   1    724   766
    2308   1   2   1   0   1    725   767
    2309   1   2   1   0   1    726   768
    2310   1   2   1   0   1    727   769
    2311   1   2   1   0   1    728   770
    2312   1   2   1   0   1    729   771
    2313   1   2   1   0   1    730   772
    2314   1   2   1   0   1    731   773
    2315   1   2   1   0   1    732   774
    2316   1   2   1   0   1    733   775
    2317   1   2   1   0   1    734   776
    2318   1   2   1   0   1    735   777
    2319   1   2   1   0   1    736   778
    2320   1   2   1   0   1    737   779
 
    ELEM MAT TYP REL ESY SEC        NODES
 
    2321   1   2   1   0   1    739   781
    2322   1   2   1   0   1    740   782
    2323   1   2   1   0   1    741   783
    2324   1   2   1   0   1    742   784
    2325   1   2   1   0   1    743   785
    2326   1   2   1   0   1    744   786
    2327   1   2   1   0   1    745   787
    2328   1   2   1   0   1    746   788
    2329   1   2   1   0   1    747   789
    2330   1   2   1   0   1    748   790
    2331   1   2   1   0   1    749   791
    2332   1   2   1   0   1    750   792
    2333   1   2   1   0   1    751   793
    2334   1   2   1   0   1    752   794
    2335   1   2   1   0   1    753   795
    2336   1   2   1   0   1    754   796
    2337   1   2   1   0   1    755   797
    2338   1   2   1   0   1    756   798
    2339   1   2   1   0   1    757   799
    2340   1   2   1   0   1    758   800
 
    ELEM MAT TYP REL ESY SEC        NODES
 
    2341   1   2   1   0   1    759   801
    2342   1   2   1   0   1    760   802
    2343   1   2   1   0   1    761   803
    2344   1   2   1   0   1    762   804
    2345   1   2   1   0   1    763   805
    2346   1   2   1   0   1    764   806
    2347   1   2   1   0   1    765   807
    2348   1   2   1   0   1    766   808
    2349   1   2   1   0   1    767   809
    2350   1   2   1   0   1    768   810
    2351   1   2   1   0   1    769   811
    2352   1   2   1   0   1    770   812
    2353   1   2   1   0   1    771   813
    2354   1   2   1   0   1    772   814
    2355   1   2   1   0   1    773   815
    2356   1   2   1   0   1    774   816
    2357   1   2   1   0   1    775   817
    2358   1   2   1   0   1    776   818
    2359   1   2   1   0   1    777   819
    2360   1   2   1   0   1    778   820
 
    ELEM MAT TYP REL ESY SEC        NODES
 
    2361   1   2   1   0   1    780   822
    2362   1   2   1   0   1    781   823
    2363   1   2   1   0   1    782   824
    2364   1   2   1   0   1    783   825
    2365   1   2   1   0   1    784   826
    2366   1   2   1   0   1    785   827
    2367   1   2   1   0   1    786   828
    2368   1   2   1   0   1    787   829
    2369   1   2   1   0   1    788   830
    2370   1   2   1   0   1    789   831
    2371   1   2   1   0   1    790   832
    2372   1   2   1   0   1    791   833
    2373   1   2   1   0   1    792   834
    2374   1   2   1   0   1    793   835
    2375   1   2   1   0   1    794   836
    2376   1   2   1   0   1    795   837
    2377   1   2   1   0   1    796   838
    2378   1   2   1   0   1    797   839
    2379   1   2   1   0   1    798   840
    2380   1   2   1   0   1    799   841
 
    ELEM MAT TYP REL ESY SEC        NODES
 
    2381   1   2   1   0   1    800   842
    2382   1   2   1   0   1    801   843
    2383   1   2   1   0   1    802   844
    2384   1   2   1   0   1    803   845
    2385   1   2   1   0   1    804   846
    2386   1   2   1   0   1    805   847
    2387   1   2   1   0   1    806   848
    2388   1   2   1   0   1    807   849
    2389   1   2   1   0   1    808   850
    2390   1   2   1   0   1    809   851
    2391   1   2   1   0   1    810   852
    2392   1   2   1   0   1    811   853
    2393   1   2   1   0   1    812   854
    2394   1   2   1   0   1    813   855
    2395   1   2   1   0   1    814   856
    2396   1   2   1   0   1    815   857
    2397   1   2   1   0   1    816   858
    2398   1   2   1   0   1    817   859
    2399   1   2   1   0   1    818   860
    2400   1   2   1   0   1    819   861
 
    ELEM MAT TYP REL ESY SEC        NODES
 
    2401   1   2   1   0   1    821   863
    2402   1   2   1   0   1    822   864
    2403   1   2   1   0   1    823   865
    2404   1   2   1   0   1    824   866
    2405   1   2   1   0   1    825   867
    2406   1   2   1   0   1    826   868
    2407   1   2   1   0   1    827   869
    2408   1   2   1   0   1    828   870
    2409   1   2   1   0   1    829   871
    2410   1   2   1   0   1    830   872
    2411   1   2   1   0   1    831   873
    2412   1   2   1   0   1    832   874
    2413   1   2   1   0   1    833   875
    2414   1   2   1   0   1    834   876
    2415   1   2   1   0   1    835   877
    2416   1   2   1   0   1    836   878
    2417   1   2   1   0   1    837   879
    2418   1   2   1   0   1    838   880
    2419   1   2   1   0   1    839   881
    2420   1   2   1   0   1    840   882
 
    ELEM MAT TYP REL ESY SEC        NODES
 
    2421   1   2   1   0   1    841   883
    2422   1   2   1   0   1    842   884
    2423   1   2   1   0   1    843   885
    2424   1   2   1   0   1    844   886
    2425   1   2   1   0   1    845   887
    2426   1   2   1   0   1    846   888
    2427   1   2   1   0   1    847   889
    2428   1   2   1   0   1    848   890
    2429   1   2   1   0   1    849   891
    2430   1   2   1   0   1    850   892
    2431   1   2   1   0   1    851   893
    2432   1   2   1   0   1    852   894
    2433   1   2   1   0   1    853   895
    2434   1   2   1   0   1    854   896
    2435   1   2   1   0   1    855   897
    2436   1   2   1   0   1    856   898
    2437   1   2   1   0   1    857   899
    2438   1   2   1   0   1    858   900
    2439   1   2   1   0   1    859   901
    2440   1   2   1   0   1    860   902
 
    ELEM MAT TYP REL ESY SEC        NODES
 
    2441   1   2   1   0   1    862   904
    2442   1   2   1   0   1    863   905
    2443   1   2   1   0   1    864   906
    2444   1   2   1   0   1    865   907
    2445   1   2   1   0   1    866   908
    2446   1   2   1   0   1    867   909
    2447   1   2   1   0   1    868   910
    2448   1   2   1   0   1    869   911
    2449   1   2   1   0   1    870   912
    2450   1   2   1   0   1    871   913
    2451   1   2   1   0   1    872   914
    2452   1   2   1   0   1    873   915
    2453   1   2   1   0   1    874   916
    2454   1   2   1   0   1    875   917
    2455   1   2   1   0   1    876   918
    2456   1   2   1   0   1    877   919
    2457   1   2   1   0   1    878   920
    2458   1   2   1   0   1    879   921
    2459   1   2   1   0   1    880   922
    2460   1   2   1   0   1    881   923
 
    ELEM MAT TYP REL ESY SEC        NODES
 
    2461   1   2   1   0   1    882   924
    2462   1   2   1   0   1    883   925
    2463   1   2   1   0   1    884   926
    2464   1   2   1   0   1    885   927
    2465   1   2   1   0   1    886   928
    2466   1   2   1   0   1    887   929
    2467   1   2   1   0   1    888   930
    2468   1   2   1   0   1    889   931
    2469   1   2   1   0   1    890   932
    2470   1   2   1   0   1    891   933
    2471   1   2   1   0   1    892   934
    2472   1   2   1   0   1    893   935
    2473   1   2   1   0   1    894   936
    2474   1   2   1   0   1    895   937
    2475   1   2   1   0   1    896   938
    2476   1   2   1   0   1    897   939
    2477   1   2   1   0   1    898   940
    2478   1   2   1   0   1    899   941
    2479   1   2   1   0   1    900   942
    2480   1   2   1   0   1    901   943
 
    ELEM MAT TYP REL ESY SEC        NODES
 
    2481   1   2   1   0   1    903   945
    2482   1   2   1   0   1    904   946
    2483   1   2   1   0   1    905   947
    2484   1   2   1   0   1    906   948
    2485   1   2   1   0   1    907   949
    2486   1   2   1   0   1    908   950
    2487   1   2   1   0   1    909   951
    2488   1   2   1   0   1    910   952
    2489   1   2   1   0   1    911   953
    2490   1   2   1   0   1    912   954
    2491   1   2   1   0   1    913   955
    2492   1   2   1   0   1    914   956
    2493   1   2   1   0   1    915   957
    2494   1   2   1   0   1    916   958
    2495   1   2   1   0   1    917   959
    2496   1   2   1   0   1    918   960
    2497   1   2   1   0   1    919   961
    2498   1   2   1   0   1    920   962
    2499   1   2   1   0   1    921   963
    2500   1   2   1   0   1    922   964
 
    ELEM MAT TYP REL ESY SEC        NODES
 
    2501   1   2   1   0   1    923   965
    2502   1   2   1   0   1    924   966
    2503   1   2   1   0   1    925   967
    2504   1   2   1   0   1    926   968
    2505   1   2   1   0   1    927   969
    2506   1   2   1   0   1    928   970
    2507   1   2   1   0   1    929   971
    2508   1   2   1   0   1    930   972
    2509   1   2   1   0   1    931   973
    2510   1   2   1   0   1    932   974
    2511   1   2   1   0   1    933   975
    2512   1   2   1   0   1    934   976
    2513   1   2   1   0   1    935   977
    2514   1   2   1   0   1    936   978
    2515   1   2   1   0   1    937   979
    2516   1   2   1   0   1    938   980
    2517   1   2   1   0   1    939   981
    2518   1   2   1   0   1    940   982
    2519   1   2   1   0   1    941   983
    2520   1   2   1   0   1    942   984
 
    ELEM MAT TYP REL ESY SEC        NODES
 
    2521   1   2   1   0   1    944   986
    2522   1   2   1   0   1    945   987
    2523   1   2   1   0   1    946   988
    2524   1   2   1   0   1    947   989
    2525   1   2   1   0   1    948   990
    2526   1   2   1   0   1    949   991
    2527   1   2   1   0   1    950   992
    2528   1   2   1   0   1    951   993
    2529   1   2   1   0   1    952   994
    2530   1   2   1   0   1    953   995
    2531   1   2   1   0   1    954   996
    2532   1   2   1   0   1    955   997
    2533   1   2   1   0   1    956   998
    2534   1   2   1   0   1    957   999
    2535   1   2   1   0   1    958  1000
    2536   1   2   1   0   1    959  1001
    2537   1   2   1   0   1    960  1002
    2538   1   2   1   0   1    961  1003
    2539   1   2   1   0   1    962  1004
    2540   1   2   1   0   1    963  1005
 
    ELEM MAT TYP REL ESY SEC        NODES
 
    2541   1   2   1   0   1    964  1006
    2542   1   2   1   0   1    965  1007
    2543   1   2   1   0   1    966  1008
    2544   1   2   1   0   1    967  1009
    2545   1   2   1   0   1    968  1010
    2546   1   2   1   0   1    969  1011
    2547   1   2   1   0   1    970  1012
    2548   1   2   1   0   1    971  1013
    2549   1   2   1   0   1    972  1014
    2550   1   2   1   0   1    973  1015
    2551   1   2   1   0   1    974  1016
    2552   1   2   1   0   1    975  1017
    2553   1   2   1   0   1    976  1018
    2554   1   2   1   0   1    977  1019
    2555   1   2   1   0   1    978  1020
    2556   1   2   1   0   1    979  1021
    2557   1   2   1   0   1    980  1022
    2558   1   2   1   0   1    981  1023
    2559   1   2   1   0   1    982  1024
    2560   1   2   1   0   1    983  1025
 
    ELEM MAT TYP REL ESY SEC        NODES
 
    2561   1   2   1   0   1    985  1027
    2562   1   2   1   0   1    986  1028
    2563   1   2   1   0   1    987  1029
    2564   1   2   1   0   1    988  1030
    2565   1   2   1   0   1    989  1031
    2566   1   2   1   0   1    990  1032
    2567   1   2   1   0   1    991  1033
    2568   1   2   1   0   1    992  1034
    2569   1   2   1   0   1    993  1035
    2570   1   2   1   0   1    994  1036
    2571   1   2   1   0   1    995  1037
    2572   1   2   1   0   1    996  1038
    2573   1   2   1   0   1    997  1039
    2574   1   2   1   0   1    998  1040
    2575   1   2   1   0   1    999  1041
    2576   1   2   1   0   1   1000  1042
    2577   1   2   1   0   1   1001  1043
    2578   1   2   1   0   1   1002  1044
    2579   1   2   1   0   1   1003  1045
    2580   1   2   1   0   1   1004  1046
 
    ELEM MAT TYP REL ESY SEC        NODES
 
    2581   1   2   1   0   1   1005  1047
    2582   1   2   1   0   1   1006  1048
    2583   1   2   1   0   1   1007  1049
    2584   1   2   1   0   1   1008  1050
    2585   1   2   1   0   1   1009  1051
    2586   1   2   1   0   1   1010  1052
    2587   1   2   1   0   1   1011  1053
    2588   1   2   1   0   1   1012  1054
    2589   1   2   1   0   1   1013  1055
    2590   1   2   1   0   1   1014  1056
    2591   1   2   1   0   1   1015  1057
    2592   1   2   1   0   1   1016  1058
    2593   1   2   1   0   1   1017  1059
    2594   1   2   1   0   1   1018  1060
    2595   1   2   1   0   1   1019  1061
    2596   1   2   1   0   1   1020  1062
    2597   1   2   1   0   1   1021  1063
    2598   1   2   1   0   1   1022  1064
    2599   1   2   1   0   1   1023  1065
    2600   1   2   1   0   1   1024  1066
 
    ELEM MAT TYP REL ESY SEC        NODES
 
    2601   1   2   1   0   1   1026  1068
    2602   1   2   1   0   1   1027  1069
    2603   1   2   1   0   1   1028  1070
    2604   1   2   1   0   1   1029  1071
    2605   1   2   1   0   1   1030  1072
    2606   1   2   1   0   1   1031  1073
    2607   1   2   1   0   1   1032  1074
    2608   1   2   1   0   1   1033  1075
    2609   1   2   1   0   1   1034  1076
    2610   1   2   1   0   1   1035  1077
    2611   1   2   1   0   1   1036  1078
    2612   1   2   1   0   1   1037  1079
    2613   1   2   1   0   1   1038  1080
    2614   1   2   1   0   1   1039  1081
    2615   1   2   1   0   1   1040  1082
    2616   1   2   1   0   1   1041  1083
    2617   1   2   1   0   1   1042  1084
    2618   1   2   1   0   1   1043  1085
    2619   1   2   1   0   1   1044  1086
    2620   1   2   1   0   1   1045  1087
 
    ELEM MAT TYP REL ESY SEC        NODES
 
    2621   1   2   1   0   1   1046  1088
    2622   1   2   1   0   1   1047  1089
    2623   1   2   1   0   1   1048  1090
    2624   1   2   1   0   1   1049  1091
    2625   1   2   1   0   1   1050  1092
    2626   1   2   1   0   1   1051  1093
    2627   1   2   1   0   1   1052  1094
    2628   1   2   1   0   1   1053  1095
    2629   1   2   1   0   1   1054  1096
    2630   1   2   1   0   1   1055  1097
    2631   1   2   1   0   1   1056  1098
    2632   1   2   1   0   1   1057  1099
    2633   1   2   1   0   1   1058  1100
    2634   1   2   1   0   1   1059  1101
    2635   1   2   1   0   1   1060  1102
    2636   1   2   1   0   1   1061  1103
    2637   1   2   1   0   1   1062  1104
    2638   1   2   1   0   1   1063  1105
    2639   1   2   1   0   1   1064  1106
    2640   1   2   1   0   1   1065  1107
 
    ELEM MAT TYP REL ESY SEC        NODES
 
    2641   1   2   1   0   1   1067  1109
    2642   1   2   1   0   1   1068  1110
    2643   1   2   1   0   1   1069  1111
    2644   1   2   1   0   1   1070  1112
    2645   1   2   1   0   1   1071  1113
    2646   1   2   1   0   1   1072  1114
    2647   1   2   1   0   1   1073  1115
    2648   1   2   1   0   1   1074  1116
    2649   1   2   1   0   1   1075  1117
    2650   1   2   1   0   1   1076  1118
    2651   1   2   1   0   1   1077  1119
    2652   1   2   1   0   1   1078  1120
    2653   1   2   1   0   1   1079  1121
    2654   1   2   1   0   1   1080  1122
    2655   1   2   1   0   1   1081  1123
    2656   1   2   1   0   1   1082  1124
    2657   1   2   1   0   1   1083  1125
    2658   1   2   1   0   1   1084  1126
    2659   1   2   1   0   1   1085  1127
    2660   1   2   1   0   1   1086  1128
 
    ELEM MAT TYP REL ESY SEC        NODES
 
    2661   1   2   1   0   1   1087  1129
    2662   1   2   1   0   1   1088  1130
    2663   1   2   1   0   1   1089  1131
    2664   1   2   1   0   1   1090  1132
    2665   1   2   1   0   1   1091  1133
    2666   1   2   1   0   1   1092  1134
    2667   1   2   1   0   1   1093  1135
    2668   1   2   1   0   1   1094  1136
    2669   1   2   1   0   1   1095  1137
    2670   1   2   1   0   1   1096  1138
    2671   1   2   1   0   1   1097  1139
    2672   1   2   1   0   1   1098  1140
    2673   1   2   1   0   1   1099  1141
    2674   1   2   1   0   1   1100  1142
    2675   1   2   1   0   1   1101  1143
    2676   1   2   1   0   1   1102  1144
    2677   1   2   1   0   1   1103  1145
    2678   1   2   1   0   1   1104  1146
    2679   1   2   1   0   1   1105  1147
    2680   1   2   1   0   1   1106  1148
 
    ELEM MAT TYP REL ESY SEC        NODES
 
    2681   1   2   1   0   1   1108  1150
    2682   1   2   1   0   1   1109  1151
    2683   1   2   1   0   1   1110  1152
    2684   1   2   1   0   1   1111  1153
    2685   1   2   1   0   1   1112  1154
    2686   1   2   1   0   1   1113  1155
    2687   1   2   1   0   1   1114  1156
    2688   1   2   1   0   1   1115  1157
    2689   1   2   1   0   1   1116  1158
    2690   1   2   1   0   1   1117  1159
    2691   1   2   1   0   1   1118  1160
    2692   1   2   1   0   1   1119  1161
    2693   1   2   1   0   1   1120  1162
    2694   1   2   1   0   1   1121  1163
    2695   1   2   1   0   1   1122  1164
    2696   1   2   1   0   1   1123  1165
    2697   1   2   1   0   1   1124  1166
    2698   1   2   1   0   1   1125  1167
    2699   1   2   1   0   1   1126  1168
    2700   1   2   1   0   1   1127  1169
 
    ELEM MAT TYP REL ESY SEC        NODES
 
    2701   1   2   1   0   1   1128  1170
    2702   1   2   1   0   1   1129  1171
    2703   1   2   1   0   1   1130  1172
    2704   1   2   1   0   1   1131  1173
    2705   1   2   1   0   1   1132  1174
    2706   1   2   1   0   1   1133  1175
    2707   1   2   1   0   1   1134  1176
    2708   1   2   1   0   1   1135  1177
    2709   1   2   1   0   1   1136  1178
    2710   1   2   1   0   1   1137  1179
    2711   1   2   1   0   1   1138  1180
    2712   1   2   1   0   1   1139  1181
    2713   1   2   1   0   1   1140  1182
    2714   1   2   1   0   1   1141  1183
    2715   1   2   1   0   1   1142  1184
    2716   1   2   1   0   1   1143  1185
    2717   1   2   1   0   1   1144  1186
    2718   1   2   1   0   1   1145  1187
    2719   1   2   1   0   1   1146  1188
    2720   1   2   1   0   1   1147  1189
 
    ELEM MAT TYP REL ESY SEC        NODES
 
    2721   1   2   1   0   1   1149  1191
    2722   1   2   1   0   1   1150  1192
    2723   1   2   1   0   1   1151  1193
    2724   1   2   1   0   1   1152  1194
    2725   1   2   1   0   1   1153  1195
    2726   1   2   1   0   1   1154  1196
    2727   1   2   1   0   1   1155  1197
    2728   1   2   1   0   1   1156  1198
    2729   1   2   1   0   1   1157  1199
    2730   1   2   1   0   1   1158  1200
    2731   1   2   1   0   1   1159  1201
    2732   1   2   1   0   1   1160  1202
    2733   1   2   1   0   1   1161  1203
    2734   1   2   1   0   1   1162  1204
    2735   1   2   1   0   1   1163  1205
    2736   1   2   1   0   1   1164  1206
    2737   1   2   1   0   1   1165  1207
    2738   1   2   1   0   1   1166  1208
    2739   1   2   1   0   1   1167  1209
    2740   1   2   1   0   1   1168  1210
 
    ELEM MAT TYP REL ESY SEC        NODES
 
    2741   1   2   1   0   1   1169  1211
    2742   1   2   1   0   1   1170  1212
    2743   1   2   1   0   1   1171  1213
    2744   1   2   1   0   1   1172  1214
    2745   1   2   1   0   1   1173  1215
    2746   1   2   1   0   1   1174  1216
    2747   1   2   1   0   1   1175  1217
    2748   1   2   1   0   1   1176  1218
    2749   1   2   1   0   1   1177  1219
    2750   1   2   1   0   1   1178  1220
    2751   1   2   1   0   1   1179  1221
    2752   1   2   1   0   1   1180  1222
    2753   1   2   1   0   1   1181  1223
    2754   1   2   1   0   1   1182  1224
    2755   1   2   1   0   1   1183  1225
    2756   1   2   1   0   1   1184  1226
    2757   1   2   1   0   1   1185  1227
    2758   1   2   1   0   1   1186  1228
    2759   1   2   1   0   1   1187  1229
    2760   1   2   1   0   1   1188  1230
 
    ELEM MAT TYP REL ESY SEC        NODES
 
    2761   1   2   1   0   1   1190  1232
    2762   1   2   1   0   1   1191  1233
    2763   1   2   1   0   1   1192  1234
    2764   1   2   1   0   1   1193  1235
    2765   1   2   1   0   1   1194  1236
    2766   1   2   1   0   1   1195  1237
    2767   1   2   1   0   1   1196  1238
    2768   1   2   1   0   1   1197  1239
    2769   1   2   1   0   1   1198  1240
    2770   1   2   1   0   1   1199  1241
    2771   1   2   1   0   1   1200  1242
    2772   1   2   1   0   1   1201  1243
    2773   1   2   1   0   1   1202  1244
    2774   1   2   1   0   1   1203  1245
    2775   1   2   1   0   1   1204  1246
    2776   1   2   1   0   1   1205  1247
    2777   1   2   1   0   1   1206  1248
    2778   1   2   1   0   1   1207  1249
    2779   1   2   1   0   1   1208  1250
    2780   1   2   1   0   1   1209  1251
 
    ELEM MAT TYP REL ESY SEC        NODES
 
    2781   1   2   1   0   1   1210  1252
    2782   1   2   1   0   1   1211  1253
    2783   1   2   1   0   1   1212  1254
    2784   1   2   1   0   1   1213  1255
    2785   1   2   1   0   1   1214  1256
    2786   1   2   1   0   1   1215  1257
    2787   1   2   1   0   1   1216  1258
    2788   1   2   1   0   1   1217  1259
    2789   1   2   1   0   1   1218  1260
    2790   1   2   1   0   1   1219  1261
    2791   1   2   1   0   1   1220  1262
    2792   1   2   1   0   1   1221  1263
    2793   1   2   1   0   1   1222  1264
    2794   1   2   1   0   1   1223  1265
    2795   1   2   1   0   1   1224  1266
    2796   1   2   1   0   1   1225  1267
    2797   1   2   1   0   1   1226  1268
    2798   1   2   1   0   1   1227  1269
    2799   1   2   1   0   1   1228  1270
    2800   1   2   1   0   1   1229  1271
 
    ELEM MAT TYP REL ESY SEC        NODES
 
    2801   1   2   1   0   1   1231  1273
    2802   1   2   1   0   1   1232  1274
    2803   1   2   1   0   1   1233  1275
    2804   1   2   1   0   1   1234  1276
    2805   1   2   1   0   1   1235  1277
    2806   1   2   1   0   1   1236  1278
    2807   1   2   1   0   1   1237  1279
    2808   1   2   1   0   1   1238  1280
    2809   1   2   1   0   1   1239  1281
    2810   1   2   1   0   1   1240  1282
    2811   1   2   1   0   1   1241  1283
    2812   1   2   1   0   1   1242  1284
    2813   1   2   1   0   1   1243  1285
    2814   1   2   1   0   1   1244  1286
    2815   1   2   1   0   1   1245  1287
    2816   1   2   1   0   1   1246  1288
    2817   1   2   1   0   1   1247  1289
    2818   1   2   1   0   1   1248  1290
    2819   1   2   1   0   1   1249  1291
    2820   1   2   1   0   1   1250  1292
 
    ELEM MAT TYP REL ESY SEC        NODES
 
    2821   1   2   1   0   1   1251  1293
    2822   1   2   1   0   1   1252  1294
    2823   1   2   1   0   1   1253  1295
    2824   1   2   1   0   1   1254  1296
    2825   1   2   1   0   1   1255  1297
    2826   1   2   1   0   1   1256  1298
    2827   1   2   1   0   1   1257  1299
    2828   1   2   1   0   1   1258  1300
    2829   1   2   1   0   1   1259  1301
    2830   1   2   1   0   1   1260  1302
    2831   1   2   1   0   1   1261  1303
    2832   1   2   1   0   1   1262  1304
    2833   1   2   1   0   1   1263  1305
    2834   1   2   1   0   1   1264  1306
    2835   1   2   1   0   1   1265  1307
    2836   1   2   1   0   1   1266  1308
    2837   1   2   1   0   1   1267  1309
    2838   1   2   1   0   1   1268  1310
    2839   1   2   1   0   1   1269  1311
    2840   1   2   1   0   1   1270  1312
 
    ELEM MAT TYP REL ESY SEC        NODES
 
    2841   1   2   1   0   1   1272  1314
    2842   1   2   1   0   1   1273  1315
    2843   1   2   1   0   1   1274  1316
    2844   1   2   1   0   1   1275  1317
    2845   1   2   1   0   1   1276  1318
    2846   1   2   1   0   1   1277  1319
    2847   1   2   1   0   1   1278  1320
    2848   1   2   1   0   1   1279  1321
    2849   1   2   1   0   1   1280  1322
    2850   1   2   1   0   1   1281  1323
    2851   1   2   1   0   1   1282  1324
    2852   1   2   1   0   1   1283  1325
    2853   1   2   1   0   1   1284  1326
    2854   1   2   1   0   1   1285  1327
    2855   1   2   1   0   1   1286  1328
    2856   1   2   1   0   1   1287  1329
    2857   1   2   1   0   1   1288  1330
    2858   1   2   1   0   1   1289  1331
    2859   1   2   1   0   1   1290  1332
    2860   1   2   1   0   1   1291  1333
 
    ELEM MAT TYP REL ESY SEC        NODES
 
    2861   1   2   1   0   1   1292  1334
    2862   1   2   1   0   1   1293  1335
    2863   1   2   1   0   1   1294  1336
    2864   1   2   1   0   1   1295  1337
    2865   1   2   1   0   1   1296  1338
    2866   1   2   1   0   1   1297  1339
    2867   1   2   1   0   1   1298  1340
    2868   1   2   1   0   1   1299  1341
    2869   1   2   1   0   1   1300  1342
    2870   1   2   1   0   1   1301  1343
    2871   1   2   1   0   1   1302  1344
    2872   1   2   1   0   1   1303  1345
    2873   1   2   1   0   1   1304  1346
    2874   1   2   1   0   1   1305  1347
    2875   1   2   1   0   1   1306  1348
    2876   1   2   1   0   1   1307  1349
    2877   1   2   1   0   1   1308  1350
    2878   1   2   1   0   1   1309  1351
    2879   1   2   1   0   1   1310  1352
    2880   1   2   1   0   1   1311  1353
 
    ELEM MAT TYP REL ESY SEC        NODES
 
    2881   1   2   1   0   1   1313  1355
    2882   1   2   1   0   1   1314  1356
    2883   1   2   1   0   1   1315  1357
    2884   1   2   1   0   1   1316  1358
    2885   1   2   1   0   1   1317  1359
    2886   1   2   1   0   1   1318  1360
    2887   1   2   1   0   1   1319  1361
    2888   1   2   1   0   1   1320  1362
    2889   1   2   1   0   1   1321  1363
    2890   1   2   1   0   1   1322  1364
    2891   1   2   1   0   1   1323  1365
    2892   1   2   1   0   1   1324  1366
    2893   1   2   1   0   1   1325  1367
    2894   1   2   1   0   1   1326  1368
    2895   1   2   1   0   1   1327  1369
    2896   1   2   1   0   1   1328  1370
    2897   1   2   1   0   1   1329  1371
    2898   1   2   1   0   1   1330  1372
    2899   1   2   1   0   1   1331  1373
    2900   1   2   1   0   1   1332  1374
 
    ELEM MAT TYP REL ESY SEC        NODES
 
    2901   1   2   1   0   1   1333  1375
    2902   1   2   1   0   1   1334  1376
    2903   1   2   1   0   1   1335  1377
    2904   1   2   1   0   1   1336  1378
    2905   1   2   1   0   1   1337  1379
    2906   1   2   1   0   1   1338  1380
    2907   1   2   1   0   1   1339  1381
    2908   1   2   1   0   1   1340  1382
    2909   1   2   1   0   1   1341  1383
    2910   1   2   1   0   1   1342  1384
    2911   1   2   1   0   1   1343  1385
    2912   1   2   1   0   1   1344  1386
    2913   1   2   1   0   1   1345  1387
    2914   1   2   1   0   1   1346  1388
    2915   1   2   1   0   1   1347  1389
    2916   1   2   1   0   1   1348  1390
    2917   1   2   1   0   1   1349  1391
    2918   1   2   1   0   1   1350  1392
    2919   1   2   1   0   1   1351  1393
    2920   1   2   1   0   1   1352  1394
 
    ELEM MAT TYP REL ESY SEC        NODES
 
    2921   1   2   1   0   1   1354  1396
    2922   1   2   1   0   1   1355  1397
    2923   1   2   1   0   1   1356  1398
    2924   1   2   1   0   1   1357  1399
    2925   1   2   1   0   1   1358  1400
    2926   1   2   1   0   1   1359  1401
    2927   1   2   1   0   1   1360  1402
    2928   1   2   1   0   1   1361  1403
    2929   1   2   1   0   1   1362  1404
    2930   1   2   1   0   1   1363  1405
    2931   1   2   1   0   1   1364  1406
    2932   1   2   1   0   1   1365  1407
    2933   1   2   1   0   1   1366  1408
    2934   1   2   1   0   1   1367  1409
    2935   1   2   1   0   1   1368  1410
    2936   1   2   1   0   1   1369  1411
    2937   1   2   1   0   1   1370  1412
    2938   1   2   1   0   1   1371  1413
    2939   1   2   1   0   1   1372  1414
    2940   1   2   1   0   1   1373  1415
 
    ELEM MAT TYP REL ESY SEC        NODES
 
    2941   1   2   1   0   1   1374  1416
    2942   1   2   1   0   1   1375  1417
    2943   1   2   1   0   1   1376  1418
    2944   1   2   1   0   1   1377  1419
    2945   1   2   1   0   1   1378  1420
    2946   1   2   1   0   1   1379  1421
    2947   1   2   1   0   1   1380  1422
    2948   1   2   1   0   1   1381  1423
    2949   1   2   1   0   1   1382  1424
    2950   1   2   1   0   1   1383  1425
    2951   1   2   1   0   1   1384  1426
    2952   1   2   1   0   1   1385  1427
    2953   1   2   1   0   1   1386  1428
    2954   1   2   1   0   1   1387  1429
    2955   1   2   1   0   1   1388  1430
    2956   1   2   1   0   1   1389  1431
    2957   1   2   1   0   1   1390  1432
    2958   1   2   1   0   1   1391  1433
    2959   1   2   1   0   1   1392  1434
    2960   1   2   1   0   1   1393  1435
 
    ELEM MAT TYP REL ESY SEC        NODES
 
    2961   1   2   1   0   1   1395  1437
    2962   1   2   1   0   1   1396  1438
    2963   1   2   1   0   1   1397  1439
    2964   1   2   1   0   1   1398  1440
    2965   1   2   1   0   1   1399  1441
    2966   1   2   1   0   1   1400  1442
    2967   1   2   1   0   1   1401  1443
    2968   1   2   1   0   1   1402  1444
    2969   1   2   1   0   1   1403  1445
    2970   1   2   1   0   1   1404  1446
    2971   1   2   1   0   1   1405  1447
    2972   1   2   1   0   1   1406  1448
    2973   1   2   1   0   1   1407  1449
    2974   1   2   1   0   1   1408  1450
    2975   1   2   1   0   1   1409  1451
    2976   1   2   1   0   1   1410  1452
    2977   1   2   1   0   1   1411  1453
    2978   1   2   1   0   1   1412  1454
    2979   1   2   1   0   1   1413  1455
    2980   1   2   1   0   1   1414  1456
 
    ELEM MAT TYP REL ESY SEC        NODES
 
    2981   1   2   1   0   1   1415  1457
    2982   1   2   1   0   1   1416  1458
    2983   1   2   1   0   1   1417  1459
    2984   1   2   1   0   1   1418  1460
    2985   1   2   1   0   1   1419  1461
    2986   1   2   1   0   1   1420  1462
    2987   1   2   1   0   1   1421  1463
    2988   1   2   1   0   1   1422  1464
    2989   1   2   1   0   1   1423  1465
    2990   1   2   1   0   1   1424  1466
    2991   1   2   1   0   1   1425  1467
    2992   1   2   1   0   1   1426  1468
    2993   1   2   1   0   1   1427  1469
    2994   1   2   1   0   1   1428  1470
    2995   1   2   1   0   1   1429  1471
    2996   1   2   1   0   1   1430  1472
    2997   1   2   1   0   1   1431  1473
    2998   1   2   1   0   1   1432  1474
    2999   1   2   1   0   1   1433  1475
    3000   1   2   1   0   1   1434  1476
 
    ELEM MAT TYP REL ESY SEC        NODES
 
    3001   1   2   1   0   1   1436  1478
    3002   1   2   1   0   1   1437  1479
    3003   1   2   1   0   1   1438  1480
    3004   1   2   1   0   1   1439  1481
    3005   1   2   1   0   1   1440  1482
    3006   1   2   1   0   1   1441  1483
    3007   1   2   1   0   1   1442  1484
    3008   1   2   1   0   1   1443  1485
    3009   1   2   1   0   1   1444  1486
    3010   1   2   1   0   1   1445  1487
    3011   1   2   1   0   1   1446  1488
    3012   1   2   1   0   1   1447  1489
    3013   1   2   1   0   1   1448  1490
    3014   1   2   1   0   1   1449  1491
    3015   1   2   1   0   1   1450  1492
    3016   1   2   1   0   1   1451  1493
    3017   1   2   1   0   1   1452  1494
    3018   1   2   1   0   1   1453  1495
    3019   1   2   1   0   1   1454  1496
    3020   1   2   1   0   1   1455  1497
 
    ELEM MAT TYP REL ESY SEC        NODES
 
    3021   1   2   1   0   1   1456  1498
    3022   1   2   1   0   1   1457  1499
    3023   1   2   1   0   1   1458  1500
    3024   1   2   1   0   1   1459  1501
    3025   1   2   1   0   1   1460  1502
    3026   1   2   1   0   1   1461  1503
    3027   1   2   1   0   1   1462  1504
    3028   1   2   1   0   1   1463  1505
    3029   1   2   1   0   1   1464  1506
    3030   1   2   1   0   1   1465  1507
    3031   1   2   1   0   1   1466  1508
    3032   1   2   1   0   1   1467  1509
    3033   1   2   1   0   1   1468  1510
    3034   1   2   1   0   1   1469  1511
    3035   1   2   1   0   1   1470  1512
    3036   1   2   1   0   1   1471  1513
    3037   1   2   1   0   1   1472  1514
    3038   1   2   1   0   1   1473  1515
    3039   1   2   1   0   1   1474  1516
    3040   1   2   1   0   1   1475  1517
 
    ELEM MAT TYP REL ESY SEC        NODES
 
    3041   1   2   1   0   1   1477  1519
    3042   1   2   1   0   1   1478  1520
    3043   1   2   1   0   1   1479  1521
    3044   1   2   1   0   1   1480  1522
    3045   1   2   1   0   1   1481  1523
    3046   1   2   1   0   1   1482  1524
    3047   1   2   1   0   1   1483  1525
    3048   1   2   1   0   1   1484  1526
    3049   1   2   1   0   1   1485  1527
    3050   1   2   1   0   1   1486  1528
    3051   1   2   1   0   1   1487  1529
    3052   1   2   1   0   1   1488  1530
    3053   1   2   1   0   1   1489  1531
    3054   1   2   1   0   1   1490  1532
    3055   1   2   1   0   1   1491  1533
    3056   1   2   1   0   1   1492  1534
    3057   1   2   1   0   1   1493  1535
    3058   1   2   1   0   1   1494  1536
    3059   1   2   1   0   1   1495  1537
    3060   1   2   1   0   1   1496  1538
 
    ELEM MAT TYP REL ESY SEC        NODES
 
    3061   1   2   1   0   1   1497  1539
    3062   1   2   1   0   1   1498  1540
    3063   1   2   1   0   1   1499  1541
    3064   1   2   1   0   1   1500  1542
    3065   1   2   1   0   1   1501  1543
    3066   1   2   1   0   1   1502  1544
    3067   1   2   1   0   1   1503  1545
    3068   1   2   1   0   1   1504  1546
    3069   1   2   1   0   1   1505  1547
    3070   1   2   1   0   1   1506  1548
    3071   1   2   1   0   1   1507  1549
    3072   1   2   1   0   1   1508  1550
    3073   1   2   1   0   1   1509  1551
    3074   1   2   1   0   1   1510  1552
    3075   1   2   1   0   1   1511  1553
    3076   1   2   1   0   1   1512  1554
    3077   1   2   1   0   1   1513  1555
    3078   1   2   1   0   1   1514  1556
    3079   1   2   1   0   1   1515  1557
    3080   1   2   1   0   1   1516  1558
 
    ELEM MAT TYP REL ESY SEC        NODES
 
    3081   1   2   1   0   1   1518  1560
    3082   1   2   1   0   1   1519  1561
    3083   1   2   1   0   1   1520  1562
    3084   1   2   1   0   1   1521  1563
    3085   1   2   1   0   1   1522  1564
    3086   1   2   1   0   1   1523  1565
    3087   1   2   1   0   1   1524  1566
    3088   1   2   1   0   1   1525  1567
    3089   1   2   1   0   1   1526  1568
    3090   1   2   1   0   1   1527  1569
    3091   1   2   1   0   1   1528  1570
    3092   1   2   1   0   1   1529  1571
    3093   1   2   1   0   1   1530  1572
    3094   1   2   1   0   1   1531  1573
    3095   1   2   1   0   1   1532  1574
    3096   1   2   1   0   1   1533  1575
    3097   1   2   1   0   1   1534  1576
    3098   1   2   1   0   1   1535  1577
    3099   1   2   1   0   1   1536  1578
    3100   1   2   1   0   1   1537  1579
 
    ELEM MAT TYP REL ESY SEC        NODES
 
    3101   1   2   1   0   1   1538  1580
    3102   1   2   1   0   1   1539  1581
    3103   1   2   1   0   1   1540  1582
    3104   1   2   1   0   1   1541  1583
    3105   1   2   1   0   1   1542  1584
    3106   1   2   1   0   1   1543  1585
    3107   1   2   1   0   1   1544  1586
    3108   1   2   1   0   1   1545  1587
    3109   1   2   1   0   1   1546  1588
    3110   1   2   1   0   1   1547  1589
    3111   1   2   1   0   1   1548  1590
    3112   1   2   1   0   1   1549  1591
    3113   1   2   1   0   1   1550  1592
    3114   1   2   1   0   1   1551  1593
    3115   1   2   1   0   1   1552  1594
    3116   1   2   1   0   1   1553  1595
    3117   1   2   1   0   1   1554  1596
    3118   1   2   1   0   1   1555  1597
    3119   1   2   1   0   1   1556  1598
    3120   1   2   1   0   1   1557  1599
 
    ELEM MAT TYP REL ESY SEC        NODES
 
    3121   1   2   1   0   1   1559  1601
    3122   1   2   1   0   1   1560  1602
    3123   1   2   1   0   1   1561  1603
    3124   1   2   1   0   1   1562  1604
    3125   1   2   1   0   1   1563  1605
    3126   1   2   1   0   1   1564  1606
    3127   1   2   1   0   1   1565  1607
    3128   1   2   1   0   1   1566  1608
    3129   1   2   1   0   1   1567  1609
    3130   1   2   1   0   1   1568  1610
    3131   1   2   1   0   1   1569  1611
    3132   1   2   1   0   1   1570  1612
    3133   1   2   1   0   1   1571  1613
    3134   1   2   1   0   1   1572  1614
    3135   1   2   1   0   1   1573  1615
    3136   1   2   1   0   1   1574  1616
    3137   1   2   1   0   1   1575  1617
    3138   1   2   1   0   1   1576  1618
    3139   1   2   1   0   1   1577  1619
    3140   1   2   1   0   1   1578  1620
 
    ELEM MAT TYP REL ESY SEC        NODES
 
    3141   1   2   1   0   1   1579  1621
    3142   1   2   1   0   1   1580  1622
    3143   1   2   1   0   1   1581  1623
    3144   1   2   1   0   1   1582  1624
    3145   1   2   1   0   1   1583  1625
    3146   1   2   1   0   1   1584  1626
    3147   1   2   1   0   1   1585  1627
    3148   1   2   1   0   1   1586  1628
    3149   1   2   1   0   1   1587  1629
    3150   1   2   1   0   1   1588  1630
    3151   1   2   1   0   1   1589  1631
    3152   1   2   1   0   1   1590  1632
    3153   1   2   1   0   1   1591  1633
    3154   1   2   1   0   1   1592  1634
    3155   1   2   1   0   1   1593  1635
    3156   1   2   1   0   1   1594  1636
    3157   1   2   1   0   1   1595  1637
    3158   1   2   1   0   1   1596  1638
    3159   1   2   1   0   1   1597  1639
    3160   1   2   1   0   1   1598  1640
 
    ELEM MAT TYP REL ESY SEC        NODES
 
    3161   1   2   1   0   1   1600  1642
    3162   1   2   1   0   1   1601  1643
    3163   1   2   1   0   1   1602  1644
    3164   1   2   1   0   1   1603  1645
    3165   1   2   1   0   1   1604  1646
    3166   1   2   1   0   1   1605  1647
    3167   1   2   1   0   1   1606  1648
    3168   1   2   1   0   1   1607  1649
    3169   1   2   1   0   1   1608  1650
    3170   1   2   1   0   1   1609  1651
    3171   1   2   1   0   1   1610  1652
    3172   1   2   1   0   1   1611  1653
    3173   1   2   1   0   1   1612  1654
    3174   1   2   1   0   1   1613  1655
    3175   1   2   1   0   1   1614  1656
    3176   1   2   1   0   1   1615  1657
    3177   1   2   1   0   1   1616  1658
    3178   1   2   1   0   1   1617  1659
    3179   1   2   1   0   1   1618  1660
    3180   1   2   1   0   1   1619  1661
 
    ELEM MAT TYP REL ESY SEC        NODES
 
    3181   1   2   1   0   1   1620  1662
    3182   1   2   1   0   1   1621  1663
    3183   1   2   1   0   1   1622  1664
    3184   1   2   1   0   1   1623  1665
    3185   1   2   1   0   1   1624  1666
    3186   1   2   1   0   1   1625  1667
    3187   1   2   1   0   1   1626  1668
    3188   1   2   1   0   1   1627  1669
    3189   1   2   1   0   1   1628  1670
    3190   1   2   1   0   1   1629  1671
    3191   1   2   1   0   1   1630  1672
    3192   1   2   1   0   1   1631  1673
    3193   1   2   1   0   1   1632  1674
    3194   1   2   1   0   1   1633  1675
    3195   1   2   1   0   1   1634  1676
    3196   1   2   1   0   1   1635  1677
    3197   1   2   1   0   1   1636  1678
    3198   1   2   1   0   1   1637  1679
    3199   1   2   1   0   1   1638  1680
    3200   1   2   1   0   1   1639  1681
 
    ELEM MAT TYP REL ESY SEC        NODES
 
    3201   1   2   1   0   1      2    42
    3202   1   2   1   0   1      3    43
    3203   1   2   1   0   1      4    44
    3204   1   2   1   0   1      5    45
    3205   1   2   1   0   1      6    46
    3206   1   2   1   0   1      7    47
    3207   1   2   1   0   1      8    48
    3208   1   2   1   0   1      9    49
    3209   1   2   1   0   1     10    50
    3210   1   2   1   0   1     11    51
    3211   1   2   1   0   1     12    52
    3212   1   2   1   0   1     13    53
    3213   1   2   1   0   1     14    54
    3214   1   2   1   0   1     15    55
    3215   1   2   1   0   1     16    56
    3216   1   2   1   0   1     17    57
    3217   1   2   1   0   1     18    58
    3218   1   2   1   0   1     19    59
    3219   1   2   1   0   1     20    60
    3220   1   2   1   0   1     21    61
 
    ELEM MAT TYP REL ESY SEC        NODES
 
    3221   1   2   1   0   1     22    62
    3222   1   2   1   0   1     23    63
    3223   1   2   1   0   1     24    64
    3224   1   2   1   0   1     25    65
    3225   1   2   1   0   1     26    66
    3226   1   2   1   0   1     27    67
    3227   1   2   1   0   1     28    68
    3228   1   2   1   0   1     29    69
    3229   1   2   1   0   1     30    70
    3230   1   2   1   0   1     31    71
    3231   1   2   1   0   1     32    72
    3232   1   2   1   0   1     33    73
    3233   1   2   1   0   1     34    74
    3234   1   2   1   0   1     35    75
    3235   1   2   1   0   1     36    76
    3236   1   2   1   0   1     37    77
    3237   1   2   1   0   1     38    78
    3238   1   2   1   0   1     39    79
    3239   1   2   1   0   1     40    80
    3240   1   2   1   0   1     41    81
 
    ELEM MAT TYP REL ESY SEC        NODES
 
    3241   1   2   1   0   1     43    83
    3242   1   2   1   0   1     44    84
    3243   1   2   1   0   1     45    85
    3244   1   2   1   0   1     46    86
    3245   1   2   1   0   1     47    87
    3246   1   2   1   0   1     48    88
    3247   1   2   1   0   1     49    89
    3248   1   2   1   0   1     50    90
    3249   1   2   1   0   1     51    91
    3250   1   2   1   0   1     52    92
    3251   1   2   1   0   1     53    93
    3252   1   2   1   0   1     54    94
    3253   1   2   1   0   1     55    95
    3254   1   2   1   0   1     56    96
    3255   1   2   1   0   1     57    97
    3256   1   2   1   0   1     58    98
    3257   1   2   1   0   1     59    99
    3258   1   2   1   0   1     60   100
    3259   1   2   1   0   1     61   101
    3260   1   2   1   0   1     62   102
 
    ELEM MAT TYP REL ESY SEC        NODES
 
    3261   1   2   1   0   1     63   103
    3262   1   2   1   0   1     64   104
    3263   1   2   1   0   1     65   105
    3264   1   2   1   0   1     66   106
    3265   1   2   1   0   1     67   107
    3266   1   2   1   0   1     68   108
    3267   1   2   1   0   1     69   109
    3268   1   2   1   0   1     70   110
    3269   1   2   1   0   1     71   111
    3270   1   2   1   0   1     72   112
    3271   1   2   1   0   1     73   113
    3272   1   2   1   0   1     74   114
    3273   1   2   1   0   1     75   115
    3274   1   2   1   0   1     76   116
    3275   1   2   1   0   1     77   117
    3276   1   2   1   0   1     78   118
    3277   1   2   1   0   1     79   119
    3278   1   2   1   0   1     80   120
    3279   1   2   1   0   1     81   121
    3280   1   2   1   0   1     82   122
 
    ELEM MAT TYP REL ESY SEC        NODES
 
    3281   1   2   1   0   1     84   124
    3282   1   2   1   0   1     85   125
    3283   1   2   1   0   1     86   126
    3284   1   2   1   0   1     87   127
    3285   1   2   1   0   1     88   128
    3286   1   2   1   0   1     89   129
    3287   1   2   1   0   1     90   130
    3288   1   2   1   0   1     91   131
    3289   1   2   1   0   1     92   132
    3290   1   2   1   0   1     93   133
    3291   1   2   1   0   1     94   134
    3292   1   2   1   0   1     95   135
    3293   1   2   1   0   1     96   136
    3294   1   2   1   0   1     97   137
    3295   1   2   1   0   1     98   138
    3296   1   2   1   0   1     99   139
    3297   1   2   1   0   1    100   140
    3298   1   2   1   0   1    101   141
    3299   1   2   1   0   1    102   142
    3300   1   2   1   0   1    103   143
 
    ELEM MAT TYP REL ESY SEC        NODES
 
    3301   1   2   1   0   1    104   144
    3302   1   2   1   0   1    105   145
    3303   1   2   1   0   1    106   146
    3304   1   2   1   0   1    107   147
    3305   1   2   1   0   1    108   148
    3306   1   2   1   0   1    109   149
    3307   1   2   1   0   1    110   150
    3308   1   2   1   0   1    111   151
    3309   1   2   1   0   1    112   152
    3310   1   2   1   0   1    113   153
    3311   1   2   1   0   1    114   154
    3312   1   2   1   0   1    115   155
    3313   1   2   1   0   1    116   156
    3314   1   2   1   0   1    117   157
    3315   1   2   1   0   1    118   158
    3316   1   2   1   0   1    119   159
    3317   1   2   1   0   1    120   160
    3318   1   2   1   0   1    121   161
    3319   1   2   1   0   1    122   162
    3320   1   2   1   0   1    123   163
 
    ELEM MAT TYP REL ESY SEC        NODES
 
    3321   1   2   1   0   1    125   165
    3322   1   2   1   0   1    126   166
    3323   1   2   1   0   1    127   167
    3324   1   2   1   0   1    128   168
    3325   1   2   1   0   1    129   169
    3326   1   2   1   0   1    130   170
    3327   1   2   1   0   1    131   171
    3328   1   2   1   0   1    132   172
    3329   1   2   1   0   1    133   173
    3330   1   2   1   0   1    134   174
    3331   1   2   1   0   1    135   175
    3332   1   2   1   0   1    136   176
    3333   1   2   1   0   1    137   177
    3334   1   2   1   0   1    138   178
    3335   1   2   1   0   1    139   179
    3336   1   2   1   0   1    140   180
    3337   1   2   1   0   1    141   181
    3338   1   2   1   0   1    142   182
    3339   1   2   1   0   1    143   183
    3340   1   2   1   0   1    144   184
 
    ELEM MAT TYP REL ESY SEC        NODES
 
    3341   1   2   1   0   1    145   185
    3342   1   2   1   0   1    146   186
    3343   1   2   1   0   1    147   187
    3344   1   2   1   0   1    148   188
    3345   1   2   1   0   1    149   189
    3346   1   2   1   0   1    150   190
    3347   1   2   1   0   1    151   191
    3348   1   2   1   0   1    152   192
    3349   1   2   1   0   1    153   193
    3350   1   2   1   0   1    154   194
    3351   1   2   1   0   1    155   195
    3352   1   2   1   0   1    156   196
    3353   1   2   1   0   1    157   197
    3354   1   2   1   0   1    158   198
    3355   1   2   1   0   1    159   199
    3356   1   2   1   0   1    160   200
    3357   1   2   1   0   1    161   201
    3358   1   2   1   0   1    162   202
    3359   1   2   1   0   1    163   203
    3360   1   2   1   0   1    164   204
 
    ELEM MAT TYP REL ESY SEC        NODES
 
    3361   1   2   1   0   1    166   206
    3362   1   2   1   0   1    167   207
    3363   1   2   1   0   1    168   208
    3364   1   2   1   0   1    169   209
    3365   1   2   1   0   1    170   210
    3366   1   2   1   0   1    171   211
    3367   1   2   1   0   1    172   212
    3368   1   2   1   0   1    173   213
    3369   1   2   1   0   1    174   214
    3370   1   2   1   0   1    175   215
    3371   1   2   1   0   1    176   216
    3372   1   2   1   0   1    177   217
    3373   1   2   1   0   1    178   218
    3374   1   2   1   0   1    179   219
    3375   1   2   1   0   1    180   220
    3376   1   2   1   0   1    181   221
    3377   1   2   1   0   1    182   222
    3378   1   2   1   0   1    183   223
    3379   1   2   1   0   1    184   224
    3380   1   2   1   0   1    185   225
 
    ELEM MAT TYP REL ESY SEC        NODES
 
    3381   1   2   1   0   1    186   226
    3382   1   2   1   0   1    187   227
    3383   1   2   1   0   1    188   228
    3384   1   2   1   0   1    189   229
    3385   1   2   1   0   1    190   230
    3386   1   2   1   0   1    191   231
    3387   1   2   1   0   1    192   232
    3388   1   2   1   0   1    193   233
    3389   1   2   1   0   1    194   234
    3390   1   2   1   0   1    195   235
    3391   1   2   1   0   1    196   236
    3392   1   2   1   0   1    197   237
    3393   1   2   1   0   1    198   238
    3394   1   2   1   0   1    199   239
    3395   1   2   1   0   1    200   240
    3396   1   2   1   0   1    201   241
    3397   1   2   1   0   1    202   242
    3398   1   2   1   0   1    203   243
    3399   1   2   1   0   1    204   244
    3400   1   2   1   0   1    205   245
 
    ELEM MAT TYP REL ESY SEC        NODES
 
    3401   1   2   1   0   1    207   247
    3402   1   2   1   0   1    208   248
    3403   1   2   1   0   1    209   249
    3404   1   2   1   0   1    210   250
    3405   1   2   1   0   1    211   251
    3406   1   2   1   0   1    212   252
    3407   1   2   1   0   1    213   253
    3408   1   2   1   0   1    214   254
    3409   1   2   1   0   1    215   255
    3410   1   2   1   0   1    216   256
    3411   1   2   1   0   1    217   257
    3412   1   2   1   0   1    218   258
    3413   1   2   1   0   1    219   259
    3414   1   2   1   0   1    220   260
    3415   1   2   1   0   1    221   261
    3416   1   2   1   0   1    222   262
    3417   1   2   1   0   1    223   263
    3418   1   2   1   0   1    224   264
    3419   1   2   1   0   1    225   265
    3420   1   2   1   0   1    226   266
 
    ELEM MAT TYP REL ESY SEC        NODES
 
    3421   1   2   1   0   1    227   267
    3422   1   2   1   0   1    228   268
    3423   1   2   1   0   1    229   269
    3424   1   2   1   0   1    230   270
    3425   1   2   1   0   1    231   271
    3426   1   2   1   0   1    232   272
    3427   1   2   1   0   1    233   273
    3428   1   2   1   0   1    234   274
    3429   1   2   1   0   1    235   275
    3430   1   2   1   0   1    236   276
    3431   1   2   1   0   1    237   277
    3432   1   2   1   0   1    238   278
    3433   1   2   1   0   1    239   279
    3434   1   2   1   0   1    240   280
    3435   1   2   1   0   1    241   281
    3436   1   2   1   0   1    242   282
    3437   1   2   1   0   1    243   283
    3438   1   2   1   0   1    244   284
    3439   1   2   1   0   1    245   285
    3440   1   2   1   0   1    246   286
 
    ELEM MAT TYP REL ESY SEC        NODES
 
    3441   1   2   1   0   1    248   288
    3442   1   2   1   0   1    249   289
    3443   1   2   1   0   1    250   290
    3444   1   2   1   0   1    251   291
    3445   1   2   1   0   1    252   292
    3446   1   2   1   0   1    253   293
    3447   1   2   1   0   1    254   294
    3448   1   2   1   0   1    255   295
    3449   1   2   1   0   1    256   296
    3450   1   2   1   0   1    257   297
    3451   1   2   1   0   1    258   298
    3452   1   2   1   0   1    259   299
    3453   1   2   1   0   1    260   300
    3454   1   2   1   0   1    261   301
    3455   1   2   1   0   1    262   302
    3456   1   2   1   0   1    263   303
    3457   1   2   1   0   1    264   304
    3458   1   2   1   0   1    265   305
    3459   1   2   1   0   1    266   306
    3460   1   2   1   0   1    267   307
 
    ELEM MAT TYP REL ESY SEC        NODES
 
    3461   1   2   1   0   1    268   308
    3462   1   2   1   0   1    269   309
    3463   1   2   1   0   1    270   310
    3464   1   2   1   0   1    271   311
    3465   1   2   1   0   1    272   312
    3466   1   2   1   0   1    273   313
    3467   1   2   1   0   1    274   314
    3468   1   2   1   0   1    275   315
    3469   1   2   1   0   1    276   316
    3470   1   2   1   0   1    277   317
    3471   1   2   1   0   1    278   318
    3472   1   2   1   0   1    279   319
    3473   1   2   1   0   1    280   320
    3474   1   2   1   0   1    281   321
    3475   1   2   1   0   1    282   322
    3476   1   2   1   0   1    283   323
    3477   1   2   1   0   1    284   324
    3478   1   2   1   0   1    285   325
    3479   1   2   1   0   1    286   326
    3480   1   2   1   0   1    287   327
 
    ELEM MAT TYP REL ESY SEC        NODES
 
    3481   1   2   1   0   1    289   329
    3482   1   2   1   0   1    290   330
    3483   1   2   1   0   1    291   331
    3484   1   2   1   0   1    292   332
    3485   1   2   1   0   1    293   333
    3486   1   2   1   0   1    294   334
    3487   1   2   1   0   1    295   335
    3488   1   2   1   0   1    296   336
    3489   1   2   1   0   1    297   337
    3490   1   2   1   0   1    298   338
    3491   1   2   1   0   1    299   339
    3492   1   2   1   0   1    300   340
    3493   1   2   1   0   1    301   341
    3494   1   2   1   0   1    302   342
    3495   1   2   1   0   1    303   343
    3496   1   2   1   0   1    304   344
    3497   1   2   1   0   1    305   345
    3498   1   2   1   0   1    306   346
    3499   1   2   1   0   1    307   347
    3500   1   2   1   0   1    308   348
 
    ELEM MAT TYP REL ESY SEC        NODES
 
    3501   1   2   1   0   1    309   349
    3502   1   2   1   0   1    310   350
    3503   1   2   1   0   1    311   351
    3504   1   2   1   0   1    312   352
    3505   1   2   1   0   1    313   353
    3506   1   2   1   0   1    314   354
    3507   1   2   1   0   1    315   355
    3508   1   2   1   0   1    316   356
    3509   1   2   1   0   1    317   357
    3510   1   2   1   0   1    318   358
    3511   1   2   1   0   1    319   359
    3512   1   2   1   0   1    320   360
    3513   1   2   1   0   1    321   361
    3514   1   2   1   0   1    322   362
    3515   1   2   1   0   1    323   363
    3516   1   2   1   0   1    324   364
    3517   1   2   1   0   1    325   365
    3518   1   2   1   0   1    326   366
    3519   1   2   1   0   1    327   367
    3520   1   2   1   0   1    328   368
 
    ELEM MAT TYP REL ESY SEC        NODES
 
    3521   1   2   1   0   1    330   370
    3522   1   2   1   0   1    331   371
    3523   1   2   1   0   1    332   372
    3524   1   2   1   0   1    333   373
    3525   1   2   1   0   1    334   374
    3526   1   2   1   0   1    335   375
    3527   1   2   1   0   1    336   376
    3528   1   2   1   0   1    337   377
    3529   1   2   1   0   1    338   378
    3530   1   2   1   0   1    339   379
    3531   1   2   1   0   1    340   380
    3532   1   2   1   0   1    341   381
    3533   1   2   1   0   1    342   382
    3534   1   2   1   0   1    343   383
    3535   1   2   1   0   1    344   384
    3536   1   2   1   0   1    345   385
    3537   1   2   1   0   1    346   386
    3538   1   2   1   0   1    347   387
    3539   1   2   1   0   1    348   388
    3540   1   2   1   0   1    349   389
 
    ELEM MAT TYP REL ESY SEC        NODES
 
    3541   1   2   1   0   1    350   390
    3542   1   2   1   0   1    351   391
    3543   1   2   1   0   1    352   392
    3544   1   2   1   0   1    353   393
    3545   1   2   1   0   1    354   394
    3546   1   2   1   0   1    355   395
    3547   1   2   1   0   1    356   396
    3548   1   2   1   0   1    357   397
    3549   1   2   1   0   1    358   398
    3550   1   2   1   0   1    359   399
    3551   1   2   1   0   1    360   400
    3552   1   2   1   0   1    361   401
    3553   1   2   1   0   1    362   402
    3554   1   2   1   0   1    363   403
    3555   1   2   1   0   1    364   404
    3556   1   2   1   0   1    365   405
    3557   1   2   1   0   1    366   406
    3558   1   2   1   0   1    367   407
    3559   1   2   1   0   1    368   408
    3560   1   2   1   0   1    369   409
 
    ELEM MAT TYP REL ESY SEC        NODES
 
    3561   1   2   1   0   1    371   411
    3562   1   2   1   0   1    372   412
    3563   1   2   1   0   1    373   413
    3564   1   2   1   0   1    374   414
    3565   1   2   1   0   1    375   415
    3566   1   2   1   0   1    376   416
    3567   1   2   1   0   1    377   417
    3568   1   2   1   0   1    378   418
    3569   1   2   1   0   1    379   419
    3570   1   2   1   0   1    380   420
    3571   1   2   1   0   1    381   421
    3572   1   2   1   0   1    382   422
    3573   1   2   1   0   1    383   423
    3574   1   2   1   0   1    384   424
    3575   1   2   1   0   1    385   425
    3576   1   2   1   0   1    386   426
    3577   1   2   1   0   1    387   427
    3578   1   2   1   0   1    388   428
    3579   1   2   1   0   1    389   429
    3580   1   2   1   0   1    390   430
 
    ELEM MAT TYP REL ESY SEC        NODES
 
    3581   1   2   1   0   1    391   431
    3582   1   2   1   0   1    392   432
    3583   1   2   1   0   1    393   433
    3584   1   2   1   0   1    394   434
    3585   1   2   1   0   1    395   435
    3586   1   2   1   0   1    396   436
    3587   1   2   1   0   1    397   437
    3588   1   2   1   0   1    398   438
    3589   1   2   1   0   1    399   439
    3590   1   2   1   0   1    400   440
    3591   1   2   1   0   1    401   441
    3592   1   2   1   0   1    402   442
    3593   1   2   1   0   1    403   443
    3594   1   2   1   0   1    404   444
    3595   1   2   1   0   1    405   445
    3596   1   2   1   0   1    406   446
    3597   1   2   1   0   1    407   447
    3598   1   2   1   0   1    408   448
    3599   1   2   1   0   1    409   449
    3600   1   2   1   0   1    410   450
 
    ELEM MAT TYP REL ESY SEC        NODES
 
    3601   1   2   1   0   1    412   452
    3602   1   2   1   0   1    413   453
    3603   1   2   1   0   1    414   454
    3604   1   2   1   0   1    415   455
    3605   1   2   1   0   1    416   456
    3606   1   2   1   0   1    417   457
    3607   1   2   1   0   1    418   458
    3608   1   2   1   0   1    419   459
    3609   1   2   1   0   1    420   460
    3610   1   2   1   0   1    421   461
    3611   1   2   1   0   1    422   462
    3612   1   2   1   0   1    423   463
    3613   1   2   1   0   1    424   464
    3614   1   2   1   0   1    425   465
    3615   1   2   1   0   1    426   466
    3616   1   2   1   0   1    427   467
    3617   1   2   1   0   1    428   468
    3618   1   2   1   0   1    429   469
    3619   1   2   1   0   1    430   470
    3620   1   2   1   0   1    431   471
 
    ELEM MAT TYP REL ESY SEC        NODES
 
    3621   1   2   1   0   1    432   472
    3622   1   2   1   0   1    433   473
    3623   1   2   1   0   1    434   474
    3624   1   2   1   0   1    435   475
    3625   1   2   1   0   1    436   476
    3626   1   2   1   0   1    437   477
    3627   1   2   1   0   1    438   478
    3628   1   2   1   0   1    439   479
    3629   1   2   1   0   1    440   480
    3630   1   2   1   0   1    441   481
    3631   1   2   1   0   1    442   482
    3632   1   2   1   0   1    443   483
    3633   1   2   1   0   1    444   484
    3634   1   2   1   0   1    445   485
    3635   1   2   1   0   1    446   486
    3636   1   2   1   0   1    447   487
    3637   1   2   1   0   1    448   488
    3638   1   2   1   0   1    449   489
    3639   1   2   1   0   1    450   490
    3640   1   2   1   0   1    451   491
 
    ELEM MAT TYP REL ESY SEC        NODES
 
    3641   1   2   1   0   1    453   493
    3642   1   2   1   0   1    454   494
    3643   1   2   1   0   1    455   495
    3644   1   2   1   0   1    456   496
    3645   1   2   1   0   1    457   497
    3646   1   2   1   0   1    458   498
    3647   1   2   1   0   1    459   499
    3648   1   2   1   0   1    460   500
    3649   1   2   1   0   1    461   501
    3650   1   2   1   0   1    462   502
    3651   1   2   1   0   1    463   503
    3652   1   2   1   0   1    464   504
    3653   1   2   1   0   1    465   505
    3654   1   2   1   0   1    466   506
    3655   1   2   1   0   1    467   507
    3656   1   2   1   0   1    468   508
    3657   1   2   1   0   1    469   509
    3658   1   2   1   0   1    470   510
    3659   1   2   1   0   1    471   511
    3660   1   2   1   0   1    472   512
 
    ELEM MAT TYP REL ESY SEC        NODES
 
    3661   1   2   1   0   1    473   513
    3662   1   2   1   0   1    474   514
    3663   1   2   1   0   1    475   515
    3664   1   2   1   0   1    476   516
    3665   1   2   1   0   1    477   517
    3666   1   2   1   0   1    478   518
    3667   1   2   1   0   1    479   519
    3668   1   2   1   0   1    480   520
    3669   1   2   1   0   1    481   521
    3670   1   2   1   0   1    482   522
    3671   1   2   1   0   1    483   523
    3672   1   2   1   0   1    484   524
    3673   1   2   1   0   1    485   525
    3674   1   2   1   0   1    486   526
    3675   1   2   1   0   1    487   527
    3676   1   2   1   0   1    488   528
    3677   1   2   1   0   1    489   529
    3678   1   2   1   0   1    490   530
    3679   1   2   1   0   1    491   531
    3680   1   2   1   0   1    492   532
 
    ELEM MAT TYP REL ESY SEC        NODES
 
    3681   1   2   1   0   1    494   534
    3682   1   2   1   0   1    495   535
    3683   1   2   1   0   1    496   536
    3684   1   2   1   0   1    497   537
    3685   1   2   1   0   1    498   538
    3686   1   2   1   0   1    499   539
    3687   1   2   1   0   1    500   540
    3688   1   2   1   0   1    501   541
    3689   1   2   1   0   1    502   542
    3690   1   2   1   0   1    503   543
    3691   1   2   1   0   1    504   544
    3692   1   2   1   0   1    505   545
    3693   1   2   1   0   1    506   546
    3694   1   2   1   0   1    507   547
    3695   1   2   1   0   1    508   548
    3696   1   2   1   0   1    509   549
    3697   1   2   1   0   1    510   550
    3698   1   2   1   0   1    511   551
    3699   1   2   1   0   1    512   552
    3700   1   2   1   0   1    513   553
 
    ELEM MAT TYP REL ESY SEC        NODES
 
    3701   1   2   1   0   1    514   554
    3702   1   2   1   0   1    515   555
    3703   1   2   1   0   1    516   556
    3704   1   2   1   0   1    517   557
    3705   1   2   1   0   1    518   558
    3706   1   2   1   0   1    519   559
    3707   1   2   1   0   1    520   560
    3708   1   2   1   0   1    521   561
    3709   1   2   1   0   1    522   562
    3710   1   2   1   0   1    523   563
    3711   1   2   1   0   1    524   564
    3712   1   2   1   0   1    525   565
    3713   1   2   1   0   1    526   566
    3714   1   2   1   0   1    527   567
    3715   1   2   1   0   1    528   568
    3716   1   2   1   0   1    529   569
    3717   1   2   1   0   1    530   570
    3718   1   2   1   0   1    531   571
    3719   1   2   1   0   1    532   572
    3720   1   2   1   0   1    533   573
 
    ELEM MAT TYP REL ESY SEC        NODES
 
    3721   1   2   1   0   1    535   575
    3722   1   2   1   0   1    536   576
    3723   1   2   1   0   1    537   577
    3724   1   2   1   0   1    538   578
    3725   1   2   1   0   1    539   579
    3726   1   2   1   0   1    540   580
    3727   1   2   1   0   1    541   581
    3728   1   2   1   0   1    542   582
    3729   1   2   1   0   1    543   583
    3730   1   2   1   0   1    544   584
    3731   1   2   1   0   1    545   585
    3732   1   2   1   0   1    546   586
    3733   1   2   1   0   1    547   587
    3734   1   2   1   0   1    548   588
    3735   1   2   1   0   1    549   589
    3736   1   2   1   0   1    550   590
    3737   1   2   1   0   1    551   591
    3738   1   2   1   0   1    552   592
    3739   1   2   1   0   1    553   593
    3740   1   2   1   0   1    554   594
 
    ELEM MAT TYP REL ESY SEC        NODES
 
    3741   1   2   1   0   1    555   595
    3742   1   2   1   0   1    556   596
    3743   1   2   1   0   1    557   597
    3744   1   2   1   0   1    558   598
    3745   1   2   1   0   1    559   599
    3746   1   2   1   0   1    560   600
    3747   1   2   1   0   1    561   601
    3748   1   2   1   0   1    562   602
    3749   1   2   1   0   1    563   603
    3750   1   2   1   0   1    564   604
    3751   1   2   1   0   1    565   605
    3752   1   2   1   0   1    566   606
    3753   1   2   1   0   1    567   607
    3754   1   2   1   0   1    568   608
    3755   1   2   1   0   1    569   609
    3756   1   2   1   0   1    570   610
    3757   1   2   1   0   1    571   611
    3758   1   2   1   0   1    572   612
    3759   1   2   1   0   1    573   613
    3760   1   2   1   0   1    574   614
 
    ELEM MAT TYP REL ESY SEC        NODES
 
    3761   1   2   1   0   1    576   616
    3762   1   2   1   0   1    577   617
    3763   1   2   1   0   1    578   618
    3764   1   2   1   0   1    579   619
    3765   1   2   1   0   1    580   620
    3766   1   2   1   0   1    581   621
    3767   1   2   1   0   1    582   622
    3768   1   2   1   0   1    583   623
    3769   1   2   1   0   1    584   624
    3770   1   2   1   0   1    585   625
    3771   1   2   1   0   1    586   626
    3772   1   2   1   0   1    587   627
    3773   1   2   1   0   1    588   628
    3774   1   2   1   0   1    589   629
    3775   1   2   1   0   1    590   630
    3776   1   2   1   0   1    591   631
    3777   1   2   1   0   1    592   632
    3778   1   2   1   0   1    593   633
    3779   1   2   1   0   1    594   634
    3780   1   2   1   0   1    595   635
 
    ELEM MAT TYP REL ESY SEC        NODES
 
    3781   1   2   1   0   1    596   636
    3782   1   2   1   0   1    597   637
    3783   1   2   1   0   1    598   638
    3784   1   2   1   0   1    599   639
    3785   1   2   1   0   1    600   640
    3786   1   2   1   0   1    601   641
    3787   1   2   1   0   1    602   642
    3788   1   2   1   0   1    603   643
    3789   1   2   1   0   1    604   644
    3790   1   2   1   0   1    605   645
    3791   1   2   1   0   1    606   646
    3792   1   2   1   0   1    607   647
    3793   1   2   1   0   1    608   648
    3794   1   2   1   0   1    609   649
    3795   1   2   1   0   1    610   650
    3796   1   2   1   0   1    611   651
    3797   1   2   1   0   1    612   652
    3798   1   2   1   0   1    613   653
    3799   1   2   1   0   1    614   654
    3800   1   2   1   0   1    615   655
 
    ELEM MAT TYP REL ESY SEC        NODES
 
    3801   1   2   1   0   1    617   657
    3802   1   2   1   0   1    618   658
    3803   1   2   1   0   1    619   659
    3804   1   2   1   0   1    620   660
    3805   1   2   1   0   1    621   661
    3806   1   2   1   0   1    622   662
    3807   1   2   1   0   1    623   663
    3808   1   2   1   0   1    624   664
    3809   1   2   1   0   1    625   665
    3810   1   2   1   0   1    626   666
    3811   1   2   1   0   1    627   667
    3812   1   2   1   0   1    628   668
    3813   1   2   1   0   1    629   669
    3814   1   2   1   0   1    630   670
    3815   1   2   1   0   1    631   671
    3816   1   2   1   0   1    632   672
    3817   1   2   1   0   1    633   673
    3818   1   2   1   0   1    634   674
    3819   1   2   1   0   1    635   675
    3820   1   2   1   0   1    636   676
 
    ELEM MAT TYP REL ESY SEC        NODES
 
    3821   1   2   1   0   1    637   677
    3822   1   2   1   0   1    638   678
    3823   1   2   1   0   1    639   679
    3824   1   2   1   0   1    640   680
    3825   1   2   1   0   1    641   681
    3826   1   2   1   0   1    642   682
    3827   1   2   1   0   1    643   683
    3828   1   2   1   0   1    644   684
    3829   1   2   1   0   1    645   685
    3830   1   2   1   0   1    646   686
    3831   1   2   1   0   1    647   687
    3832   1   2   1   0   1    648   688
    3833   1   2   1   0   1    649   689
    3834   1   2   1   0   1    650   690
    3835   1   2   1   0   1    651   691
    3836   1   2   1   0   1    652   692
    3837   1   2   1   0   1    653   693
    3838   1   2   1   0   1    654   694
    3839   1   2   1   0   1    655   695
    3840   1   2   1   0   1    656   696
 
    ELEM MAT TYP REL ESY SEC        NODES
 
    3841   1   2   1   0   1    658   698
    3842   1   2   1   0   1    659   699
    3843   1   2   1   0   1    660   700
    3844   1   2   1   0   1    661   701
    3845   1   2   1   0   1    662   702
    3846   1   2   1   0   1    663   703
    3847   1   2   1   0   1    664   704
    3848   1   2   1   0   1    665   705
    3849   1   2   1   0   1    666   706
    3850   1   2   1   0   1    667   707
    3851   1   2   1   0   1    668   708
    3852   1   2   1   0   1    669   709
    3853   1   2   1   0   1    670   710
    3854   1   2   1   0   1    671   711
    3855   1   2   1   0   1    672   712
    3856   1   2   1   0   1    673   713
    3857   1   2   1   0   1    674   714
    3858   1   2   1   0   1    675   715
    3859   1   2   1   0   1    676   716
    3860   1   2   1   0   1    677   717
 
    ELEM MAT TYP REL ESY SEC        NODES
 
    3861   1   2   1   0   1    678   718
    3862   1   2   1   0   1    679   719
    3863   1   2   1   0   1    680   720
    3864   1   2   1   0   1    681   721
    3865   1   2   1   0   1    682   722
    3866   1   2   1   0   1    683   723
    3867   1   2   1   0   1    684   724
    3868   1   2   1   0   1    685   725
    3869   1   2   1   0   1    686   726
    3870   1   2   1   0   1    687   727
    3871   1   2   1   0   1    688   728
    3872   1   2   1   0   1    689   729
    3873   1   2   1   0   1    690   730
    3874   1   2   1   0   1    691   731
    3875   1   2   1   0   1    692   732
    3876   1   2   1   0   1    693   733
    3877   1   2   1   0   1    694   734
    3878   1   2   1   0   1    695   735
    3879   1   2   1   0   1    696   736
    3880   1   2   1   0   1    697   737
 
    ELEM MAT TYP REL ESY SEC        NODES
 
    3881   1   2   1   0   1    699   739
    3882   1   2   1   0   1    700   740
    3883   1   2   1   0   1    701   741
    3884   1   2   1   0   1    702   742
    3885   1   2   1   0   1    703   743
    3886   1   2   1   0   1    704   744
    3887   1   2   1   0   1    705   745
    3888   1   2   1   0   1    706   746
    3889   1   2   1   0   1    707   747
    3890   1   2   1   0   1    708   748
    3891   1   2   1   0   1    709   749
    3892   1   2   1   0   1    710   750
    3893   1   2   1   0   1    711   751
    3894   1   2   1   0   1    712   752
    3895   1   2   1   0   1    713   753
    3896   1   2   1   0   1    714   754
    3897   1   2   1   0   1    715   755
    3898   1   2   1   0   1    716   756
    3899   1   2   1   0   1    717   757
    3900   1   2   1   0   1    718   758
 
    ELEM MAT TYP REL ESY SEC        NODES
 
    3901   1   2   1   0   1    719   759
    3902   1   2   1   0   1    720   760
    3903   1   2   1   0   1    721   761
    3904   1   2   1   0   1    722   762
    3905   1   2   1   0   1    723   763
    3906   1   2   1   0   1    724   764
    3907   1   2   1   0   1    725   765
    3908   1   2   1   0   1    726   766
    3909   1   2   1   0   1    727   767
    3910   1   2   1   0   1    728   768
    3911   1   2   1   0   1    729   769
    3912   1   2   1   0   1    730   770
    3913   1   2   1   0   1    731   771
    3914   1   2   1   0   1    732   772
    3915   1   2   1   0   1    733   773
    3916   1   2   1   0   1    734   774
    3917   1   2   1   0   1    735   775
    3918   1   2   1   0   1    736   776
    3919   1   2   1   0   1    737   777
    3920   1   2   1   0   1    738   778
 
    ELEM MAT TYP REL ESY SEC        NODES
 
    3921   1   2   1   0   1    740   780
    3922   1   2   1   0   1    741   781
    3923   1   2   1   0   1    742   782
    3924   1   2   1   0   1    743   783
    3925   1   2   1   0   1    744   784
    3926   1   2   1   0   1    745   785
    3927   1   2   1   0   1    746   786
    3928   1   2   1   0   1    747   787
    3929   1   2   1   0   1    748   788
    3930   1   2   1   0   1    749   789
    3931   1   2   1   0   1    750   790
    3932   1   2   1   0   1    751   791
    3933   1   2   1   0   1    752   792
    3934   1   2   1   0   1    753   793
    3935   1   2   1   0   1    754   794
    3936   1   2   1   0   1    755   795
    3937   1   2   1   0   1    756   796
    3938   1   2   1   0   1    757   797
    3939   1   2   1   0   1    758   798
    3940   1   2   1   0   1    759   799
 
    ELEM MAT TYP REL ESY SEC        NODES
 
    3941   1   2   1   0   1    760   800
    3942   1   2   1   0   1    761   801
    3943   1   2   1   0   1    762   802
    3944   1   2   1   0   1    763   803
    3945   1   2   1   0   1    764   804
    3946   1   2   1   0   1    765   805
    3947   1   2   1   0   1    766   806
    3948   1   2   1   0   1    767   807
    3949   1   2   1   0   1    768   808
    3950   1   2   1   0   1    769   809
    3951   1   2   1   0   1    770   810
    3952   1   2   1   0   1    771   811
    3953   1   2   1   0   1    772   812
    3954   1   2   1   0   1    773   813
    3955   1   2   1   0   1    774   814
    3956   1   2   1   0   1    775   815
    3957   1   2   1   0   1    776   816
    3958   1   2   1   0   1    777   817
    3959   1   2   1   0   1    778   818
    3960   1   2   1   0   1    779   819
 
    ELEM MAT TYP REL ESY SEC        NODES
 
    3961   1   2   1   0   1    781   821
    3962   1   2   1   0   1    782   822
    3963   1   2   1   0   1    783   823
    3964   1   2   1   0   1    784   824
    3965   1   2   1   0   1    785   825
    3966   1   2   1   0   1    786   826
    3967   1   2   1   0   1    787   827
    3968   1   2   1   0   1    788   828
    3969   1   2   1   0   1    789   829
    3970   1   2   1   0   1    790   830
    3971   1   2   1   0   1    791   831
    3972   1   2   1   0   1    792   832
    3973   1   2   1   0   1    793   833
    3974   1   2   1   0   1    794   834
    3975   1   2   1   0   1    795   835
    3976   1   2   1   0   1    796   836
    3977   1   2   1   0   1    797   837
    3978   1   2   1   0   1    798   838
    3979   1   2   1   0   1    799   839
    3980   1   2   1   0   1    800   840
 
    ELEM MAT TYP REL ESY SEC        NODES
 
    3981   1   2   1   0   1    801   841
    3982   1   2   1   0   1    802   842
    3983   1   2   1   0   1    803   843
    3984   1   2   1   0   1    804   844
    3985   1   2   1   0   1    805   845
    3986   1   2   1   0   1    806   846
    3987   1   2   1   0   1    807   847
    3988   1   2   1   0   1    808   848
    3989   1   2   1   0   1    809   849
    3990   1   2   1   0   1    810   850
    3991   1   2   1   0   1    811   851
    3992   1   2   1   0   1    812   852
    3993   1   2   1   0   1    813   853
    3994   1   2   1   0   1    814   854
    3995   1   2   1   0   1    815   855
    3996   1   2   1   0   1    816   856
    3997   1   2   1   0   1    817   857
    3998   1   2   1   0   1    818   858
    3999   1   2   1   0   1    819   859
    4000   1   2   1   0   1    820   860
 
    ELEM MAT TYP REL ESY SEC        NODES
 
    4001   1   2   1   0   1    822   862
    4002   1   2   1   0   1    823   863
    4003   1   2   1   0   1    824   864
    4004   1   2   1   0   1    825   865
    4005   1   2   1   0   1    826   866
    4006   1   2   1   0   1    827   867
    4007   1   2   1   0   1    828   868
    4008   1   2   1   0   1    829   869
    4009   1   2   1   0   1    830   870
    4010   1   2   1   0   1    831   871
    4011   1   2   1   0   1    832   872
    4012   1   2   1   0   1    833   873
    4013   1   2   1   0   1    834   874
    4014   1   2   1   0   1    835   875
    4015   1   2   1   0   1    836   876
    4016   1   2   1   0   1    837   877
    4017   1   2   1   0   1    838   878
    4018   1   2   1   0   1    839   879
    4019   1   2   1   0   1    840   880
    4020   1   2   1   0   1    841   881
 
    ELEM MAT TYP REL ESY SEC        NODES
 
    4021   1   2   1   0   1    842   882
    4022   1   2   1   0   1    843   883
    4023   1   2   1   0   1    844   884
    4024   1   2   1   0   1    845   885
    4025   1   2   1   0   1    846   886
    4026   1   2   1   0   1    847   887
    4027   1   2   1   0   1    848   888
    4028   1   2   1   0   1    849   889
    4029   1   2   1   0   1    850   890
    4030   1   2   1   0   1    851   891
    4031   1   2   1   0   1    852   892
    4032   1   2   1   0   1    853   893
    4033   1   2   1   0   1    854   894
    4034   1   2   1   0   1    855   895
    4035   1   2   1   0   1    856   896
    4036   1   2   1   0   1    857   897
    4037   1   2   1   0   1    858   898
    4038   1   2   1   0   1    859   899
    4039   1   2   1   0   1    860   900
    4040   1   2   1   0   1    861   901
 
    ELEM MAT TYP REL ESY SEC        NODES
 
    4041   1   2   1   0   1    863   903
    4042   1   2   1   0   1    864   904
    4043   1   2   1   0   1    865   905
    4044   1   2   1   0   1    866   906
    4045   1   2   1   0   1    867   907
    4046   1   2   1   0   1    868   908
    4047   1   2   1   0   1    869   909
    4048   1   2   1   0   1    870   910
    4049   1   2   1   0   1    871   911
    4050   1   2   1   0   1    872   912
    4051   1   2   1   0   1    873   913
    4052   1   2   1   0   1    874   914
    4053   1   2   1   0   1    875   915
    4054   1   2   1   0   1    876   916
    4055   1   2   1   0   1    877   917
    4056   1   2   1   0   1    878   918
    4057   1   2   1   0   1    879   919
    4058   1   2   1   0   1    880   920
    4059   1   2   1   0   1    881   921
    4060   1   2   1   0   1    882   922
 
    ELEM MAT TYP REL ESY SEC        NODES
 
    4061   1   2   1   0   1    883   923
    4062   1   2   1   0   1    884   924
    4063   1   2   1   0   1    885   925
    4064   1   2   1   0   1    886   926
    4065   1   2   1   0   1    887   927
    4066   1   2   1   0   1    888   928
    4067   1   2   1   0   1    889   929
    4068   1   2   1   0   1    890   930
    4069   1   2   1   0   1    891   931
    4070   1   2   1   0   1    892   932
    4071   1   2   1   0   1    893   933
    4072   1   2   1   0   1    894   934
    4073   1   2   1   0   1    895   935
    4074   1   2   1   0   1    896   936
    4075   1   2   1   0   1    897   937
    4076   1   2   1   0   1    898   938
    4077   1   2   1   0   1    899   939
    4078   1   2   1   0   1    900   940
    4079   1   2   1   0   1    901   941
    4080   1   2   1   0   1    902   942
 
    ELEM MAT TYP REL ESY SEC        NODES
 
    4081   1   2   1   0   1    904   944
    4082   1   2   1   0   1    905   945
    4083   1   2   1   0   1    906   946
    4084   1   2   1   0   1    907   947
    4085   1   2   1   0   1    908   948
    4086   1   2   1   0   1    909   949
    4087   1   2   1   0   1    910   950
    4088   1   2   1   0   1    911   951
    4089   1   2   1   0   1    912   952
    4090   1   2   1   0   1    913   953
    4091   1   2   1   0   1    914   954
    4092   1   2   1   0   1    915   955
    4093   1   2   1   0   1    916   956
    4094   1   2   1   0   1    917   957
    4095   1   2   1   0   1    918   958
    4096   1   2   1   0   1    919   959
    4097   1   2   1   0   1    920   960
    4098   1   2   1   0   1    921   961
    4099   1   2   1   0   1    922   962
    4100   1   2   1   0   1    923   963
 
    ELEM MAT TYP REL ESY SEC        NODES
 
    4101   1   2   1   0   1    924   964
    4102   1   2   1   0   1    925   965
    4103   1   2   1   0   1    926   966
    4104   1   2   1   0   1    927   967
    4105   1   2   1   0   1    928   968
    4106   1   2   1   0   1    929   969
    4107   1   2   1   0   1    930   970
    4108   1   2   1   0   1    931   971
    4109   1   2   1   0   1    932   972
    4110   1   2   1   0   1    933   973
    4111   1   2   1   0   1    934   974
    4112   1   2   1   0   1    935   975
    4113   1   2   1   0   1    936   976
    4114   1   2   1   0   1    937   977
    4115   1   2   1   0   1    938   978
    4116   1   2   1   0   1    939   979
    4117   1   2   1   0   1    940   980
    4118   1   2   1   0   1    941   981
    4119   1   2   1   0   1    942   982
    4120   1   2   1   0   1    943   983
 
    ELEM MAT TYP REL ESY SEC        NODES
 
    4121   1   2   1   0   1    945   985
    4122   1   2   1   0   1    946   986
    4123   1   2   1   0   1    947   987
    4124   1   2   1   0   1    948   988
    4125   1   2   1   0   1    949   989
    4126   1   2   1   0   1    950   990
    4127   1   2   1   0   1    951   991
    4128   1   2   1   0   1    952   992
    4129   1   2   1   0   1    953   993
    4130   1   2   1   0   1    954   994
    4131   1   2   1   0   1    955   995
    4132   1   2   1   0   1    956   996
    4133   1   2   1   0   1    957   997
    4134   1   2   1   0   1    958   998
    4135   1   2   1   0   1    959   999
    4136   1   2   1   0   1    960  1000
    4137   1   2   1   0   1    961  1001
    4138   1   2   1   0   1    962  1002
    4139   1   2   1   0   1    963  1003
    4140   1   2   1   0   1    964  1004
 
    ELEM MAT TYP REL ESY SEC        NODES
 
    4141   1   2   1   0   1    965  1005
    4142   1   2   1   0   1    966  1006
    4143   1   2   1   0   1    967  1007
    4144   1   2   1   0   1    968  1008
    4145   1   2   1   0   1    969  1009
    4146   1   2   1   0   1    970  1010
    4147   1   2   1   0   1    971  1011
    4148   1   2   1   0   1    972  1012
    4149   1   2   1   0   1    973  1013
    4150   1   2   1   0   1    974  1014
    4151   1   2   1   0   1    975  1015
    4152   1   2   1   0   1    976  1016
    4153   1   2   1   0   1    977  1017
    4154   1   2   1   0   1    978  1018
    4155   1   2   1   0   1    979  1019
    4156   1   2   1   0   1    980  1020
    4157   1   2   1   0   1    981  1021
    4158   1   2   1   0   1    982  1022
    4159   1   2   1   0   1    983  1023
    4160   1   2   1   0   1    984  1024
 
    ELEM MAT TYP REL ESY SEC        NODES
 
    4161   1   2   1   0   1    986  1026
    4162   1   2   1   0   1    987  1027
    4163   1   2   1   0   1    988  1028
    4164   1   2   1   0   1    989  1029
    4165   1   2   1   0   1    990  1030
    4166   1   2   1   0   1    991  1031
    4167   1   2   1   0   1    992  1032
    4168   1   2   1   0   1    993  1033
    4169   1   2   1   0   1    994  1034
    4170   1   2   1   0   1    995  1035
    4171   1   2   1   0   1    996  1036
    4172   1   2   1   0   1    997  1037
    4173   1   2   1   0   1    998  1038
    4174   1   2   1   0   1    999  1039
    4175   1   2   1   0   1   1000  1040
    4176   1   2   1   0   1   1001  1041
    4177   1   2   1   0   1   1002  1042
    4178   1   2   1   0   1   1003  1043
    4179   1   2   1   0   1   1004  1044
    4180   1   2   1   0   1   1005  1045
 
    ELEM MAT TYP REL ESY SEC        NODES
 
    4181   1   2   1   0   1   1006  1046
    4182   1   2   1   0   1   1007  1047
    4183   1   2   1   0   1   1008  1048
    4184   1   2   1   0   1   1009  1049
    4185   1   2   1   0   1   1010  1050
    4186   1   2   1   0   1   1011  1051
    4187   1   2   1   0   1   1012  1052
    4188   1   2   1   0   1   1013  1053
    4189   1   2   1   0   1   1014  1054
    4190   1   2   1   0   1   1015  1055
    4191   1   2   1   0   1   1016  1056
    4192   1   2   1   0   1   1017  1057
    4193   1   2   1   0   1   1018  1058
    4194   1   2   1   0   1   1019  1059
    4195   1   2   1   0   1   1020  1060
    4196   1   2   1   0   1   1021  1061
    4197   1   2   1   0   1   1022  1062
    4198   1   2   1   0   1   1023  1063
    4199   1   2   1   0   1   1024  1064
    4200   1   2   1   0   1   1025  1065
 
    ELEM MAT TYP REL ESY SEC        NODES
 
    4201   1   2   1   0   1   1027  1067
    4202   1   2   1   0   1   1028  1068
    4203   1   2   1   0   1   1029  1069
    4204   1   2   1   0   1   1030  1070
    4205   1   2   1   0   1   1031  1071
    4206   1   2   1   0   1   1032  1072
    4207   1   2   1   0   1   1033  1073
    4208   1   2   1   0   1   1034  1074
    4209   1   2   1   0   1   1035  1075
    4210   1   2   1   0   1   1036  1076
    4211   1   2   1   0   1   1037  1077
    4212   1   2   1   0   1   1038  1078
    4213   1   2   1   0   1   1039  1079
    4214   1   2   1   0   1   1040  1080
    4215   1   2   1   0   1   1041  1081
    4216   1   2   1   0   1   1042  1082
    4217   1   2   1   0   1   1043  1083
    4218   1   2   1   0   1   1044  1084
    4219   1   2   1   0   1   1045  1085
    4220   1   2   1   0   1   1046  1086
 
    ELEM MAT TYP REL ESY SEC        NODES
 
    4221   1   2   1   0   1   1047  1087
    4222   1   2   1   0   1   1048  1088
    4223   1   2   1   0   1   1049  1089
    4224   1   2   1   0   1   1050  1090
    4225   1   2   1   0   1   1051  1091
    4226   1   2   1   0   1   1052  1092
    4227   1   2   1   0   1   1053  1093
    4228   1   2   1   0   1   1054  1094
    4229   1   2   1   0   1   1055  1095
    4230   1   2   1   0   1   1056  1096
    4231   1   2   1   0   1   1057  1097
    4232   1   2   1   0   1   1058  1098
    4233   1   2   1   0   1   1059  1099
    4234   1   2   1   0   1   1060  1100
    4235   1   2   1   0   1   1061  1101
    4236   1   2   1   0   1   1062  1102
    4237   1   2   1   0   1   1063  1103
    4238   1   2   1   0   1   1064  1104
    4239   1   2   1   0   1   1065  1105
    4240   1   2   1   0   1   1066  1106
 
    ELEM MAT TYP REL ESY SEC        NODES
 
    4241   1   2   1   0   1   1068  1108
    4242   1   2   1   0   1   1069  1109
    4243   1   2   1   0   1   1070  1110
    4244   1   2   1   0   1   1071  1111
    4245   1   2   1   0   1   1072  1112
    4246   1   2   1   0   1   1073  1113
    4247   1   2   1   0   1   1074  1114
    4248   1   2   1   0   1   1075  1115
    4249   1   2   1   0   1   1076  1116
    4250   1   2   1   0   1   1077  1117
    4251   1   2   1   0   1   1078  1118
    4252   1   2   1   0   1   1079  1119
    4253   1   2   1   0   1   1080  1120
    4254   1   2   1   0   1   1081  1121
    4255   1   2   1   0   1   1082  1122
    4256   1   2   1   0   1   1083  1123
    4257   1   2   1   0   1   1084  1124
    4258   1   2   1   0   1   1085  1125
    4259   1   2   1   0   1   1086  1126
    4260   1   2   1   0   1   1087  1127
 
    ELEM MAT TYP REL ESY SEC        NODES
 
    4261   1   2   1   0   1   1088  1128
    4262   1   2   1   0   1   1089  1129
    4263   1   2   1   0   1   1090  1130
    4264   1   2   1   0   1   1091  1131
    4265   1   2   1   0   1   1092  1132
    4266   1   2   1   0   1   1093  1133
    4267   1   2   1   0   1   1094  1134
    4268   1   2   1   0   1   1095  1135
    4269   1   2   1   0   1   1096  1136
    4270   1   2   1   0   1   1097  1137
    4271   1   2   1   0   1   1098  1138
    4272   1   2   1   0   1   1099  1139
    4273   1   2   1   0   1   1100  1140
    4274   1   2   1   0   1   1101  1141
    4275   1   2   1   0   1   1102  1142
    4276   1   2   1   0   1   1103  1143
    4277   1   2   1   0   1   1104  1144
    4278   1   2   1   0   1   1105  1145
    4279   1   2   1   0   1   1106  1146
    4280   1   2   1   0   1   1107  1147
 
    ELEM MAT TYP REL ESY SEC        NODES
 
    4281   1   2   1   0   1   1109  1149
    4282   1   2   1   0   1   1110  1150
    4283   1   2   1   0   1   1111  1151
    4284   1   2   1   0   1   1112  1152
    4285   1   2   1   0   1   1113  1153
    4286   1   2   1   0   1   1114  1154
    4287   1   2   1   0   1   1115  1155
    4288   1   2   1   0   1   1116  1156
    4289   1   2   1   0   1   1117  1157
    4290   1   2   1   0   1   1118  1158
    4291   1   2   1   0   1   1119  1159
    4292   1   2   1   0   1   1120  1160
    4293   1   2   1   0   1   1121  1161
    4294   1   2   1   0   1   1122  1162
    4295   1   2   1   0   1   1123  1163
    4296   1   2   1   0   1   1124  1164
    4297   1   2   1   0   1   1125  1165
    4298   1   2   1   0   1   1126  1166
    4299   1   2   1   0   1   1127  1167
    4300   1   2   1   0   1   1128  1168
 
    ELEM MAT TYP REL ESY SEC        NODES
 
    4301   1   2   1   0   1   1129  1169
    4302   1   2   1   0   1   1130  1170
    4303   1   2   1   0   1   1131  1171
    4304   1   2   1   0   1   1132  1172
    4305   1   2   1   0   1   1133  1173
    4306   1   2   1   0   1   1134  1174
    4307   1   2   1   0   1   1135  1175
    4308   1   2   1   0   1   1136  1176
    4309   1   2   1   0   1   1137  1177
    4310   1   2   1   0   1   1138  1178
    4311   1   2   1   0   1   1139  1179
    4312   1   2   1   0   1   1140  1180
    4313   1   2   1   0   1   1141  1181
    4314   1   2   1   0   1   1142  1182
    4315   1   2   1   0   1   1143  1183
    4316   1   2   1   0   1   1144  1184
    4317   1   2   1   0   1   1145  1185
    4318   1   2   1   0   1   1146  1186
    4319   1   2   1   0   1   1147  1187
    4320   1   2   1   0   1   1148  1188
 
    ELEM MAT TYP REL ESY SEC        NODES
 
    4321   1   2   1   0   1   1150  1190
    4322   1   2   1   0   1   1151  1191
    4323   1   2   1   0   1   1152  1192
    4324   1   2   1   0   1   1153  1193
    4325   1   2   1   0   1   1154  1194
    4326   1   2   1   0   1   1155  1195
    4327   1   2   1   0   1   1156  1196
    4328   1   2   1   0   1   1157  1197
    4329   1   2   1   0   1   1158  1198
    4330   1   2   1   0   1   1159  1199
    4331   1   2   1   0   1   1160  1200
    4332   1   2   1   0   1   1161  1201
    4333   1   2   1   0   1   1162  1202
    4334   1   2   1   0   1   1163  1203
    4335   1   2   1   0   1   1164  1204
    4336   1   2   1   0   1   1165  1205
    4337   1   2   1   0   1   1166  1206
    4338   1   2   1   0   1   1167  1207
    4339   1   2   1   0   1   1168  1208
    4340   1   2   1   0   1   1169  1209
 
    ELEM MAT TYP REL ESY SEC        NODES
 
    4341   1   2   1   0   1   1170  1210
    4342   1   2   1   0   1   1171  1211
    4343   1   2   1   0   1   1172  1212
    4344   1   2   1   0   1   1173  1213
    4345   1   2   1   0   1   1174  1214
    4346   1   2   1   0   1   1175  1215
    4347   1   2   1   0   1   1176  1216
    4348   1   2   1   0   1   1177  1217
    4349   1   2   1   0   1   1178  1218
    4350   1   2   1   0   1   1179  1219
    4351   1   2   1   0   1   1180  1220
    4352   1   2   1   0   1   1181  1221
    4353   1   2   1   0   1   1182  1222
    4354   1   2   1   0   1   1183  1223
    4355   1   2   1   0   1   1184  1224
    4356   1   2   1   0   1   1185  1225
    4357   1   2   1   0   1   1186  1226
    4358   1   2   1   0   1   1187  1227
    4359   1   2   1   0   1   1188  1228
    4360   1   2   1   0   1   1189  1229
 
    ELEM MAT TYP REL ESY SEC        NODES
 
    4361   1   2   1   0   1   1191  1231
    4362   1   2   1   0   1   1192  1232
    4363   1   2   1   0   1   1193  1233
    4364   1   2   1   0   1   1194  1234
    4365   1   2   1   0   1   1195  1235
    4366   1   2   1   0   1   1196  1236
    4367   1   2   1   0   1   1197  1237
    4368   1   2   1   0   1   1198  1238
    4369   1   2   1   0   1   1199  1239
    4370   1   2   1   0   1   1200  1240
    4371   1   2   1   0   1   1201  1241
    4372   1   2   1   0   1   1202  1242
    4373   1   2   1   0   1   1203  1243
    4374   1   2   1   0   1   1204  1244
    4375   1   2   1   0   1   1205  1245
    4376   1   2   1   0   1   1206  1246
    4377   1   2   1   0   1   1207  1247
    4378   1   2   1   0   1   1208  1248
    4379   1   2   1   0   1   1209  1249
    4380   1   2   1   0   1   1210  1250
 
    ELEM MAT TYP REL ESY SEC        NODES
 
    4381   1   2   1   0   1   1211  1251
    4382   1   2   1   0   1   1212  1252
    4383   1   2   1   0   1   1213  1253
    4384   1   2   1   0   1   1214  1254
    4385   1   2   1   0   1   1215  1255
    4386   1   2   1   0   1   1216  1256
    4387   1   2   1   0   1   1217  1257
    4388   1   2   1   0   1   1218  1258
    4389   1   2   1   0   1   1219  1259
    4390   1   2   1   0   1   1220  1260
    4391   1   2   1   0   1   1221  1261
    4392   1   2   1   0   1   1222  1262
    4393   1   2   1   0   1   1223  1263
    4394   1   2   1   0   1   1224  1264
    4395   1   2   1   0   1   1225  1265
    4396   1   2   1   0   1   1226  1266
    4397   1   2   1   0   1   1227  1267
    4398   1   2   1   0   1   1228  1268
    4399   1   2   1   0   1   1229  1269
    4400   1   2   1   0   1   1230  1270
 
    ELEM MAT TYP REL ESY SEC        NODES
 
    4401   1   2   1   0   1   1232  1272
    4402   1   2   1   0   1   1233  1273
    4403   1   2   1   0   1   1234  1274
    4404   1   2   1   0   1   1235  1275
    4405   1   2   1   0   1   1236  1276
    4406   1   2   1   0   1   1237  1277
    4407   1   2   1   0   1   1238  1278
    4408   1   2   1   0   1   1239  1279
    4409   1   2   1   0   1   1240  1280
    4410   1   2   1   0   1   1241  1281
    4411   1   2   1   0   1   1242  1282
    4412   1   2   1   0   1   1243  1283
    4413   1   2   1   0   1   1244  1284
    4414   1   2   1   0   1   1245  1285
    4415   1   2   1   0   1   1246  1286
    4416   1   2   1   0   1   1247  1287
    4417   1   2   1   0   1   1248  1288
    4418   1   2   1   0   1   1249  1289
    4419   1   2   1   0   1   1250  1290
    4420   1   2   1   0   1   1251  1291
 
    ELEM MAT TYP REL ESY SEC        NODES
 
    4421   1   2   1   0   1   1252  1292
    4422   1   2   1   0   1   1253  1293
    4423   1   2   1   0   1   1254  1294
    4424   1   2   1   0   1   1255  1295
    4425   1   2   1   0   1   1256  1296
    4426   1   2   1   0   1   1257  1297
    4427   1   2   1   0   1   1258  1298
    4428   1   2   1   0   1   1259  1299
    4429   1   2   1   0   1   1260  1300
    4430   1   2   1   0   1   1261  1301
    4431   1   2   1   0   1   1262  1302
    4432   1   2   1   0   1   1263  1303
    4433   1   2   1   0   1   1264  1304
    4434   1   2   1   0   1   1265  1305
    4435   1   2   1   0   1   1266  1306
    4436   1   2   1   0   1   1267  1307
    4437   1   2   1   0   1   1268  1308
    4438   1   2   1   0   1   1269  1309
    4439   1   2   1   0   1   1270  1310
    4440   1   2   1   0   1   1271  1311
 
    ELEM MAT TYP REL ESY SEC        NODES
 
    4441   1   2   1   0   1   1273  1313
    4442   1   2   1   0   1   1274  1314
    4443   1   2   1   0   1   1275  1315
    4444   1   2   1   0   1   1276  1316
    4445   1   2   1   0   1   1277  1317
    4446   1   2   1   0   1   1278  1318
    4447   1   2   1   0   1   1279  1319
    4448   1   2   1   0   1   1280  1320
    4449   1   2   1   0   1   1281  1321
    4450   1   2   1   0   1   1282  1322
    4451   1   2   1   0   1   1283  1323
    4452   1   2   1   0   1   1284  1324
    4453   1   2   1   0   1   1285  1325
    4454   1   2   1   0   1   1286  1326
    4455   1   2   1   0   1   1287  1327
    4456   1   2   1   0   1   1288  1328
    4457   1   2   1   0   1   1289  1329
    4458   1   2   1   0   1   1290  1330
    4459   1   2   1   0   1   1291  1331
    4460   1   2   1   0   1   1292  1332
 
    ELEM MAT TYP REL ESY SEC        NODES
 
    4461   1   2   1   0   1   1293  1333
    4462   1   2   1   0   1   1294  1334
    4463   1   2   1   0   1   1295  1335
    4464   1   2   1   0   1   1296  1336
    4465   1   2   1   0   1   1297  1337
    4466   1   2   1   0   1   1298  1338
    4467   1   2   1   0   1   1299  1339
    4468   1   2   1   0   1   1300  1340
    4469   1   2   1   0   1   1301  1341
    4470   1   2   1   0   1   1302  1342
    4471   1   2   1   0   1   1303  1343
    4472   1   2   1   0   1   1304  1344
    4473   1   2   1   0   1   1305  1345
    4474   1   2   1   0   1   1306  1346
    4475   1   2   1   0   1   1307  1347
    4476   1   2   1   0   1   1308  1348
    4477   1   2   1   0   1   1309  1349
    4478   1   2   1   0   1   1310  1350
    4479   1   2   1   0   1   1311  1351
    4480   1   2   1   0   1   1312  1352
 
    ELEM MAT TYP REL ESY SEC        NODES
 
    4481   1   2   1   0   1   1314  1354
    4482   1   2   1   0   1   1315  1355
    4483   1   2   1   0   1   1316  1356
    4484   1   2   1   0   1   1317  1357
    4485   1   2   1   0   1   1318  1358
    4486   1   2   1   0   1   1319  1359
    4487   1   2   1   0   1   1320  1360
    4488   1   2   1   0   1   1321  1361
    4489   1   2   1   0   1   1322  1362
    4490   1   2   1   0   1   1323  1363
    4491   1   2   1   0   1   1324  1364
    4492   1   2   1   0   1   1325  1365
    4493   1   2   1   0   1   1326  1366
    4494   1   2   1   0   1   1327  1367
    4495   1   2   1   0   1   1328  1368
    4496   1   2   1   0   1   1329  1369
    4497   1   2   1   0   1   1330  1370
    4498   1   2   1   0   1   1331  1371
    4499   1   2   1   0   1   1332  1372
    4500   1   2   1   0   1   1333  1373
 
    ELEM MAT TYP REL ESY SEC        NODES
 
    4501   1   2   1   0   1   1334  1374
    4502   1   2   1   0   1   1335  1375
    4503   1   2   1   0   1   1336  1376
    4504   1   2   1   0   1   1337  1377
    4505   1   2   1   0   1   1338  1378
    4506   1   2   1   0   1   1339  1379
    4507   1   2   1   0   1   1340  1380
    4508   1   2   1   0   1   1341  1381
    4509   1   2   1   0   1   1342  1382
    4510   1   2   1   0   1   1343  1383
    4511   1   2   1   0   1   1344  1384
    4512   1   2   1   0   1   1345  1385
    4513   1   2   1   0   1   1346  1386
    4514   1   2   1   0   1   1347  1387
    4515   1   2   1   0   1   1348  1388
    4516   1   2   1   0   1   1349  1389
    4517   1   2   1   0   1   1350  1390
    4518   1   2   1   0   1   1351  1391
    4519   1   2   1   0   1   1352  1392
    4520   1   2   1   0   1   1353  1393
 
    ELEM MAT TYP REL ESY SEC        NODES
 
    4521   1   2   1   0   1   1355  1395
    4522   1   2   1   0   1   1356  1396
    4523   1   2   1   0   1   1357  1397
    4524   1   2   1   0   1   1358  1398
    4525   1   2   1   0   1   1359  1399
    4526   1   2   1   0   1   1360  1400
    4527   1   2   1   0   1   1361  1401
    4528   1   2   1   0   1   1362  1402
    4529   1   2   1   0   1   1363  1403
    4530   1   2   1   0   1   1364  1404
    4531   1   2   1   0   1   1365  1405
    4532   1   2   1   0   1   1366  1406
    4533   1   2   1   0   1   1367  1407
    4534   1   2   1   0   1   1368  1408
    4535   1   2   1   0   1   1369  1409
    4536   1   2   1   0   1   1370  1410
    4537   1   2   1   0   1   1371  1411
    4538   1   2   1   0   1   1372  1412
    4539   1   2   1   0   1   1373  1413
    4540   1   2   1   0   1   1374  1414
 
    ELEM MAT TYP REL ESY SEC        NODES
 
    4541   1   2   1   0   1   1375  1415
    4542   1   2   1   0   1   1376  1416
    4543   1   2   1   0   1   1377  1417
    4544   1   2   1   0   1   1378  1418
    4545   1   2   1   0   1   1379  1419
    4546   1   2   1   0   1   1380  1420
    4547   1   2   1   0   1   1381  1421
    4548   1   2   1   0   1   1382  1422
    4549   1   2   1   0   1   1383  1423
    4550   1   2   1   0   1   1384  1424
    4551   1   2   1   0   1   1385  1425
    4552   1   2   1   0   1   1386  1426
    4553   1   2   1   0   1   1387  1427
    4554   1   2   1   0   1   1388  1428
    4555   1   2   1   0   1   1389  1429
    4556   1   2   1   0   1   1390  1430
    4557   1   2   1   0   1   1391  1431
    4558   1   2   1   0   1   1392  1432
    4559   1   2   1   0   1   1393  1433
    4560   1   2   1   0   1   1394  1434
 
    ELEM MAT TYP REL ESY SEC        NODES
 
    4561   1   2   1   0   1   1396  1436
    4562   1   2   1   0   1   1397  1437
    4563   1   2   1   0   1   1398  1438
    4564   1   2   1   0   1   1399  1439
    4565   1   2   1   0   1   1400  1440
    4566   1   2   1   0   1   1401  1441
    4567   1   2   1   0   1   1402  1442
    4568   1   2   1   0   1   1403  1443
    4569   1   2   1   0   1   1404  1444
    4570   1   2   1   0   1   1405  1445
    4571   1   2   1   0   1   1406  1446
    4572   1   2   1   0   1   1407  1447
    4573   1   2   1   0   1   1408  1448
    4574   1   2   1   0   1   1409  1449
    4575   1   2   1   0   1   1410  1450
    4576   1   2   1   0   1   1411  1451
    4577   1   2   1   0   1   1412  1452
    4578   1   2   1   0   1   1413  1453
    4579   1   2   1   0   1   1414  1454
    4580   1   2   1   0   1   1415  1455
 
    ELEM MAT TYP REL ESY SEC        NODES
 
    4581   1   2   1   0   1   1416  1456
    4582   1   2   1   0   1   1417  1457
    4583   1   2   1   0   1   1418  1458
    4584   1   2   1   0   1   1419  1459
    4585   1   2   1   0   1   1420  1460
    4586   1   2   1   0   1   1421  1461
    4587   1   2   1   0   1   1422  1462
    4588   1   2   1   0   1   1423  1463
    4589   1   2   1   0   1   1424  1464
    4590   1   2   1   0   1   1425  1465
    4591   1   2   1   0   1   1426  1466
    4592   1   2   1   0   1   1427  1467
    4593   1   2   1   0   1   1428  1468
    4594   1   2   1   0   1   1429  1469
    4595   1   2   1   0   1   1430  1470
    4596   1   2   1   0   1   1431  1471
    4597   1   2   1   0   1   1432  1472
    4598   1   2   1   0   1   1433  1473
    4599   1   2   1   0   1   1434  1474
    4600   1   2   1   0   1   1435  1475
 
    ELEM MAT TYP REL ESY SEC        NODES
 
    4601   1   2   1   0   1   1437  1477
    4602   1   2   1   0   1   1438  1478
    4603   1   2   1   0   1   1439  1479
    4604   1   2   1   0   1   1440  1480
    4605   1   2   1   0   1   1441  1481
    4606   1   2   1   0   1   1442  1482
    4607   1   2   1   0   1   1443  1483
    4608   1   2   1   0   1   1444  1484
    4609   1   2   1   0   1   1445  1485
    4610   1   2   1   0   1   1446  1486
    4611   1   2   1   0   1   1447  1487
    4612   1   2   1   0   1   1448  1488
    4613   1   2   1   0   1   1449  1489
    4614   1   2   1   0   1   1450  1490
    4615   1   2   1   0   1   1451  1491
    4616   1   2   1   0   1   1452  1492
    4617   1   2   1   0   1   1453  1493
    4618   1   2   1   0   1   1454  1494
    4619   1   2   1   0   1   1455  1495
    4620   1   2   1   0   1   1456  1496
 
    ELEM MAT TYP REL ESY SEC        NODES
 
    4621   1   2   1   0   1   1457  1497
    4622   1   2   1   0   1   1458  1498
    4623   1   2   1   0   1   1459  1499
    4624   1   2   1   0   1   1460  1500
    4625   1   2   1   0   1   1461  1501
    4626   1   2   1   0   1   1462  1502
    4627   1   2   1   0   1   1463  1503
    4628   1   2   1   0   1   1464  1504
    4629   1   2   1   0   1   1465  1505
    4630   1   2   1   0   1   1466  1506
    4631   1   2   1   0   1   1467  1507
    4632   1   2   1   0   1   1468  1508
    4633   1   2   1   0   1   1469  1509
    4634   1   2   1   0   1   1470  1510
    4635   1   2   1   0   1   1471  1511
    4636   1   2   1   0   1   1472  1512
    4637   1   2   1   0   1   1473  1513
    4638   1   2   1   0   1   1474  1514
    4639   1   2   1   0   1   1475  1515
    4640   1   2   1   0   1   1476  1516
 
    ELEM MAT TYP REL ESY SEC        NODES
 
    4641   1   2   1   0   1   1478  1518
    4642   1   2   1   0   1   1479  1519
    4643   1   2   1   0   1   1480  1520
    4644   1   2   1   0   1   1481  1521
    4645   1   2   1   0   1   1482  1522
    4646   1   2   1   0   1   1483  1523
    4647   1   2   1   0   1   1484  1524
    4648   1   2   1   0   1   1485  1525
    4649   1   2   1   0   1   1486  1526
    4650   1   2   1   0   1   1487  1527
    4651   1   2   1   0   1   1488  1528
    4652   1   2   1   0   1   1489  1529
    4653   1   2   1   0   1   1490  1530
    4654   1   2   1   0   1   1491  1531
    4655   1   2   1   0   1   1492  1532
    4656   1   2   1   0   1   1493  1533
    4657   1   2   1   0   1   1494  1534
    4658   1   2   1   0   1   1495  1535
    4659   1   2   1   0   1   1496  1536
    4660   1   2   1   0   1   1497  1537
 
    ELEM MAT TYP REL ESY SEC        NODES
 
    4661   1   2   1   0   1   1498  1538
    4662   1   2   1   0   1   1499  1539
    4663   1   2   1   0   1   1500  1540
    4664   1   2   1   0   1   1501  1541
    4665   1   2   1   0   1   1502  1542
    4666   1   2   1   0   1   1503  1543
    4667   1   2   1   0   1   1504  1544
    4668   1   2   1   0   1   1505  1545
    4669   1   2   1   0   1   1506  1546
    4670   1   2   1   0   1   1507  1547
    4671   1   2   1   0   1   1508  1548
    4672   1   2   1   0   1   1509  1549
    4673   1   2   1   0   1   1510  1550
    4674   1   2   1   0   1   1511  1551
    4675   1   2   1   0   1   1512  1552
    4676   1   2   1   0   1   1513  1553
    4677   1   2   1   0   1   1514  1554
    4678   1   2   1   0   1   1515  1555
    4679   1   2   1   0   1   1516  1556
    4680   1   2   1   0   1   1517  1557
 
    ELEM MAT TYP REL ESY SEC        NODES
 
    4681   1   2   1   0   1   1519  1559
    4682   1   2   1   0   1   1520  1560
    4683   1   2   1   0   1   1521  1561
    4684   1   2   1   0   1   1522  1562
    4685   1   2   1   0   1   1523  1563
    4686   1   2   1   0   1   1524  1564
    4687   1   2   1   0   1   1525  1565
    4688   1   2   1   0   1   1526  1566
    4689   1   2   1   0   1   1527  1567
    4690   1   2   1   0   1   1528  1568
    4691   1   2   1   0   1   1529  1569
    4692   1   2   1   0   1   1530  1570
    4693   1   2   1   0   1   1531  1571
    4694   1   2   1   0   1   1532  1572
    4695   1   2   1   0   1   1533  1573
    4696   1   2   1   0   1   1534  1574
    4697   1   2   1   0   1   1535  1575
    4698   1   2   1   0   1   1536  1576
    4699   1   2   1   0   1   1537  1577
    4700   1   2   1   0   1   1538  1578
 
    ELEM MAT TYP REL ESY SEC        NODES
 
    4701   1   2   1   0   1   1539  1579
    4702   1   2   1   0   1   1540  1580
    4703   1   2   1   0   1   1541  1581
    4704   1   2   1   0   1   1542  1582
    4705   1   2   1   0   1   1543  1583
    4706   1   2   1   0   1   1544  1584
    4707   1   2   1   0   1   1545  1585
    4708   1   2   1   0   1   1546  1586
    4709   1   2   1   0   1   1547  1587
    4710   1   2   1   0   1   1548  1588
    4711   1   2   1   0   1   1549  1589
    4712   1   2   1   0   1   1550  1590
    4713   1   2   1   0   1   1551  1591
    4714   1   2   1   0   1   1552  1592
    4715   1   2   1   0   1   1553  1593
    4716   1   2   1   0   1   1554  1594
    4717   1   2   1   0   1   1555  1595
    4718   1   2   1   0   1   1556  1596
    4719   1   2   1   0   1   1557  1597
    4720   1   2   1   0   1   1558  1598
 
    ELEM MAT TYP REL ESY SEC        NODES
 
    4721   1   2   1   0   1   1560  1600
    4722   1   2   1   0   1   1561  1601
    4723   1   2   1   0   1   1562  1602
    4724   1   2   1   0   1   1563  1603
    4725   1   2   1   0   1   1564  1604
    4726   1   2   1   0   1   1565  1605
    4727   1   2   1   0   1   1566  1606
    4728   1   2   1   0   1   1567  1607
    4729   1   2   1   0   1   1568  1608
    4730   1   2   1   0   1   1569  1609
    4731   1   2   1   0   1   1570  1610
    4732   1   2   1   0   1   1571  1611
    4733   1   2   1   0   1   1572  1612
    4734   1   2   1   0   1   1573  1613
    4735   1   2   1   0   1   1574  1614
    4736   1   2   1   0   1   1575  1615
    4737   1   2   1   0   1   1576  1616
    4738   1   2   1   0   1   1577  1617
    4739   1   2   1   0   1   1578  1618
    4740   1   2   1   0   1   1579  1619
 
    ELEM MAT TYP REL ESY SEC        NODES
 
    4741   1   2   1   0   1   1580  1620
    4742   1   2   1   0   1   1581  1621
    4743   1   2   1   0   1   1582  1622
    4744   1   2   1   0   1   1583  1623
    4745   1   2   1   0   1   1584  1624
    4746   1   2   1   0   1   1585  1625
    4747   1   2   1   0   1   1586  1626
    4748   1   2   1   0   1   1587  1627
    4749   1   2   1   0   1   1588  1628
    4750   1   2   1   0   1   1589  1629
    4751   1   2   1   0   1   1590  1630
    4752   1   2   1   0   1   1591  1631
    4753   1   2   1   0   1   1592  1632
    4754   1   2   1   0   1   1593  1633
    4755   1   2   1   0   1   1594  1634
    4756   1   2   1   0   1   1595  1635
    4757   1   2   1   0   1   1596  1636
    4758   1   2   1   0   1   1597  1637
    4759   1   2   1   0   1   1598  1638
    4760   1   2   1   0   1   1599  1639
 
    ELEM MAT TYP REL ESY SEC        NODES
 
    4761   1   2   1   0   1   1601  1641
    4762   1   2   1   0   1   1602  1642
    4763   1   2   1   0   1   1603  1643
    4764   1   2   1   0   1   1604  1644
    4765   1   2   1   0   1   1605  1645
    4766   1   2   1   0   1   1606  1646
    4767   1   2   1   0   1   1607  1647
    4768   1   2   1   0   1   1608  1648
    4769   1   2   1   0   1   1609  1649
    4770   1   2   1   0   1   1610  1650
    4771   1   2   1   0   1   1611  1651
    4772   1   2   1   0   1   1612  1652
    4773   1   2   1   0   1   1613  1653
    4774   1   2   1   0   1   1614  1654
    4775   1   2   1   0   1   1615  1655
    4776   1   2   1   0   1   1616  1656
    4777   1   2   1   0   1   1617  1657
    4778   1   2   1   0   1   1618  1658
    4779   1   2   1   0   1   1619  1659
    4780   1   2   1   0   1   1620  1660
 
    ELEM MAT TYP REL ESY SEC        NODES
 
    4781   1   2   1   0   1   1621  1661
    4782   1   2   1   0   1   1622  1662
    4783   1   2   1   0   1   1623  1663
    4784   1   2   1   0   1   1624  1664
    4785   1   2   1   0   1   1625  1665
    4786   1   2   1   0   1   1626  1666
    4787   1   2   1   0   1   1627  1667
    4788   1   2   1   0   1   1628  1668
    4789   1   2   1   0   1   1629  1669
    4790   1   2   1   0   1   1630  1670
    4791   1   2   1   0   1   1631  1671
    4792   1   2   1   0   1   1632  1672
    4793   1   2   1   0   1   1633  1673
    4794   1   2   1   0   1   1634  1674
    4795   1   2   1   0   1   1635  1675
    4796   1   2   1   0   1   1636  1676
    4797   1   2   1   0   1   1637  1677
    4798   1   2   1   0   1   1638  1678
    4799   1   2   1   0   1   1639  1679
    4800   1   2   1   0   1   1640  1680

